App,Category,Rating,Reviews,Size,Installs,Type,Price,Content Rating,Genres,Last Updated,Current_Ver,Android_Ver
PE&CC&G&S,ART_AND_DESIGN,4.1,159,19.0,10000.0,Free,0.0,Everyone,Art & Design,2018-01-07,0.0,4.0.3 and up
Coloring book moana,ART_AND_DESIGN,3.9,967,14.0,500000.0,Free,0.0,Everyone,Art & Design;Pretend Play,2018-01-15,0.0,4.0.3 and up
ULL–FLCTHA,ART_AND_DESIGN,4.7,87510,8.7,5000000.0,Free,0.0,Everyone,Art & Design,2018-08-01,0.0,4.0.3 and up
S-D&P,ART_AND_DESIGN,4.5,215644,25.0,50000000.0,Free,0.0,Teen,Art & Design,2018-06-08,0.0,4.2 and up
PD-NACB,ART_AND_DESIGN,4.3,967,2.8,100000.0,Free,0.0,Everyone,Art & Design;Creativity,2018-06-20,1.1,4.4 and up
PFI,ART_AND_DESIGN,4.4,167,5.6,50000.0,Free,0.0,Everyone,Art & Design,2017-03-26,1.0,2.3 and up
SEPM-SE,ART_AND_DESIGN,3.8,178,19.0,50000.0,Free,0.0,Everyone,Art & Design,2018-04-26,1.1,4.0.3 and up
Infinite Painter,ART_AND_DESIGN,4.1,36815,29.0,1000000.0,Free,0.0,Everyone,Art & Design,2018-06-14,0.0,4.2 and up
Garden Coloring Book,ART_AND_DESIGN,4.4,13791,33.0,1000000.0,Free,0.0,Everyone,Art & Design,2017-09-20,0.0,3.0 and up
KPF-DF,ART_AND_DESIGN,4.7,121,3.1,10000.0,Free,0.0,Everyone,Art & Design;Creativity,2018-07-03,2.8,4.0.3 and up
TOP-F,ART_AND_DESIGN,4.4,13880,28.0,1000000.0,Free,0.0,Everyone,Art & Design,2017-10-27,0.0,4.1 and up
NAPE-FNF,ART_AND_DESIGN,4.4,8788,12.0,1000000.0,Free,0.0,Everyone,Art & Design,2018-07-31,0.0,4.0 and up
TNOMPE,ART_AND_DESIGN,4.2,44829,20.0,10000000.0,Free,0.0,Teen,Art & Design,2018-04-02,3.8,4.1 and up
MCB,ART_AND_DESIGN,4.6,4326,21.0,100000.0,Free,0.0,Everyone,Art & Design,2018-06-26,0.0,4.4 and up
3CPBN-SAC,ART_AND_DESIGN,4.4,1518,37.0,100000.0,Free,0.0,Everyone,Art & Design,2018-08-03,0.0,2.3 and up
PD-WYNWS,ART_AND_DESIGN,4.7,3632,5.5,500000.0,Free,0.0,Everyone,Art & Design,2018-07-31,3.1,4.1 and up
3DRDI,ART_AND_DESIGN,4.5,27,17.0,10000.0,Free,0.0,Everyone,Art & Design,2017-11-07,1.0,2.3 and up
F-CA,ART_AND_DESIGN,4.3,194216,39.0,5000000.0,Free,0.0,Everyone,Art & Design,2018-08-03,0.0,4.0.3 and up
ibis Paint X,ART_AND_DESIGN,4.6,224399,31.0,10000000.0,Free,0.0,Everyone,Art & Design,2018-07-30,0.0,4.1 and up
LM-SB,ART_AND_DESIGN,4.0,450,14.0,100000.0,Free,0.0,Everyone,Art & Design,2018-04-20,4.0,4.1 and up
BPE-SP&MS,ART_AND_DESIGN,4.1,654,12.0,100000.0,Free,0.0,Everyone,Art & Design,2018-03-20,1.1,4.0.3 and up
SW|4B,ART_AND_DESIGN,4.7,7699,4.2,500000.0,Free,0.0,Everyone 10+,Art & Design,2018-07-12,0.0,4.0.3 and up
HMMW,ART_AND_DESIGN,4.7,118,23.0,50000.0,Free,0.0,Everyone,Art & Design,2018-07-07,0.0,4.1 and up
HQWH,ART_AND_DESIGN,4.8,192,6.0,10000.0,Free,0.0,Everyone,Art & Design,2018-04-25,1.5,3.0 and up
C-D&C,ART_AND_DESIGN,4.7,20260,25.0,500000.0,Free,0.0,Everyone,Art & Design;Creativity,2017-10-11,0.0,4.0.3 and up
APE,ART_AND_DESIGN,4.1,203,6.1,100000.0,Free,0.0,Everyone,Art & Design,2018-03-21,1.03,4.0.3 and up
PSD,ART_AND_DESIGN,3.9,136,4.6,10000.0,Free,0.0,Everyone,Art & Design,2018-07-12,6.0,2.3 and up
ERDT,ART_AND_DESIGN,4.1,223,4.2,100000.0,Free,0.0,Everyone,Art & Design,2017-08-22,1.0,2.3 and up
PSBKT,ART_AND_DESIGN,4.2,1120,9.2,100000.0,Free,0.0,Everyone,Art & Design,2018-07-12,0.0,4.0.3 and up
Art Drawing Ideas,ART_AND_DESIGN,4.1,227,5.2,50000.0,Free,0.0,Everyone,Art & Design,2018-05-31,1.2,2.3 and up
AMCB,ART_AND_DESIGN,4.5,5035,11.0,100000.0,Free,0.0,Everyone,Art & Design,2018-07-19,2.2,4.0 and up
Easy Origami Ideas,ART_AND_DESIGN,4.2,1015,11.0,100000.0,Free,0.0,Everyone,Art & Design,2018-01-06,0.0,4.1 and up
I Creative Idea,ART_AND_DESIGN,4.7,353,4.2,10000.0,Free,0.0,Teen,Art & Design,2018-04-27,1.6,4.1 and up
HTDLACN,ART_AND_DESIGN,3.8,564,9.2,100000.0,Free,0.0,Everyone,Art & Design,2018-07-11,2.1,4.1 and up
U-CBN&PAC,ART_AND_DESIGN,4.7,8145,24.0,500000.0,Free,0.0,Everyone,Art & Design;Creativity,2018-08-02,0.0,4.4 and up
PC-PCM,ART_AND_DESIGN,4.7,158,11.0,10000.0,Free,0.0,Everyone,Art & Design,2017-11-29,1.3,4.0.3 and up
HTCDP-CP,ART_AND_DESIGN,4.0,591,9.4,500000.0,Free,0.0,Everyone,Art & Design,2018-03-31,1.0,4.0 and up
DCFI,ART_AND_DESIGN,4.2,117,15.0,10000.0,Free,0.0,Everyone,Art & Design,2018-07-20,0.0,4.0.3 and up
SPPF2,ART_AND_DESIGN,4.5,176,10.0,100000.0,Free,0.0,Everyone,Art & Design,2018-04-02,1.0,4.0.3 and up
Paint Splash!,ART_AND_DESIGN,3.8,2206,1.2,100000.0,Free,0.0,Everyone,Art & Design;Creativity,2018-04-15,1.46,4.1 and up
PSASDCI,ART_AND_DESIGN,4.2,26,12.0,10000.0,Free,0.0,Everyone,Art & Design,2018-01-03,0.0,4.1 and up
CPBCM&GD,ART_AND_DESIGN,4.7,174531,24.0,10000000.0,Free,0.0,Everyone,Art & Design,2018-07-31,0.0,4.1 and up
IIWMTMVWN-2,ART_AND_DESIGN,4.6,1070,26.0,100000.0,Free,0.0,Everyone,Art & Design,2017-11-14,1.6,4.1 and up
LTBCBG,ART_AND_DESIGN,4.2,85,8.0,100000.0,Free,0.0,Everyone,Art & Design,2017-12-17,0.0,4.1 and up
How To Draw Food,ART_AND_DESIGN,4.3,845,7.9,100000.0,Free,0.0,Everyone,Art & Design,2018-05-28,1.0,2.3 and up
MTS32,AUTO_AND_VEHICLES,4.2,367,25.0,100000.0,Free,0.0,Everyone,Auto & Vehicles,2018-05-10,1.0,4.0.3 and up
Real Tractor Farming,AUTO_AND_VEHICLES,4.0,1598,56.0,1000000.0,Free,0.0,Everyone,Auto & Vehicles,2018-07-26,11.0,4.1 and up
UFRC,AUTO_AND_VEHICLES,3.8,284,57.0,100000.0,Free,0.0,Everyone,Auto & Vehicles,2018-07-26,3.0,4.1 and up
AMCR,AUTO_AND_VEHICLES,3.9,129,35.0,100000.0,Free,0.0,Everyone,Auto & Vehicles,2018-07-26,3.0,4.1 and up
OOTDTT2,AUTO_AND_VEHICLES,4.3,542,33.0,100000.0,Free,0.0,Everyone,Auto & Vehicles,2018-07-31,4.0,4.1 and up
TS2AEFTSTSIWD,AUTO_AND_VEHICLES,4.9,10479,33.0,100000.0,Free,0.0,Everyone,Auto & Vehicles,2018-07-18,0.0,4.0 and up
GP(O,AUTO_AND_VEHICLES,4.4,805,5.6,50000.0,Free,0.0,Everyone,Auto & Vehicles,2018-07-29,0.0,4.4 and up
ERC,AUTO_AND_VEHICLES,4.2,129,54.0,100000.0,Free,0.0,Everyone,Auto & Vehicles,2018-07-26,3.0,4.1 and up
Restart Navigator,AUTO_AND_VEHICLES,4.0,1403,201.0,100000.0,Free,0.0,Everyone,Auto & Vehicles,2014-08-26,0.0,2.2 and up
R-CTRFIASV,AUTO_AND_VEHICLES,3.9,3971,3.6,100000.0,Free,0.0,Everyone,Auto & Vehicles,2018-07-30,2.493,4.4 and up
CityBus Lviv,AUTO_AND_VEHICLES,4.6,534,5.7,10000.0,Free,0.0,Everyone,Auto & Vehicles,2018-07-08,0.0,4.0.3 and up
CPT2E,AUTO_AND_VEHICLES,4.9,7774,17.0,100000.0,Free,0.0,Everyone,Auto & Vehicles,2018-07-03,1.7,4.2 and up
E(BIMTRT,AUTO_AND_VEHICLES,4.3,38846,8.6,1000000.0,Free,0.0,Everyone,Auto & Vehicles,2018-07-28,2.2002,4.1 and up
FVRFUC,AUTO_AND_VEHICLES,4.6,2431,2.4,100000.0,Free,0.0,Everyone,Auto & Vehicles,2018-06-12,1.37,4.0 and up
DPPT2E,AUTO_AND_VEHICLES,4.9,6090,27.0,100000.0,Free,0.0,Everyone,Auto & Vehicles,2018-07-03,1.7,4.2 and up
Check Vehicle Tax,AUTO_AND_VEHICLES,3.9,295,2.7,10000.0,Free,0.0,Everyone,Auto & Vehicles,2018-07-30,0.0,4.4 and up
Used Cars Mexico,AUTO_AND_VEHICLES,4.0,190,2.5,50000.0,Free,0.0,Everyone,Auto & Vehicles,2016-10-14,1.0,2.3 and up
UCFS-T,AUTO_AND_VEHICLES,4.2,52530,7.0,5000000.0,Free,0.0,Everyone,Auto & Vehicles,2018-07-16,0.0,4.0.3 and up
FOTSTSIAOIPOF,AUTO_AND_VEHICLES,4.8,116986,35.0,5000000.0,Free,0.0,Everyone,Auto & Vehicles,2018-08-02,0.0,4.0.3 and up
SEDM-UCS,AUTO_AND_VEHICLES,3.6,1379,16.0,500000.0,Free,0.0,Everyone,Auto & Vehicles,2018-08-02,0.0,4.2 and up
AA-MMM&V,AUTO_AND_VEHICLES,4.2,271920,16.0,10000000.0,Free,0.0,Teen,Auto & Vehicles,2018-07-11,0.0,5.0 and up
TS2+ER,AUTO_AND_VEHICLES,4.8,7021,17.0,500000.0,Free,0.0,Everyone,Auto & Vehicles,2018-07-27,1.79,4.0 and up
SCWAB,AUTO_AND_VEHICLES,4.6,197,3.4,50000.0,Free,0.0,Everyone,Auto & Vehicles,2018-06-14,1.3,4.0 and up
PLS&FM,AUTO_AND_VEHICLES,4.5,737,8.9,100000.0,Free,0.0,Everyone,Auto & Vehicles,2018-06-08,0.0,4.1 and up
PD(CR,AUTO_AND_VEHICLES,4.3,3574,3.9,1000000.0,Free,0.0,Everyone 10+,Auto & Vehicles,2018-07-04,1.6,4.0 and up
Best Car Wallpapers,AUTO_AND_VEHICLES,4.5,994,2.9,100000.0,Free,0.0,Everyone,Auto & Vehicles,2018-03-27,1.6,4.1 and up
T+P2E,AUTO_AND_VEHICLES,4.9,197136,38.0,1000000.0,Free,0.0,Everyone,Auto & Vehicles,2018-07-15,8.31,4.1 and up
PYPG,AUTO_AND_VEHICLES,3.9,142,32.0,50000.0,Free,0.0,Everyone,Auto & Vehicles,2018-07-24,0.0,6.0 and up
PB&SC,AUTO_AND_VEHICLES,4.4,15168,37.0,1000000.0,Free,0.0,Everyone,Auto & Vehicles,2018-07-27,0.0,4.2 and up
Supervision service,AUTO_AND_VEHICLES,4.0,2155,15.0,500000.0,Free,0.0,Everyone,Auto & Vehicles,2018-07-30,0.0,5.0 and up
SCD-T&SA,AUTO_AND_VEHICLES,4.3,138,5.4,100000.0,Free,0.0,Everyone,Auto & Vehicles,2018-07-23,1.0,4.0.3 and up
UCSGNWCGTN,AUTO_AND_VEHICLES,3.7,5414,18.0,1000000.0,Free,0.0,Everyone,Auto & Vehicles,2018-07-23,0.0,4.4 and up
BEST CAR SOUNDS,AUTO_AND_VEHICLES,4.3,348,38.0,100000.0,Free,0.0,Everyone,Auto & Vehicles,2018-07-29,0.0,2.3 and up
R-SOCOTP,AUTO_AND_VEHICLES,3.2,250,1.1,100000.0,Free,0.0,Everyone,Auto & Vehicles,2018-04-27,1.4,4.0.3 and up
SMS Park,AUTO_AND_VEHICLES,4.5,3617,7.9,100000.0,Free,0.0,Everyone,Auto & Vehicles,2018-05-16,0.0,4.1 and up
SKencar,AUTO_AND_VEHICLES,3.7,4806,35.0,1000000.0,Free,0.0,Everyone,Auto & Vehicles,2018-07-31,0.0,4.0.3 and up
auto fines,AUTO_AND_VEHICLES,4.6,31433,17.0,1000000.0,Free,0.0,Everyone,Auto & Vehicles,2018-08-02,1.4,4.0.3 and up
UCITFC-UCPUCQDIT,AUTO_AND_VEHICLES,4.6,5097,19.0,1000000.0,Free,0.0,Everyone,Auto & Vehicles,2018-07-23,0.0,4.0.3 and up
AOTPL-NPA(LS/PS/DP,AUTO_AND_VEHICLES,4.0,1754,14.0,500000.0,Free,0.0,Everyone,Auto & Vehicles,2018-06-02,0.0,4.0 and up
IFADOV,AUTO_AND_VEHICLES,4.4,2680,2.2,500000.0,Free,0.0,Everyone,Auto & Vehicles,2018-03-20,1.03,4.0.3 and up
Gas Station,AUTO_AND_VEHICLES,4.0,1288,4.5,100000.0,Free,0.0,Everyone,Auto & Vehicles,2018-04-21,2.17,4.0 and up
H-BFE,BEAUTY,4.7,18900,17.0,500000.0,Free,0.0,Everyone,Beauty,2018-08-02,0.0,5.0 and up
IMBAT,BEAUTY,4.9,49790,14.0,1000000.0,Free,0.0,Everyone,Beauty,2017-11-09,0.0,4.1 and up
NRFYB,BEAUTY,4.7,1150,9.8,100000.0,Free,0.0,Everyone,Beauty,2018-05-15,4.0,4.1 and up
BSBCPE,BEAUTY,3.9,1739,21.0,500000.0,Free,0.0,Everyone,Beauty,2018-07-12,0.0,4.0.3 and up
Beauty Selfie Camera,BEAUTY,4.2,2225,52.0,500000.0,Free,0.0,Everyone,Beauty,2018-02-28,1.6,4.1 and up
HSBS,BEAUTY,4.6,4369,14.0,100000.0,Free,0.0,Everyone,Beauty,2018-07-25,1.9,4.0.3 and up
Filters for Selfie,BEAUTY,4.3,8572,25.0,1000000.0,Free,0.0,Everyone,Beauty,2018-05-10,0.0,4.0 and up
T-ABH,BEAUTY,4.7,964,9.0,50000.0,Free,0.0,Everyone,Beauty,2018-06-21,4.0,4.2 and up
Prom MakeUp Tutorial,BEAUTY,4.8,104,12.0,10000.0,Free,0.0,Everyone,Beauty,2018-06-26,1.3,4.0.3 and up
SSBC,BEAUTY,4.3,601,35.0,100000.0,Free,0.0,Everyone,Beauty,2018-06-02,0.0,4.0 and up
COWIU,BEAUTY,4.5,36,6.7,10000.0,Free,0.0,Everyone,Beauty,2018-07-26,6.0,4.0 and up
SCPE&F&S,BEAUTY,4.1,187,30.0,50000.0,Free,0.0,Teen,Beauty,2018-07-24,0.0,4.0.3 and up
EMBT,BEAUTY,4.2,30,2.9,10000.0,Free,0.0,Everyone,Beauty,2018-04-09,0.0,4.0.3 and up
Photo Editor 2018,BEAUTY,4.5,134,17.0,10000.0,Free,0.0,Everyone,Beauty,2018-03-01,1.2,4.0.3 and up
SBSEMT,BEAUTY,4.4,74,2.9,10000.0,Free,0.0,Everyone,Beauty,2018-04-05,0.0,4.0.3 and up
MC(+SC,BEAUTY,4.1,9315,2.6,1000000.0,Free,0.0,Everyone,Beauty,2017-11-21,0.0,4.0 and up
BT-BTIS,BEAUTY,4.4,75,4.2,50000.0,Free,0.0,Everyone,Beauty,2017-10-18,0.0,4.0.3 and up
HTV,BEAUTY,4.6,38,7.1,10000.0,Free,0.0,Everyone,Beauty,2018-05-29,1.0,4.0 and up
SSCBM&FS,BEAUTY,4.5,26834,57.0,1000000.0,Free,0.0,Everyone,Beauty,2018-07-24,18.5,5.0 and up
SC-SFBC,BEAUTY,3.9,2277,22.0,500000.0,Free,0.0,Everyone,Beauty,2018-07-12,0.0,4.0.3 and up
Filters for B Live,BEAUTY,4.4,2280,24.0,500000.0,Free,0.0,Everyone,Beauty,2018-05-14,0.0,4.0 and up
FWR,BEAUTY,4.6,184,21.0,10000.0,Free,0.0,Everyone,Beauty,2018-07-02,1.5,4.1 and up
Makeup Videos,BEAUTY,3.8,9,3.4,5000.0,Free,0.0,Everyone,Beauty,2018-06-07,1.0,4.0 and up
Discover Color,BEAUTY,4.0,364,6.4,100000.0,Free,0.0,Everyone,Beauty,2018-05-24,1.1,4.0.3 and up
ESBS2,BEAUTY,4.3,18,3.2,5000.0,Free,0.0,Everyone,Beauty,2018-06-01,0.0,4.0.3 and up
DI&F+,BEAUTY,4.5,473,8.2,100000.0,Free,0.0,Mature 17+,Beauty,2017-03-01,0.0,1.6 and up
SBSHFW,BEAUTY,4.1,66,2.9,10000.0,Free,0.0,Everyone,Beauty,2018-04-05,0.0,4.0.3 and up
Rainbow Camera,BEAUTY,3.7,3871,23.0,1000000.0,Free,0.0,Everyone,Beauty,2018-07-30,0.0,4.0 and up
MOTW,BEAUTY,4.7,257,4.6,50000.0,Free,0.0,Everyone,Beauty,2017-08-07,1.0,4.0.3 and up
GH2,BEAUTY,4.2,62,3.1,10000.0,Free,0.0,Everyone,Beauty,2018-05-28,0.0,4.0.3 and up
ER-RBFF,BOOKS_AND_REFERENCE,4.5,1857,4.9,50000.0,Free,0.0,Everyone,Books & Reference,2018-08-03,0.0,4.4 and up
DFBWGB,BOOKS_AND_REFERENCE,4.6,4478,9.5,100000.0,Free,0.0,Everyone 10+,Books & Reference,2017-07-31,1.1,4.0 and up
FPRM,BOOKS_AND_REFERENCE,4.5,418,4.2,100000.0,Free,0.0,Everyone,Books & Reference,2018-03-27,2.1,4.1 and up
Book store,BOOKS_AND_REFERENCE,4.4,22486,5.4,1000000.0,Free,0.0,Teen,Books & Reference,2018-06-06,0.0,4.0 and up
EGCH,BOOKS_AND_REFERENCE,4.6,1435,2.8,500000.0,Free,0.0,Everyone,Books & Reference,2018-01-21,1.0,4.0 and up
FB-SFAS,BOOKS_AND_REFERENCE,4.8,116507,5.0,1000000.0,Free,0.0,Teen,Books & Reference,2018-08-01,0.0,4.0.3 and up
A-TBR,BOOKS_AND_REFERENCE,4.6,90468,5.9,5000000.0,Free,0.0,Everyone,Books & Reference,2018-05-27,1.91180527,2.3 and up
OED,BOOKS_AND_REFERENCE,4.2,860,13.0,100000.0,Free,0.0,Everyone,Books & Reference,2018-07-17,1.0,4.0.3 and up
ODOE:F,BOOKS_AND_REFERENCE,4.1,363934,7.1,10000000.0,Free,0.0,Everyone,Books & Reference,2018-07-11,0.0,4.1 and up
OETTD,BOOKS_AND_REFERENCE,4.7,967,6.7,500000.0,Free,0.0,Everyone,Books & Reference,2018-08-04,0.0,4.0.3 and up
FamilySearch Tree,BOOKS_AND_REFERENCE,4.3,17506,17.0,1000000.0,Free,0.0,Everyone,Books & Reference,2018-07-20,0.0,4.1 and up
Cloud of Books,BOOKS_AND_REFERENCE,3.3,1862,19.0,1000000.0,Free,0.0,Everyone,Books & Reference,2018-04-27,0.0,4.1 and up
ROPMFF,BOOKS_AND_REFERENCE,4.6,2084,6.7,500000.0,Free,0.0,Everyone,Books & Reference,2018-05-17,15.0,2.3 and up
R–FER,BOOKS_AND_REFERENCE,4.8,47303,21.0,1000000.0,Free,0.0,Everyone,Books & Reference,2018-06-02,0.0,4.1 and up
Ebook Reader,BOOKS_AND_REFERENCE,4.1,85842,37.0,5000000.0,Free,0.0,Everyone,Books & Reference,2018-06-25,0.0,4.0 and up
Litnet - E-books,BOOKS_AND_REFERENCE,4.6,7831,15.0,100000.0,Free,0.0,Teen,Books & Reference,2018-07-04,0.0,4.0 and up
Read books online,BOOKS_AND_REFERENCE,4.1,91615,23.0,5000000.0,Free,0.0,Mature 17+,Books & Reference,2018-06-29,3.12,4.1 and up
ETUD,BOOKS_AND_REFERENCE,4.6,4620,19.0,500000.0,Free,0.0,Everyone,Books & Reference,2017-11-23,2.0,4.0.3 and up
EBRFEZ,BOOKS_AND_REFERENCE,4.7,21336,23.0,1000000.0,Free,0.0,Everyone,Books & Reference,2018-06-20,1.28,3.0 and up
EPD,BOOKS_AND_REFERENCE,4.5,26875,73.0,500000.0,Free,0.0,Everyone,Books & Reference,2018-08-01,0.0,4.0.3 and up
Flybook,BOOKS_AND_REFERENCE,3.9,1778,4.9,500000.0,Free,0.0,Mature 17+,Books & Reference,2014-10-16,0.0,2.1 and up
All Maths Formulas,BOOKS_AND_REFERENCE,4.4,2709,6.8,1000000.0,Free,0.0,Everyone,Books & Reference,2018-07-11,1.9,4.4 and up
ETFB,BOOKS_AND_REFERENCE,4.5,527,2.9,100000.0,Free,0.0,Everyone,Books & Reference,2018-03-31,14.0,4.0 and up
PBD-RPB,BOOKS_AND_REFERENCE,4.4,1322,3.5,100000.0,Free,0.0,Everyone,Books & Reference,2018-05-28,6.0,4.0.3 and up
Free Book Reader,BOOKS_AND_REFERENCE,3.4,1680,4.0,100000.0,Free,0.0,Everyone,Books & Reference,2016-08-20,3.05,4.0.3 and up
ENRFFEZB,BOOKS_AND_REFERENCE,4.9,2739,21.0,50000.0,Free,0.0,Everyone,Books & Reference,2018-07-17,2.0,3.0 and up
O3DIETGIG,BOOKS_AND_REFERENCE,4.6,1065,2.3,500000.0,Free,0.0,Everyone,Books & Reference,2018-06-16,1.5,3.0 and up
ED,BOOKS_AND_REFERENCE,4.4,8788,10.0,1000000.0,Free,0.0,Everyone,Books & Reference,2018-07-28,0.0,4.0 and up
GD(,BOOKS_AND_REFERENCE,4.4,51269,6.1,1000000.0,Free,0.0,Everyone,Books & Reference,2018-07-19,0.0,4.2 and up
ALTF,BOOKS_AND_REFERENCE,4.4,30105,2.1,1000000.0,Free,0.0,Everyone,Books & Reference,2018-07-29,1.15,4.0.3 and up
Azpen eReader,BOOKS_AND_REFERENCE,3.5,156,42.0,500000.0,Free,0.0,Everyone,Books & Reference,2018-02-15,0.0,2.2 and up
ED-O,BOOKS_AND_REFERENCE,4.4,341157,30.0,10000000.0,Free,0.0,Everyone 10+,Books & Reference,2018-03-20,0.0,4.2 and up
ADP Mobile Solutions,BUSINESS,4.3,85185,29.0,5000000.0,Free,0.0,Everyone,Business,2018-07-17,0.0,5.0 and up
O:FO+PE,BUSINESS,4.3,1002861,35.0,100000000.0,Free,0.0,Everyone,Business,2018-08-02,0.0,4.1 and up
USPS MOBILE®,BUSINESS,3.9,16589,9.1,1000000.0,Free,0.0,Everyone,Business,2018-06-14,0.0,4.0.3 and up
JSBZ,BUSINESS,4.8,148945,25.0,1000000.0,Free,0.0,Everyone,Business,2018-07-19,0.0,5.0 and up
CVACBFRM,BUSINESS,4.5,4458,3.9,500000.0,Free,0.0,Everyone,Business,2018-07-08,3.3,4.1 and up
Google Primer,BUSINESS,4.4,62272,18.0,10000000.0,Free,0.0,Everyone,Business,2018-06-26,0.0,4.1 and up
AH-AJPS,BUSINESS,4.0,8941,12.0,5000000.0,Free,0.0,Everyone,Business,2018-07-31,0.0,4.0.3 and up
SuperLivePro,BUSINESS,4.3,46353,21.0,1000000.0,Free,0.0,Everyone,Business,2016-04-13,2.8,1.5 and up
POFL,BUSINESS,4.2,30847,55.0,5000000.0,Free,0.0,Everyone,Business,2018-02-08,0.0,4.1 and up
Call Blocker,BUSINESS,4.6,188841,3.2,5000000.0,Free,0.0,Everyone,Business,2018-06-21,0.0,4.0 and up
Plugin:AOT v5.0,BUSINESS,3.1,4034,23.0,100000.0,Free,0.0,Everyone,Business,2015-09-11,0.0,2.2 and up
Kariyer.net,BUSINESS,3.9,45964,16.0,1000000.0,Free,0.0,Everyone,Business,2018-07-18,0.0,4.1 and up
BAJ-FAJOA,BUSINESS,4.1,6903,14.0,1000000.0,Free,0.0,Everyone,Business,2018-07-10,0.0,4.1 and up
ZOOM Cloud Meetings,BUSINESS,4.4,31614,37.0,10000000.0,Free,0.0,Everyone,Business,2018-07-20,0.0,4.0 and up
ISPBS&T,BUSINESS,4.5,207372,11.0,5000000.0,Free,0.0,Everyone,Business,2018-08-02,0.0,4.0 and up
VED,BUSINESS,4.4,1225,25.0,100000.0,Free,0.0,Everyone,Business,2018-08-01,0.0,4.1 and up
M-SC,BUSINESS,4.4,380837,7.3,10000000.0,Free,0.0,Everyone,Business,2018-07-04,0.0,4.2 and up
JK-CJ,BUSINESS,4.3,10600,6.5,1000000.0,Free,0.0,Everyone,Business,2018-08-01,0.0,4.0 and up
1LFAJ-LFAJLFAJLFAPJHCRTR,BUSINESS,4.4,74359,25.0,1000000.0,Free,0.0,Everyone,Business,2018-07-27,0.0,4.0 and up
Myanmar 2D/3D,BUSINESS,4.6,822,3.1,100000.0,Free,0.0,Everyone,Business,2018-06-08,1.5,4.0.3 and up
sABN,BUSINESS,4.4,2287,1.5,1000000.0,Free,0.0,Everyone,Business,2018-03-26,4.9,2.2 and up
ACAT,BUSINESS,4.7,4162,7.5,100000.0,Free,0.0,Everyone,Business,2018-07-24,0.0,4.0.3 and up
Secure Folder,BUSINESS,3.8,14760,8.6,50000000.0,Free,0.0,Everyone,Business,2018-01-31,0.0,7.0 and up
TS-PSA,BUSINESS,4.7,286897,39.0,10000000.0,Free,0.0,Everyone,Business,2017-05-30,0.0,3.0 and up
FS:FPS,BUSINESS,4.5,103755,14.0,10000000.0,Free,0.0,Everyone,Business,2018-07-11,0.0,4.1 and up
MDS(L,BUSINESS,4.2,46505,19.0,1000000.0,Free,0.0,Everyone,Business,2018-08-02,0.0,4.1 and up
TSDARIP,BUSINESS,4.7,11442,6.8,100000.0,Paid,4.99,Everyone,Business,2018-03-25,0.0,4.0 and up
TSPPDS,BUSINESS,4.8,10295,39.0,100000.0,Paid,4.99,Everyone,Business,2017-04-11,0.0,3.0 and up
Zenefits,BUSINESS,4.2,296,14.0,50000.0,Free,0.0,Everyone,Business,2018-06-15,0.0,4.1 and up
Google Ads,BUSINESS,4.3,29313,20.0,5000000.0,Free,0.0,Everyone,Business,2018-07-30,0.0,4.0.3 and up
FreshBooks Classic,BUSINESS,4.1,1802,26.0,100000.0,Free,0.0,Everyone,Business,2018-04-18,0.0,4.2 and up
Insightly CRM,BUSINESS,3.8,1383,51.0,100000.0,Free,0.0,Everyone,Business,2018-07-12,0.0,5.0 and up
QAI&E,BUSINESS,4.3,23175,41.0,1000000.0,Free,0.0,Everyone,Business,2018-07-13,18.7,4.1 and up
H-CBFT,BUSINESS,3.8,5868,20.0,500000.0,Free,0.0,Everyone,Business,2018-07-03,0.0,4.1 and up
M-EMA,BUSINESS,4.1,5448,12.0,500000.0,Free,0.0,Everyone,Business,2018-07-25,0.0,5.0 and up
C-FMAS,BUSINESS,4.6,4159,48.0,500000.0,Free,0.0,Everyone,Business,2018-07-20,0.0,4.0.3 and up
AOTP,BUSINESS,4.3,20815,10.0,1000000.0,Free,0.0,Everyone,Business,2018-07-26,0.0,5.0 and up
Google Analytics,BUSINESS,4.5,78662,22.0,1000000.0,Free,0.0,Everyone,Business,2018-02-13,0.0,4.4 and up
AdWords Express,BUSINESS,4.1,7149,11.0,1000000.0,Free,0.0,Everyone,Business,2018-07-31,0.0,4.0 and up
AA-ZB,BUSINESS,4.5,3079,8.5,100000.0,Free,0.0,Everyone,Business,2018-08-02,0.0,4.1 and up
I&TT-Z,BUSINESS,4.6,5800,8.6,100000.0,Free,0.0,Everyone,Business,2018-08-02,0.0,4.1 and up
I2—PIAE,BUSINESS,4.2,16422,28.0,1000000.0,Free,0.0,Everyone,Business,2018-08-01,0.0,4.1 and up
Cisco Webex Meetings,BUSINESS,4.4,108741,28.0,10000000.0,Free,0.0,Everyone,Business,2018-07-20,0.0,4.3 and up
SEPM,BUSINESS,4.0,624,9.0,100000.0,Free,0.0,Everyone,Business,2018-03-22,0.0,5.0 and up
Cisco Webex Teams,BUSINESS,4.2,1661,46.0,100000.0,Free,0.0,Everyone,Business,2018-08-02,0.0,4.4 and up
Start Meeting,BUSINESS,4.1,308,14.0,50000.0,Free,0.0,Everyone,Business,2018-05-29,0.0,4.0.3 and up
CW,BUSINESS,3.8,5211,26.0,1000000.0,Free,0.0,Everyone,Business,2018-07-30,0.0,4.0 and up
BFA,BUSINESS,3.9,1058,23.0,500000.0,Free,0.0,Everyone,Business,2018-06-29,0.0,5.0 and up
O:FO+PE,BUSINESS,4.3,1002859,35.0,100000000.0,Free,0.0,Everyone,Business,2018-08-02,0.0,4.1 and up
V-R&E,BUSINESS,4.5,413,29.0,10000.0,Free,0.0,Everyone,Business,2018-07-25,0.0,5.0 and up
MM-BM&CR,COMICS,4.6,24005,4.9,500000.0,Free,0.0,Adults only 18+,Comics,2018-07-04,0.0,4.1 and up
G-AOSFOCFAOC,COMICS,4.7,57106,27.0,1000000.0,Free,0.0,Teen,Comics,2018-07-23,0.0,4.1 and up
RWS,COMICS,4.7,2249,32.0,500000.0,Free,0.0,Everyone,Comics,2017-11-16,1.08,4.0.3 and up
UP-CBN,COMICS,4.8,516,12.0,50000.0,Free,0.0,Everyone,Comics;Creativity,2018-08-03,0.0,4.4 and up
M-CUD,COMICS,3.9,834,15.0,50000.0,Free,0.0,Mature 17+,Comics,2018-08-01,0.0,4.1 and up
MN–BOMR,COMICS,4.1,1010,11.0,50000.0,Free,0.0,Mature 17+,Comics,2018-07-07,1.5,4.1 and up
MR-BMR,COMICS,4.4,238970,28.0,1000000.0,Free,0.0,Teen,Comics,2018-07-09,0.0,5.0 and up
M-RTT,COMICS,4.6,302,2.2,10000.0,Free,0.0,Teen,Comics,2018-07-03,1.0,4.0 and up
TVS-FS,COMICS,4.5,438,3.4,10000.0,Free,0.0,Everyone,Comics,2017-12-27,1.0,2.3 and up
DBW-R,COMICS,4.7,73,8.3,10000.0,Free,0.0,Everyone,Comics,2018-07-23,1.9,4.0.3 and up
Funny Jokes Photos,COMICS,4.4,39,4.3,10000.0,Free,0.0,Everyone 10+,Comics,2018-07-03,1.1,4.2 and up
Truyện Vui Tý Quậy,COMICS,4.5,144,4.7,10000.0,Free,0.0,Everyone,Comics,2018-07-19,3.0,4.0.3 and up
CE-SM/LCFOC♪♪,COMICS,3.9,2181,10.0,100000.0,Free,0.0,Teen,Comics,2018-03-05,0.0,4.0.3 and up
CPOCUEC,COMICS,3.2,93965,15.0,5000000.0,Free,0.0,Teen,Comics,2018-07-03,0.0,4.0.3 and up
DM-C&W,COMICS,3.2,1446,7.1,100000.0,Free,0.0,Mature 17+,Comics,2018-05-18,1.0,4.0.3 and up
漫C-MAS,COMICS,4.1,12088,21.0,1000000.0,Free,0.0,Mature 17+,Comics,2018-07-06,0.0,4.0.3 and up
EFV2,COMICS,4.5,314,6.1,100000.0,Free,0.0,Everyone,Comics,2018-05-23,0.0,4.1 and up
MZ-JCACR,COMICS,4.2,15194,15.0,1000000.0,Free,0.0,Teen,Comics,2018-07-19,0.0,4.2 and up
Marvel Unlimited,COMICS,3.7,22551,11.0,1000000.0,Free,0.0,Teen,Comics,2018-07-24,0.0,4.4 and up
T–CNAS,COMICS,4.5,29839,29.0,1000000.0,Free,0.0,Teen,Comics,2018-07-31,0.0,4.4 and up
CC(,COMICS,4.6,279,3.3,100000.0,Free,0.0,Everyone,Comics,2017-12-18,1.6,4.0 and up
Faustop Sounds,COMICS,4.7,1677,40.0,100000.0,Free,0.0,Everyone,Comics,2018-05-26,0.0,4.1 and up
MM-BOMR,COMICS,4.4,757,10.0,10000.0,Free,0.0,Teen,Comics,2018-05-24,1.0,4.1 and up
-FC-CA,COMICS,3.5,115,9.1,10000.0,Free,0.0,Mature 17+,Comics,2018-07-13,0.0,5.0 and up
MA-MCR,COMICS,3.3,125,4.7,5000.0,Free,0.0,Teen,Comics,2018-07-24,0.0,4.0.3 and up
BT-DFW/C/WF/MG,COMICS,4.5,9952,38.0,500000.0,Free,0.0,Everyone 10+,Comics,2018-07-31,0.0,4.1 and up
FJAS2,COMICS,4.2,21,6.7,5000.0,Free,0.0,Everyone,Comics,2018-03-31,1.3,4.0 and up
HTLH,COMICS,5.0,15,37.0,1000.0,Free,0.0,Everyone,Comics,2018-06-26,2.0,4.0.3 and up
BWB4H,COMICS,4.7,3596,7.8,10000.0,Free,0.0,Teen,Comics,2018-06-16,1.01,4.0.3 and up
think Comics,COMICS,4.4,1006,19.0,50000.0,Free,0.0,Everyone,Comics,2018-08-03,0.0,4.0.3 and up
Memes Button,COMICS,4.4,5968,5.7,1000000.0,Free,0.0,Everyone,Comics,2018-05-28,1.4,4.0 and up
L-WAASS,COMICS,4.6,4895,35.0,100000.0,Free,0.0,Everyone,Comics,2018-08-02,0.0,4.4 and up
Messenger for SMS,COMMUNICATION,4.3,125257,17.0,10000000.0,Free,0.0,Teen,Communication,2018-06-06,0.0,4.1 and up
My Tele2,COMMUNICATION,4.3,158679,8.8,5000000.0,Free,0.0,Everyone,Communication,2018-08-03,0.0,4.4 and up
YM–SO,COMMUNICATION,4.3,4187998,16.0,100000000.0,Free,0.0,Everyone,Communication,2018-07-18,0.0,4.4 and up
IBFCAT,COMMUNICATION,4.3,659395,11.0,100000000.0,Free,0.0,Everyone,Communication,2018-06-07,0.0,4.0 and up
IFVCAC,COMMUNICATION,4.3,4785892,11.0,500000000.0,Free,0.0,Everyone,Communication,2018-06-08,0.0,4.0 and up
CF–FC,COMMUNICATION,4.3,30209,15.0,5000000.0,Free,0.0,Everyone,Communication,2018-07-28,0.0,4.1 and up
WB&E,COMMUNICATION,4.0,36901,6.6,5000000.0,Free,0.0,Everyone,Communication,2018-07-04,0.0,4.0.3 - 7.1.1
Browser 4G,COMMUNICATION,4.3,192948,6.6,10000000.0,Free,0.0,Everyone,Communication,2018-06-19,0.0,4.0.3 - 7.1.1
CVV,COMMUNICATION,3.9,13698,5.1,10000000.0,Free,0.0,Everyone,Communication,2018-07-02,0.0,4.1 and up
TracFone My Account,COMMUNICATION,3.6,20769,18.0,1000000.0,Free,0.0,Everyone,Communication,2018-07-11,0.0,4.1 and up
FFTPB,COMMUNICATION,4.4,36880,4.0,1000000.0,Free,0.0,Everyone,Communication,2018-07-06,5.2,5.0 and up
TK-FE&AK,COMMUNICATION,4.4,615381,37.0,10000000.0,Free,0.0,Mature 17+,Communication,2018-08-02,0.0,4.0.3 and up
SL-FVC&C,COMMUNICATION,4.2,33053,22.0,5000000.0,Free,0.0,Everyone,Communication,2018-07-31,0.0,4.0.3 and up
UBM-FP&S,COMMUNICATION,4.4,3648120,3.3,100000000.0,Free,0.0,Teen,Communication,2018-07-18,0.0,4.0 and up
WhatsApp Business,COMMUNICATION,4.4,136662,32.0,10000000.0,Free,0.0,Everyone,Communication,2018-07-30,0.0,4.0.3 and up
My magenta,COMMUNICATION,3.9,42370,37.0,1000000.0,Free,0.0,Everyone,Communication,2018-06-25,0.0,5.0 and up
AGT(V,COMMUNICATION,4.4,2939,17.0,100000.0,Free,0.0,Everyone,Communication,2018-07-16,2.1,4.1 and up
Omlet Chat,COMMUNICATION,3.9,40751,35.0,10000000.0,Free,0.0,Teen,Communication,2016-11-04,0.0,4.0.3 and up
UB-FDP&S,COMMUNICATION,4.5,17712922,40.0,500000000.0,Free,0.0,Teen,Communication,2018-08-02,0.0,4.0 and up
My Vodacom SA,COMMUNICATION,3.7,25021,61.0,5000000.0,Free,0.0,Everyone,Communication,2018-06-26,0.0,4.3 and up
Microsoft Edge,COMMUNICATION,4.3,27187,66.0,5000000.0,Free,0.0,Everyone,Communication,2018-07-28,0.0,4.4 and up
IFVCAC,COMMUNICATION,4.3,4785988,11.0,500000000.0,Free,0.0,Everyone,Communication,2018-06-08,0.0,4.0 and up
HD-CP,COMMUNICATION,4.0,122498,79.0,10000000.0,Free,0.0,Everyone,Communication,2015-09-02,0.0,4.0.3 and up
TFTC&PN,COMMUNICATION,4.1,132014,25.0,10000000.0,Free,0.0,Everyone,Communication,2018-07-18,6.1,4.2 and up
Calls & Text by Mo+,COMMUNICATION,4.2,83239,14.0,5000000.0,Free,0.0,Everyone,Communication,2018-04-19,0.0,4.0 and up
GSP-MFTE,COMMUNICATION,4.4,2876500,24.0,100000000.0,Free,0.0,Everyone,Communication,2018-08-01,7.73,4.0 and up
MSMF,COMMUNICATION,4.1,28238,17.0,1000000.0,Free,0.0,Everyone,Communication,2018-08-02,4.98,2.3 and up
chomp SMS,COMMUNICATION,4.3,335646,8.3,10000000.0,Free,0.0,Everyone,Communication,2018-07-26,7.21,2.3 and up
Text SMS,COMMUNICATION,4.5,349384,8.2,10000000.0,Free,0.0,Everyone,Communication,2018-07-24,3.47,4.0.3 and up
MSTMS,COMMUNICATION,4.3,37320,8.4,1000000.0,Free,0.0,Everyone,Communication,2018-07-30,0.0,4.0.3 and up
FFTPB,COMMUNICATION,4.4,36893,4.0,1000000.0,Free,0.0,Everyone,Communication,2018-07-06,5.2,5.0 and up
2-SPN,COMMUNICATION,4.2,15880,32.0,1000000.0,Free,0.0,Everyone,Communication,2018-08-03,0.0,4.0 and up
"CB-AB,FD,P",COMMUNICATION,4.6,2264916,6.1,50000000.0,Free,0.0,Everyone,Communication,2018-07-31,0.0,4.0 and up
Ninesky Browser,COMMUNICATION,4.2,42925,2.8,1000000.0,Free,0.0,Everyone,Communication,2017-08-27,6.1,2.3 and up
UBM-FP&S,COMMUNICATION,4.4,3648480,3.3,100000000.0,Free,0.0,Teen,Communication,2018-07-18,0.0,4.0 and up
UB-FDP&S,COMMUNICATION,4.5,17714850,40.0,500000000.0,Free,0.0,Teen,Communication,2018-08-02,0.0,4.0 and up
GPB,COMMUNICATION,4.1,13100,2.2,1000000.0,Free,0.0,Everyone,Communication,2018-03-20,0.0,4.0.3 and up
WBFA,COMMUNICATION,4.1,55098,4.3,1000000.0,Free,0.0,Everyone,Communication,2018-06-20,2.2,4.0 and up
DBF&F,COMMUNICATION,4.3,1133501,4.7,10000000.0,Free,0.0,Everyone,Communication,2016-04-01,0.0,4.0 and up
LWB,COMMUNICATION,4.1,12578,2.3,500000.0,Free,0.0,Everyone,Communication,2017-07-10,0.0,4.0 and up
Web Browser,COMMUNICATION,4.2,10965,2.3,500000.0,Free,0.0,Everyone,Communication,2015-02-02,2.0,3.0 and up
Contacts+,COMMUNICATION,4.2,190613,11.0,10000000.0,Free,0.0,Everyone,Communication,2018-07-31,0.0,4.0.3 and up
E-D&C,COMMUNICATION,4.2,125232,2.7,10000000.0,Free,0.0,Everyone,Communication,2017-03-05,196.0,2.1 and up
PFGV&G,COMMUNICATION,4.3,72065,13.0,1000000.0,Free,0.0,Everyone,Communication,2018-04-18,0.0,4.0 and up
Safest Call Blocker,COMMUNICATION,4.4,27540,3.7,1000000.0,Free,0.0,Everyone,Communication,2018-01-05,0.0,4.0 and up
FSCI,COMMUNICATION,4.2,104990,10.0,5000000.0,Free,0.0,Everyone,Communication,2018-05-15,0.0,4.0.3 and up
H-CI&B,COMMUNICATION,4.4,177703,13.0,10000000.0,Free,0.0,Mature 17+,Communication,2018-07-25,0.0,5.0 and up
Call Blocker,COMMUNICATION,4.1,17529,10.0,1000000.0,Free,0.0,Everyone,Communication,2018-07-26,5.86,4.0.3 and up
MNC&S,COMMUNICATION,4.2,177263,13.0,10000000.0,Free,0.0,Mature 17+,Communication,2018-07-13,0.0,5.0 and up
Should I Answer?,COMMUNICATION,4.8,237468,8.8,1000000.0,Free,0.0,Everyone,Communication,2018-07-26,0.0,4.0 and up
RD&C,COMMUNICATION,4.4,32254,5.5,1000000.0,Free,0.0,Everyone,Communication,2017-12-04,0.0,2.1 and up
CCIB&PCR,COMMUNICATION,4.4,483565,20.0,10000000.0,Free,0.0,Everyone,Communication,2018-07-29,1.286,4.1 and up
W-CI&B,COMMUNICATION,4.4,552441,29.0,10000000.0,Free,0.0,Everyone,Communication,2018-08-01,0.0,4.1 and up
CC-CB,COMMUNICATION,4.4,93825,11.0,5000000.0,Free,0.0,Everyone,Communication,2018-07-05,0.0,4.1 and up
Video Caller Id,COMMUNICATION,4.2,15287,17.0,1000000.0,Free,0.0,Everyone,Communication,2018-01-24,0.0,4.0.3 and up
S–CI&B,COMMUNICATION,4.5,205739,17.0,5000000.0,Free,0.0,Everyone,Communication,2018-07-26,0.0,4.1 and up
Caller ID +,COMMUNICATION,4.0,9498,118.0,1000000.0,Free,0.0,Everyone,Communication,2016-06-07,0.0,2.3 and up
YM–SO,COMMUNICATION,4.3,4188142,16.0,100000000.0,Free,0.0,Everyone,Communication,2018-07-18,0.0,4.4 and up
K-9 Mail,COMMUNICATION,4.2,88427,5.1,5000000.0,Free,0.0,Everyone,Communication,2018-01-06,5.403,4.0.3 and up
ET-MA,COMMUNICATION,4.6,183374,44.0,1000000.0,Free,0.0,Everyone,Communication,2018-08-01,0.0,4.1 and up
All Email Providers,COMMUNICATION,4.1,20901,7.3,1000000.0,Free,0.0,Everyone,Communication,2018-04-03,0.0,4.1 and up
NM-EAFGOI,COMMUNICATION,4.0,122595,30.0,1000000.0,Free,0.0,Everyone,Communication,2018-07-19,0.0,5.0 and up
GO Notifier,COMMUNICATION,4.2,124346,695.0,10000000.0,Free,0.0,Everyone,Communication,2014-07-06,2.8,2.0 and up
M-SM,COMMUNICATION,4.1,255,1.6,10000.0,Free,0.0,Everyone,Communication,2017-04-11,2.3,2.2 and up
DM-NM,COMMUNICATION,4.3,41420,19.0,5000000.0,Free,0.0,Everyone,Communication,2018-06-21,0.0,4.0 and up
VMCVT,COMMUNICATION,4.1,29208,23.0,1000000.0,Free,0.0,Everyone,Communication,2016-09-28,0.0,2.3.3 and up
J-FVCAFVC,COMMUNICATION,4.6,191032,26.0,5000000.0,Free,0.0,Everyone,Communication,2018-08-04,0.0,4.0.3 and up
Calculator,DATING,2.6,57,6.2,1000.0,Paid,6.99,Everyone,Dating,2017-10-25,0.0,4.0 and up
ADAAMBWI,DATING,3.5,2,17.0,100.0,Paid,7.99,Mature 17+,Dating,2017-01-21,0.0,4.0 and up
OkCupid Dating,DATING,4.1,285726,15.0,10000000.0,Free,0.0,Mature 17+,Dating,2018-07-30,0.0,4.1 and up
HDCMM&HU,DATING,4.1,2556,56.0,100000.0,Free,0.0,Mature 17+,Dating,2018-08-01,0.0,4.1 and up
HD&R,DATING,4.2,7779,12.0,500000.0,Free,0.0,Mature 17+,Dating,2018-08-03,0.0,5.0 and up
CD&AS-J,DATING,4.5,61637,11.0,5000000.0,Free,0.0,Mature 17+,Dating,2018-07-31,0.0,4.1 and up
BD&PSC,DATING,4.4,12632,29.0,1000000.0,Free,0.0,Mature 17+,Dating,2018-07-27,0.0,4.1 and up
CMB Free Dating App,DATING,4.0,48845,40.0,1000000.0,Free,0.0,Mature 17+,Dating,2018-08-01,0.0,4.4 and up
E-ODA,DATING,3.1,31320,53.0,5000000.0,Free,0.0,Mature 17+,Dating,2018-07-30,0.0,4.1 and up
FDA&FC-MWS,DATING,4.4,172460,3.1,5000000.0,Free,0.0,Mature 17+,Dating,2018-08-04,1.639,4.0 and up
CTDAFLLS,DATING,4.2,4195,24.0,100000.0,Free,0.0,Mature 17+,Dating,2018-07-25,0.0,4.4 and up
Clover Dating App,DATING,4.1,11633,23.0,500000.0,Free,0.0,Mature 17+,Dating,2018-07-24,0.0,4.1 and up
BPMSD,DATING,3.9,10212,5.0,1000000.0,Free,0.0,Mature 17+,Dating,2018-07-25,0.0,4.4 and up
M-FOD&SCR,DATING,4.3,37053,44.0,1000000.0,Free,0.0,Mature 17+,Dating,2018-08-03,4.4,4.1 and up
FDA&FC-C,DATING,4.4,667,27.0,10000.0,Free,0.0,Mature 17+,Dating,2018-08-03,0.0,4.1 and up
SC-AC,DATING,3.5,13202,6.1,1000000.0,Free,0.0,Mature 17+,Dating,2018-07-07,0.0,4.1 and up
FDHUM,DATING,3.3,1157,21.0,100000.0,Free,0.0,Mature 17+,Dating,2017-01-27,0.0,4.2 and up
FRL—YPD,DATING,4.5,212626,11.0,10000000.0,Free,0.0,Mature 17+,Dating,2018-07-31,0.0,4.1 and up
O-QMED,DATING,4.4,222888,21.0,1000000.0,Free,0.0,Mature 17+,Dating,2018-07-17,2.45,4.1 and up
B-SMC,DATING,4.1,2067,24.0,100000.0,Free,0.0,Mature 17+,Dating,2018-07-25,0.0,4.4 and up
CDL:DOWSM,DATING,3.9,1643,31.0,500000.0,Free,0.0,Mature 17+,Dating,2018-07-03,0.0,4.1 and up
Howlr,DATING,3.9,105,27.0,5000.0,Free,0.0,Mature 17+,Dating,2018-06-19,0.0,4.4 and up
Stranger Chat & Date,DATING,3.6,3414,6.2,500000.0,Free,0.0,Mature 17+,Dating,2018-06-06,0.0,4.1 and up
R-CR,DATING,3.6,11806,12.0,1000000.0,Free,0.0,Mature 17+,Dating,2018-06-26,0.0,4.0.3 and up
BFD&CA,DATING,3.4,1999,8.0,100000.0,Free,0.0,Mature 17+,Dating,2017-02-03,0.0,4.2 and up
FCDL,DATING,4.2,22544,5.9,1000000.0,Free,0.0,Mature 17+,Dating,2018-07-27,0.0,4.0.3 and up
FDA-Y-FC&M,DATING,4.1,97684,7.9,1000000.0,Free,0.0,Mature 17+,Dating,2018-07-10,1.23,4.0.3 and up
ODFS5,DATING,3.4,2519,5.0,100000.0,Free,0.0,Mature 17+,Dating,2018-07-25,0.0,4.4 and up
FarmersOnly Dating,DATING,3.0,1146,1.4,100000.0,Free,0.0,Mature 17+,Dating,2016-02-25,2.2,4.0 and up
DF5PMS–F,DATING,4.6,13046,13.0,500000.0,Free,0.0,Mature 17+,Dating,2018-07-31,0.0,4.1 and up
S–ME&RS,DATING,4.1,17268,40.0,500000.0,Free,0.0,Mature 17+,Dating,2018-06-25,0.0,4.0.3 and up
CDFFA,DATING,3.9,8722,13.0,500000.0,Free,0.0,Mature 17+,Dating,2018-06-20,15.8,4.1 and up
JS-TLD,DATING,1.9,953,19.0,100000.0,Free,0.0,Mature 17+,Dating,2018-07-18,0.0,5.0 and up
SPM#D,DATING,3.5,2593,5.0,500000.0,Free,0.0,Mature 17+,Dating,2018-07-25,0.0,4.4 and up
E–DFSP,DATING,2.5,5377,19.0,500000.0,Free,0.0,Mature 17+,Dating,2018-07-31,0.0,4.0.3 and up
MMRSDA,DATING,3.9,852,27.0,100000.0,Free,0.0,Mature 17+,Dating,2018-07-30,0.0,4.1 and up
I-IDA,DATING,3.4,212,3.0,50000.0,Free,0.0,Mature 17+,Dating,2018-06-13,0.0,5.0 and up
SMDASS,DATING,3.5,1972,13.0,1000000.0,Free,0.0,Mature 17+,Dating,2018-05-12,4.3,4.1 and up
HAPDSC-P,DATING,4.4,35206,7.2,1000000.0,Free,0.0,Everyone,Dating,2018-05-21,0.0,4.0 and up
MM&ASM&D,DATING,3.8,5164,25.0,100000.0,Free,0.0,Mature 17+,Dating,2018-07-24,0.0,4.0.3 and up
SDDA,DATING,2.5,277,5.7,100000.0,Free,0.0,Mature 17+,Dating,2017-12-04,0.0,4.1 and up
Adult Dirty Emojis,DATING,2.8,80,5.5,10000.0,Free,0.0,Teen,Dating,2017-11-06,1.0,4.0.3 and up
M-CLS,DATING,4.2,40035,6.5,1000000.0,Free,0.0,Mature 17+,Dating,2018-07-27,0.0,4.0.3 and up
SnpCupid Dating,DATING,3.5,1093,5.8,100000.0,Free,0.0,Mature 17+,Dating,2017-01-28,0.0,4.2 and up
AD-A,DATING,3.3,1601,3.8,500000.0,Free,0.0,Mature 17+,Dating,2017-02-01,1.5,4.1 and up
GSDD&H–SG,DATING,4.1,2212,41.0,100000.0,Free,0.0,Mature 17+,Dating,2018-06-20,0.0,4.0.3 and up
M-LCS,DATING,4.2,57081,7.9,1000000.0,Free,0.0,Mature 17+,Dating,2018-07-27,0.0,4.0.3 and up
B-BDA,DATING,3.5,241,2.8,50000.0,Free,0.0,Mature 17+,Dating,2018-06-01,0.0,5.0 and up
CMNP,DATING,4.2,63986,20.0,5000000.0,Free,0.0,Mature 17+,Dating,2018-05-31,0.0,4.0 and up
T-FODACMA,DATING,4.4,7888,15.0,500000.0,Free,0.0,Mature 17+,Dating,2018-04-29,0.0,4.1 and up
BWID-IM,DATING,4.1,535,28.0,100000.0,Free,0.0,Mature 17+,Dating,2018-03-29,0.0,4.1 and up
USMMADF-D,DATING,4.2,5084,9.6,100000.0,Free,0.0,Mature 17+,Dating,2018-08-03,1.55,4.1 and up
F-♥DA,DATING,4.3,2430,13.0,500000.0,Free,0.0,Mature 17+,Dating,2018-07-26,0.0,4.1 and up
The League,DATING,3.0,837,9.4,100000.0,Free,0.0,Mature 17+,Dating,2018-07-16,0.0,4.4 and up
HD1S,DATING,4.0,738,27.0,10000.0,Free,0.0,Mature 17+,Dating,2018-08-01,0.0,4.1 and up
Heart mill,DATING,3.3,4631,45.0,100000.0,Free,0.0,Mature 17+,Dating,2018-08-04,0.0,5.0 and up
9-LSA,DATING,4.1,4953,15.0,1000000.0,Free,0.0,Teen,Dating,2018-08-01,0.0,4.2 and up
Mutual - LDS Dating,DATING,3.7,1439,38.0,50000.0,Free,0.0,Mature 17+,Dating,2018-07-30,0.0,4.2 and up
CDL:DOWSM,DATING,3.9,1645,31.0,500000.0,Free,0.0,Mature 17+,Dating,2018-07-03,0.0,4.1 and up
SC-AC,DATING,3.5,13204,6.1,1000000.0,Free,0.0,Mature 17+,Dating,2018-07-07,0.0,4.1 and up
MMRSDA,DATING,3.9,853,27.0,100000.0,Free,0.0,Mature 17+,Dating,2018-07-30,0.0,4.1 and up
2RedBeans,DATING,4.0,337,32.0,10000.0,Free,0.0,Mature 17+,Dating,2018-07-31,0.0,4.3 and up
DF5PMS–F,DATING,4.6,13049,13.0,500000.0,Free,0.0,Mature 17+,Dating,2018-07-31,0.0,4.1 and up
S-MMD,DATING,4.0,51698,63.0,1000000.0,Free,0.0,Mature 17+,Dating,2018-07-26,0.0,4.0.3 and up
BCFGBC&C,DATING,4.1,923,44.0,100000.0,Free,0.0,Mature 17+,Dating,2018-08-02,0.0,4.1 and up
ST5DA,DATING,3.3,149,16.0,10000.0,Free,0.0,Mature 17+,Dating,2018-07-31,0.0,4.0.3 and up
HPSD,DATING,4.4,198,28.0,10000.0,Free,0.0,Mature 17+,Dating,2018-05-18,0.0,4.1 and up
FCDL,DATING,4.2,22545,5.9,1000000.0,Free,0.0,Mature 17+,Dating,2018-07-27,0.0,4.0.3 and up
CDFFA,DATING,3.9,8723,13.0,500000.0,Free,0.0,Mature 17+,Dating,2018-06-20,15.8,4.1 and up
G-PDA,DATING,4.3,23170,9.0,500000.0,Free,0.0,Mature 17+,Dating,2018-07-25,0.0,4.1 and up
I-CFDL&R,DATING,3.4,13890,20.0,500000.0,Free,0.0,Mature 17+,Dating,2018-06-19,0.0,4.2 and up
M-LCS,DATING,4.2,57083,7.9,1000000.0,Free,0.0,Mature 17+,Dating,2018-07-27,0.0,4.0.3 and up
BWID-IM,DATING,4.1,537,28.0,100000.0,Free,0.0,Mature 17+,Dating,2018-03-29,0.0,4.1 and up
JustDating,DATING,4.0,13440,49.0,500000.0,Free,0.0,Mature 17+,Dating,2018-08-03,0.0,4.0.3 and up
IMDA,DATING,3.6,143,27.0,10000.0,Free,0.0,Mature 17+,Dating,2018-07-23,0.0,4.1 and up
RD&CFRSR,DATING,4.2,1059,18.0,100000.0,Free,0.0,Mature 17+,Dating,2018-07-26,1.17,4.2 and up
SP(ASBDTABSNU,DATING,3.5,894,14.0,100000.0,Free,0.0,Mature 17+,Dating,2018-07-17,0.0,4.1 and up
SM-UHHBD,DATING,4.0,6191,27.0,500000.0,Free,0.0,Mature 17+,Dating,2018-07-12,0.0,4.1 and up
M-ODATC&MP,DATING,4.1,15081,38.0,1000000.0,Free,0.0,Mature 17+,Dating,2018-07-26,0.0,4.1 and up
BD&CSCL,DATING,4.4,218,27.0,10000.0,Free,0.0,Mature 17+,Dating,2018-07-23,0.0,4.1 and up
HAPDSC-P,DATING,4.4,35205,7.2,1000000.0,Free,0.0,Everyone,Dating,2018-05-21,0.0,4.0 and up
H-MPAC,DATING,4.2,243950,21.0,10000000.0,Free,0.0,Mature 17+,Dating,2018-05-10,0.0,4.1 and up
A hundred,DATING,4.1,236,8.8,10000.0,Free,0.0,Mature 17+,Dating,2018-03-29,0.0,4.0.3 and up
JDAC&MSN,DATING,4.2,5152,38.0,100000.0,Free,0.0,Mature 17+,Dating,2018-07-26,0.0,4.1 and up
W–D&CA,DATING,4.1,6701,11.0,1000000.0,Free,0.0,Mature 17+,Dating,2018-06-29,0.0,4.0.3 and up
M-CLS,DATING,4.2,40039,6.5,1000000.0,Free,0.0,Mature 17+,Dating,2018-07-27,0.0,4.0.3 and up
LPEDS,DATING,3.9,742,26.0,50000.0,Free,0.0,Mature 17+,Dating,2018-04-07,0.0,4.0.3 and up
Dating Network,DATING,4.0,187,19.0,10000.0,Free,0.0,Mature 17+,Dating,2018-07-26,1.17,4.2 and up
C-FCRCBG,DATING,4.2,2506,6.1,500000.0,Free,0.0,Mature 17+,Dating,2017-06-15,0.0,4.0 and up
ICD,DATING,4.5,182986,77.0,5000000.0,Free,0.0,Mature 17+,Dating,2018-08-02,0.0,4.1 and up
MC&DFDA-CA,DATING,3.9,8661,9.5,1000000.0,Free,0.0,Mature 17+,Dating,2018-04-03,0.0,4.0 and up
T–TDACFF,DATING,3.6,8,14.0,1000.0,Free,0.0,Mature 17+,Dating,2018-07-29,0.0,4.4 and up
O-Star,DATING,4.4,59,38.0,5000.0,Free,0.0,Everyone,Dating,2018-07-19,0.0,4.3 and up
FCG-LW,DATING,3.5,35,16.0,1000.0,Free,0.0,Mature 17+,Dating,2018-07-16,2.4,4.0.3 and up
CBLSVC-P,DATING,4.4,28,3.4,500.0,Free,0.0,Everyone,Dating,2018-07-16,2.5,4.0.3 and up
LGT-FVC,DATING,4.8,125,4.7,5000.0,Free,0.0,Mature 17+,Dating,2018-07-08,8.2,4.0.3 and up
LT-FTAVC,DATING,4.6,185,5.0,10000.0,Free,0.0,Mature 17+,Dating,2018-07-16,8.2,4.0.3 and up
CK-CRFK,DATING,4.7,6,4.9,100.0,Free,0.0,Mature 17+,Dating,2018-07-24,1.0,4.0.3 and up
GLC-FT&VC,DATING,4.8,110,4.9,10000.0,Free,0.0,Mature 17+,Dating,2018-07-09,8.2,4.0.3 and up
MouseMingle,DATING,2.7,3,3.9,100.0,Free,0.0,Mature 17+,Dating,2018-07-17,0.0,4.4 and up
AGMN,DATING,5.0,5,4.4,1000.0,Free,0.0,Mature 17+,Dating,2018-07-17,3.0,4.0.3 and up
FVC-LVATC,DATING,4.8,84,4.5,1000.0,Free,0.0,Mature 17+,Dating,2018-07-06,8.2,4.0.3 and up
Awake Dating,DATING,5.0,2,70.0,100.0,Free,0.0,Mature 17+,Dating,2018-07-24,0.0,4.4 and up
LC-FVCR,DATING,4.8,20,4.9,500.0,Free,0.0,Mature 17+,Dating,2018-07-15,8.2,4.0.3 and up
FREE LIVE TALK,DATING,4.9,776,4.9,5000.0,Free,0.0,Mature 17+,Dating,2018-07-14,8.2,4.0.3 and up
RCAWS,DATING,3.0,2,16.0,100.0,Free,0.0,Mature 17+,Dating,2018-07-17,2.5,4.0.3 and up
LC-FVT,DATING,4.7,14,21.0,5000.0,Free,0.0,Mature 17+,Dating,2018-08-03,1.3,4.1 and up
HP-LC,DATING,1.0,1,9.2,10.0,Free,0.0,Mature 17+,Dating,2018-07-31,3.52,4.0.3 and up
STDA,DATING,5.0,5,9.3,500.0,Free,0.0,Teen,Dating,2018-07-14,4.0,4.0.3 and up
OCGM,DATING,4.7,18,5.0,500.0,Free,0.0,Mature 17+,Dating,2018-07-25,8.2,4.0.3 and up
GLT-FTAVC,DATING,5.0,6,5.0,100.0,Free,0.0,Mature 17+,Dating,2018-08-01,8.2,4.0.3 and up
OGCG,DATING,5.0,5,5.0,100.0,Free,0.0,Mature 17+,Dating,2018-08-02,8.2,4.0.3 and up
UGMN,DATING,3.0,1,5.5,500.0,Free,0.0,Mature 17+,Dating,2018-07-19,1.0,4.0.3 and up
chat saudi arabia,DATING,4.1,11,11.0,1000.0,Free,0.0,Mature 17+,Dating,2018-07-14,1.1,4.0 and up
SJ&CMA,DATING,5.0,3,25.0,100.0,Free,0.0,Mature 17+,Dating,2018-07-20,0.0,4.1 and up
L-GOALD,DATING,3.7,101,15.0,10000.0,Free,0.0,Mature 17+,Dating,2018-07-24,2.0,4.1 and up
TA-FDA,DATING,4.5,120,10.0,500.0,Free,0.0,Mature 17+,Dating,2018-08-04,1.5,5.0 and up
French Chat Room,DATING,4.2,24,4.9,1000.0,Free,0.0,Mature 17+,Dating,2018-07-11,1.0,4.0.3 and up
Halalguur,DATING,4.3,6,9.0,100.0,Free,0.0,Mature 17+,Dating,2018-07-26,3.7,4.0.3 and up
9-LSA,DATING,4.1,4954,15.0,1000000.0,Free,0.0,Teen,Dating,2018-08-01,0.0,4.2 and up
JS-TLD,DATING,1.9,954,19.0,100000.0,Free,0.0,Mature 17+,Dating,2018-07-18,0.0,5.0 and up
HDCMM&HU,DATING,4.1,2560,56.0,100000.0,Free,0.0,Mature 17+,Dating,2018-08-01,0.0,4.1 and up
MM&ASM&D,DATING,3.8,5168,25.0,100000.0,Free,0.0,Mature 17+,Dating,2018-07-24,0.0,4.0.3 and up
BD&PSC,DATING,4.4,12633,29.0,1000000.0,Free,0.0,Mature 17+,Dating,2018-07-27,0.0,4.1 and up
2DALAM,DATING,4.4,41605,8.1,500000.0,Free,0.0,Mature 17+,Dating,2018-07-26,4.813,4.0.3 and up
F-♥DA,DATING,4.3,2433,13.0,500000.0,Free,0.0,Mature 17+,Dating,2018-07-26,0.0,4.1 and up
TC&D,DATING,3.4,5,14.0,500.0,Free,0.0,Mature 17+,Dating,2018-07-09,1.2,4.1 and up
GOT-FTAVC,DATING,4.7,791,3.7,10000.0,Free,0.0,Mature 17+,Dating,2018-05-15,8.2,4.0.3 and up
Online Girls Chat,DATING,4.8,5323,3.5,50000.0,Free,0.0,Mature 17+,Dating,2018-04-21,8.2,4.0.3 and up
LIVE VIDEO TALK,DATING,4.7,478,4.5,10000.0,Free,0.0,Mature 17+,Dating,2018-06-28,8.2,4.0.3 and up
S–DAC,DATING,3.5,69,36.0,5000.0,Free,0.0,Mature 17+,Dating,2018-08-04,0.0,4.4 and up
FLTC,DATING,4.7,158,4.5,10000.0,Free,0.0,Mature 17+,Dating,2018-07-05,8.2,4.0.3 and up
FindLoving,DATING,3.8,24,19.0,1000.0,Free,0.0,Mature 17+,Dating,2018-08-02,0.0,4.0 and up
SDDA,DATING,2.9,53,14.0,10000.0,Free,0.0,Mature 17+,Dating,2018-07-10,4.1,4.1 and up
FDA-Y-FC&M,DATING,4.1,97699,7.9,1000000.0,Free,0.0,Mature 17+,Dating,2018-07-10,1.23,4.0.3 and up
TED,EDUCATION,4.6,181893,18.0,10000000.0,Free,0.0,Everyone 10+,Education,2018-07-27,0.0,4.1 and up
EC-LEFC(EFC,EDUCATION,4.7,2544,18.0,100000.0,Free,0.0,Everyone,Education,2017-12-29,3.1,4.0 and up
Khan Academy,EDUCATION,4.6,85375,21.0,5000000.0,Free,0.0,Everyone,Education,2018-07-27,0.0,4.1 and up
LEWW,EDUCATION,4.7,314299,3.3,10000000.0,Free,0.0,Everyone,Education,2018-05-02,0.0,4.0 and up
PCB,EDUCATION,4.5,9770,39.0,5000000.0,Free,0.0,Everyone,Education;Creativity,2018-02-25,0.0,4.0 and up
LS-E,EDUCATION,4.7,32346,3.2,1000000.0,Free,0.0,Everyone,Education,2017-12-18,0.0,4.0 and up
English Grammar Test,EDUCATION,4.8,4075,5.1,500000.0,Free,0.0,Everyone,Education,2018-06-22,0.0,4.0.3 and up
Speed Reading,EDUCATION,4.6,10611,11.0,500000.0,Free,0.0,Everyone,Education,2018-05-27,0.0,4.0 and up
EFB,EDUCATION,4.6,9321,27.0,1000000.0,Free,0.0,Everyone,Education,2018-07-18,0.0,4.0 and up
F-دعي,EDUCATION,4.6,56065,37.0,1000000.0,Free,0.0,Everyone,Education,2018-07-26,3.3,4.1 and up
LJKCO&F,EDUCATION,4.9,133136,26.0,1000000.0,Free,0.0,Everyone,Education;Education,2018-07-20,0.0,4.2 and up
Kids Mode,EDUCATION,3.8,2469,11.0,500000.0,Free,0.0,Everyone,Education,2018-03-23,0.0,Varies with device
DCP,EDUCATION,4.4,390,41.0,500000.0,Free,0.0,Everyone,Education;Education,2018-02-03,0.0,4.0 and up
Cars Coloring Pages,EDUCATION,4.4,1090,49.0,1000000.0,Free,0.0,Everyone,Education;Creativity,2018-02-03,0.0,4.0 and up
B–LL,EDUCATION,4.3,266948,21.0,10000000.0,Free,0.0,Everyone,Education,2018-07-30,0.0,4.4 and up
Math Tricks,EDUCATION,4.5,342918,8.1,10000000.0,Free,0.0,Everyone,Education,2018-07-29,2.24,4.0 and up
MTD&R,EDUCATION,4.4,748,51.0,1000000.0,Free,0.0,Everyone,Education;Action & Adventure,2017-01-19,0.0,2.3 and up
LEWF,EDUCATION,4.6,172640,14.0,5000000.0,Free,0.0,Everyone,Education,2018-05-02,0.0,4.1 and up
J/EOSD-FJ-E-JDA,EDUCATION,3.9,61,18.0,50000.0,Free,0.0,Mature 17+,Education,2018-05-28,0.0,5.0 and up
EST,EDUCATION,4.4,1619,3.0,1000000.0,Free,0.0,Everyone,Education,2018-07-20,1.2,1.6 and up
Thai Handwriting,EDUCATION,4.3,3168,19.0,1000000.0,Free,0.0,Everyone,Education,2017-10-26,3.1,4.4 and up
KT·HSKT(V,EDUCATION,4.2,6736,22.0,1000000.0,Free,0.0,Mature 17+,Education,2017-10-17,0.0,4.0.3 and up
GFKKM,EDUCATION,4.4,7005,6.9,1000000.0,Free,0.0,Everyone,Education,2016-10-23,1.17,2.3 and up
FC-B&SOCAAD,EDUCATION,4.0,889,7.4,500000.0,Free,0.0,Everyone,Education,2018-03-09,0.0,4.2 and up
FITGA|,EDUCATION,4.2,5741,84.0,1000000.0,Free,0.0,Everyone,Education;Pretend Play,2018-07-25,0.0,4.4 and up
ABC Preschool Free,EDUCATION,3.8,27572,25.0,5000000.0,Free,0.0,Everyone,Education;Education,2017-10-25,3.0,2.3 and up
PINKFONG Baby Shark,EDUCATION,4.5,10852,18.0,1000000.0,Free,0.0,Everyone,Education,2017-11-28,10.0,4.1 and up
LEFB,EDUCATION,4.5,1929,2.5,500000.0,Free,0.0,Everyone,Education,2017-09-28,1.1,2.3 and up
LALEISD,EDUCATION,4.3,1516,3.9,100000.0,Free,0.0,Everyone,Education,2018-07-28,3.1,4.1 and up
LEFPPTE,EDUCATION,4.3,423,21.0,100000.0,Free,0.0,Everyone,Education,2018-04-03,6.0,4.0.3 and up
EWL,EDUCATION,4.7,254519,27.0,5000000.0,Free,0.0,Everyone,Education,2018-07-20,0.0,4.1 and up
U-OC,EDUCATION,4.5,99020,18.0,1000000.0,Free,0.0,Everyone,Education,2018-08-02,0.0,5.0 and up
E-OCBHM&M,EDUCATION,4.6,32381,10.0,1000000.0,Free,0.0,Everyone 10+,Education,2018-07-15,0.0,4.1 and up
M-BG,EDUCATION,4.4,56897,97.0,1000000.0,Free,0.0,Everyone,Education;Brain Games,2017-01-16,0.0,4.1 and up
L-OTV,EDUCATION,4.2,8599,17.0,1000000.0,Free,0.0,Everyone,Education,2018-07-11,0.0,4.1 and up
Quiz&Learn Python,EDUCATION,4.0,304,2.0,10000.0,Free,0.0,Everyone,Education,2016-07-04,0.0,4.0 and up
C++ Tutorials,EDUCATION,4.1,358,1.9,50000.0,Free,0.0,Everyone,Education,2014-08-21,1.1,2.3 and up
C++ Programming,EDUCATION,4.3,11904,1.8,1000000.0,Free,0.0,Everyone,Education,2015-08-22,2.0,2.3 and up
C Programming,EDUCATION,4.3,22251,1.8,1000000.0,Free,0.0,Everyone,Education,2015-06-28,3.0,2.3 and up
U-LL,EDUCATION,4.3,22384,17.0,1000000.0,Free,0.0,Everyone,Education,2018-07-31,0.0,5.0 and up
Learn C++,EDUCATION,4.6,73404,5.3,1000000.0,Free,0.0,Everyone,Education,2017-12-25,0.0,4.0 and up
Learn JavaScript,EDUCATION,4.6,25183,5.4,1000000.0,Free,0.0,Everyone,Education,2017-12-25,0.0,4.0 and up
Learn Java,EDUCATION,4.7,52743,5.4,1000000.0,Free,0.0,Everyone,Education,2017-12-25,0.0,4.0 and up
Learn HTML,EDUCATION,4.7,61749,5.4,1000000.0,Free,0.0,Everyone,Education,2017-12-25,0.0,4.0 and up
PHLTC,EDUCATION,4.3,55704,15.0,1000000.0,Free,0.0,Everyone,Education,2018-08-04,0.0,4.1 and up
Learn SQL,EDUCATION,4.7,19277,5.3,1000000.0,Free,0.0,Everyone,Education,2017-12-25,0.0,4.0 and up
RS(S,EDUCATION,4.6,13612,48.0,100000.0,Free,0.0,Everyone,Education,2018-05-10,0.0,4.4 and up
S-MA&HH,EDUCATION,4.6,37862,5.4,1000000.0,Free,0.0,Everyone,Education,2018-06-07,0.0,4.1 and up
RG(G,EDUCATION,4.6,18372,47.0,100000.0,Free,0.0,Everyone,Education,2018-05-21,0.0,4.4 and up
Pocket GMAT Math,EDUCATION,4.3,656,556.0,10000.0,Free,0.0,Everyone,Education,2014-07-11,1.1,2.2 and up
GMAT Question Bank,EDUCATION,4.2,240,29.0,10000.0,Free,0.0,Everyone,Education,2015-04-29,0.0,2.3.3 and up
GRE Tutor,EDUCATION,4.0,275,2.3,50000.0,Free,0.0,Everyone,Education,2013-12-02,2.9,2.1 and up
PASP,EDUCATION,4.2,3692,4.4,100000.0,Free,0.0,Everyone,Education,2015-07-23,0.0,2.3.3 and up
SAT Test,EDUCATION,4.1,2363,6.6,100000.0,Free,0.0,Everyone,Education,2016-11-17,2.48,4.0 and up
Pocket SAT Math,EDUCATION,4.0,430,526.0,10000.0,Free,0.0,Everyone,Education,2014-07-11,1.2,2.1 and up
TP&PFM,EDUCATION,4.5,756,12.0,100000.0,Free,0.0,Everyone,Education,2018-06-18,0.0,4.1 and up
GFBK,EDUCATION,4.0,316,29.0,50000.0,Free,0.0,Everyone,Education,2017-02-15,1.4,4.0 and up
E-OCBHM&M,EDUCATION,4.6,32380,10.0,1000000.0,Free,0.0,Everyone 10+,Education,2018-07-15,0.0,4.1 and up
RSLTS&RNL,EDUCATION,4.5,172505,76.0,5000000.0,Free,0.0,Everyone,Education;Education,2018-06-27,0.0,5.0 and up
LLOCTLS,EDUCATION,4.6,7973,18.0,1000000.0,Free,0.0,Everyone,Education,2018-07-27,0.0,4.4 and up
B–LL,EDUCATION,4.3,266935,21.0,10000000.0,Free,0.0,Everyone,Education,2018-07-30,0.0,4.4 and up
Free english course,EDUCATION,4.7,142632,6.9,5000000.0,Free,0.0,Everyone,Education,2018-07-12,2.8,4.1 and up
Learn 50 languages,EDUCATION,4.4,55256,14.0,5000000.0,Free,0.0,Everyone,Education,2018-06-19,0.0,4.0 and up
RSLTS&RNL,EDUCATION,4.5,172508,76.0,5000000.0,Free,0.0,Everyone,Education;Education,2018-06-27,0.0,5.0 and up
B–LS,EDUCATION,4.4,54798,11.0,1000000.0,Free,0.0,Everyone,Education,2018-07-30,0.0,4.4 and up
MLLLC,EDUCATION,4.0,4815,19.0,500000.0,Free,0.0,Everyone,Education,2018-07-17,0.0,4.2 and up
LEWA,EDUCATION,4.6,75112,6.5,1000000.0,Free,0.0,Everyone,Education,2017-11-11,2.09,4.1 and up
LTSE,EDUCATION,4.4,33646,7.0,1000000.0,Free,0.0,Everyone,Education,2018-07-15,0.0,4.0 and up
LEWW,EDUCATION,4.7,314300,3.3,10000000.0,Free,0.0,Everyone,Education,2018-05-02,0.0,4.0 and up
BLL-SE&M,EDUCATION,4.3,206527,21.0,10000000.0,Free,0.0,Everyone 10+,Education,2018-08-01,0.0,5.0 and up
Study Checker,EDUCATION,4.2,3816,2.6,500000.0,Free,0.0,Everyone,Education,2016-05-04,0.0,2.3 and up
MSL-SP,EDUCATION,4.3,47847,21.0,1000000.0,Free,0.0,Everyone,Education,2017-06-13,0.0,4.0.3 and up
HomeWork,EDUCATION,4.3,16195,5.2,1000000.0,Free,0.0,Everyone,Education,2016-09-20,0.0,4.0 and up
NGSS,EDUCATION,4.3,206,18.0,50000.0,Free,0.0,Everyone,Education,2016-12-20,0.0,2.3 and up
TG-A,EDUCATION,4.2,3241,16.0,100000.0,Free,0.0,Everyone,Education,2018-08-01,0.0,4.0.3 and up
Common Core,EDUCATION,4.0,835,15.0,100000.0,Free,0.0,Everyone,Education,2016-12-20,0.0,2.3 and up
Homework Planner,EDUCATION,4.0,2525,1.2,100000.0,Free,0.0,Everyone,Education,2015-01-11,0.0,4.0 and up
Edmodo,EDUCATION,4.1,200058,18.0,10000000.0,Free,0.0,Everyone,Education,2018-07-20,0.0,4.0.3 and up
Socrative Teacher,EDUCATION,3.9,1239,1.8,100000.0,Free,0.0,Everyone,Education,2016-07-29,0.0,3.2 and up
TS-A,EDUCATION,4.1,702,7.6,10000.0,Free,0.0,Everyone,Education,2017-10-16,5.0,4.4 and up
ClassDojo,EDUCATION,4.4,148550,59.0,10000000.0,Free,0.0,Everyone,Education;Education,2018-08-03,0.0,4.1 and up
LLL,EDUCATION,4.0,3847,6.9,500000.0,Free,0.0,Everyone,Education,2017-10-25,0.0,3.0 and up
H—CS&LFL,EDUCATION,4.4,84309,41.0,5000000.0,Free,0.0,Everyone,Education,2018-07-25,0.0,4.1 and up
IL3L,EDUCATION,4.5,14206,21.0,500000.0,Free,0.0,Everyone,Education,2018-07-26,1.16,3.0 and up
BLL-SE&M,EDUCATION,4.3,206532,21.0,10000000.0,Free,0.0,Everyone 10+,Education,2018-08-01,0.0,5.0 and up
CS-HH,EDUCATION,4.3,14700,21.0,1000000.0,Free,0.0,Everyone,Education,2018-07-30,0.0,4.4 and up
ECG,EDUCATION,3.5,1405,7.3,100000.0,Free,0.0,Everyone,Education,2018-03-29,0.0,4.0 and up
ClassDojo,EDUCATION,4.4,148549,59.0,10000000.0,Free,0.0,Everyone,Education;Education,2018-08-03,0.0,4.1 and up
H—CS&LFL,EDUCATION,4.4,84311,41.0,5000000.0,Free,0.0,Everyone,Education,2018-07-25,0.0,4.1 and up
SLTCFF,EDUCATION,4.8,256079,7.6,1000000.0,Free,0.0,Teen,Education,2018-07-12,0.0,4.0.3 and up
B-NB,EDUCATION,4.1,16103,13.0,1000000.0,Free,0.0,Everyone,Education,2018-07-31,0.0,4.1 and up
Sago Mini Hat Maker,EDUCATION,4.9,11,63.0,1000.0,Paid,3.99,Everyone,Education;Pretend Play,2017-07-24,1.0,4.0.3 and up
FNPNF,EDUCATION,4.7,21,44.0,1000.0,Paid,5.99,Everyone,Education;Education,2017-07-21,1.3,4.1 and up
Toca Life: City,EDUCATION,4.7,31085,24.0,500000.0,Paid,3.99,Everyone,Education;Pretend Play,2018-07-06,1.5,4.4 and up
Toca Life: Hospital,EDUCATION,4.7,3528,24.0,100000.0,Paid,3.99,Everyone,Education;Pretend Play,2018-06-12,0.0,4.4 and up
CSM,ENTERTAINMENT,4.0,11656,4.5,1000000.0,Free,0.0,Everyone,Entertainment,2018-01-20,1.02,4.0.3 and up
TT-FM&T,ENTERTAINMENT,4.3,296771,11.0,10000000.0,Free,0.0,Teen,Entertainment,2018-07-15,0.0,4.1 and up
Mobile TV,ENTERTAINMENT,3.5,10939,4.6,10000000.0,Free,0.0,Everyone,Entertainment,2016-04-28,0.0,5.0 and up
MSP,ENTERTAINMENT,4.6,22508,3.3,10000000.0,Free,0.0,Everyone,Entertainment,2015-07-16,1.82213,4.2 and up
Vigo Lite,ENTERTAINMENT,4.2,10291,6.5,5000000.0,Free,0.0,Teen,Entertainment,2018-08-04,0.0,4.0.3 and up
TGAD,ENTERTAINMENT,3.8,6979,12.0,1000000.0,Free,0.0,Everyone,Entertainment,2018-07-05,1.03,4.0 and up
H TV,ENTERTAINMENT,4.3,103078,5.6,5000000.0,Free,0.0,Everyone,Entertainment,2018-07-05,0.0,2.3.3 and up
S-LICC,ENTERTAINMENT,4.4,17682,9.7,1000000.0,Free,0.0,Everyone,Entertainment,2018-08-03,5.2,4.0.3 and up
Cinematic Cinematic,ENTERTAINMENT,4.4,37000,15.0,1000000.0,Free,0.0,Mature 17+,Entertainment,2018-06-21,0.0,4.1 and up
Talking Angela,ENTERTAINMENT,3.7,1828284,52.0,100000000.0,Free,0.0,Everyone,Entertainment,2018-07-12,0.0,4.1 and up
Radio Javan,ENTERTAINMENT,4.4,46916,4.5,1000000.0,Free,0.0,Everyone,Entertainment,2018-07-18,7.3,4.2 and up
Talking Ginger 2,ENTERTAINMENT,4.2,702975,49.0,50000000.0,Free,0.0,Everyone,Entertainment,2018-07-05,0.0,4.1 and up
GLSWWQ,ENTERTAINMENT,4.2,32458,18.0,5000000.0,Free,0.0,Everyone,Entertainment,2018-06-19,2.2,4.1 and up
N-CBN2,ENTERTAINMENT,4.5,235496,13.0,10000000.0,Free,0.0,Everyone,Entertainment;Brain Games,2018-07-29,0.0,4.1 and up
🔥FW4|FHB😍,ENTERTAINMENT,4.7,11661,4.0,1000000.0,Free,0.0,Everyone,Entertainment,2018-07-14,0.0,4.0.3 and up
MBFWRT,ENTERTAINMENT,4.5,653008,16.0,10000000.0,Free,0.0,Everyone,Entertainment,2018-06-20,0.0,4.4 and up
LP–PAG,ENTERTAINMENT,4.5,23063,17.0,1000000.0,Free,0.0,Everyone,Entertainment;Brain Games,2018-08-03,0.0,4.1 and up
Amazon Prime Video,ENTERTAINMENT,4.2,411683,24.0,50000000.0,Free,0.0,Teen,Entertainment,2018-08-02,0.0,4.1 and up
IMDb Movies & TV,ENTERTAINMENT,4.2,501498,12.0,100000000.0,Free,0.0,Teen,Entertainment,2018-07-26,0.0,Varies with device
Ziggo GO,ENTERTAINMENT,4.1,29690,78.0,1000000.0,Free,0.0,Teen,Entertainment,2018-08-03,0.0,4.3 and up
PlayStation App,ENTERTAINMENT,4.2,613059,25.0,50000000.0,Free,0.0,Everyone,Entertainment,2018-07-26,0.0,4.1 and up
Talking Ben the Dog,ENTERTAINMENT,4.3,1633682,57.0,100000000.0,Free,0.0,Everyone,Entertainment,2018-07-03,0.0,4.1 and up
TAMT,ENTERTAINMENT,3.9,2646,9.1,100000.0,Free,0.0,Teen,Entertainment,2018-02-14,0.0,4.2 and up
Cinemark Theatres,ENTERTAINMENT,4.1,21867,39.0,1000000.0,Free,0.0,Teen,Entertainment,2018-07-12,0.0,5.0 and up
Marcus Theatres,ENTERTAINMENT,3.6,2639,8.5,100000.0,Free,0.0,Everyone,Entertainment,2018-02-07,0.0,6.0 and up
Harkins Theatres,ENTERTAINMENT,4.3,1511,12.0,100000.0,Free,0.0,Everyone,Entertainment,2018-06-11,0.0,4.1 and up
AMC Theatres,ENTERTAINMENT,4.3,44550,72.0,1000000.0,Free,0.0,Everyone,Entertainment,2018-07-18,0.0,5.0 and up
IMDb Movies & TV,ENTERTAINMENT,4.2,501497,12.0,100000000.0,Free,0.0,Teen,Entertainment,2018-07-26,0.0,Varies with device
Cooking Channel,ENTERTAINMENT,4.1,1033,16.0,100000.0,Free,0.0,Teen,Entertainment,2018-07-27,0.0,Varies with device
Animal Planet GO,ENTERTAINMENT,4.2,2442,9.6,100000.0,Free,0.0,Teen,Entertainment,2018-07-24,0.0,4.1 and up
DSADS&M,ENTERTAINMENT,4.2,155234,22.0,1000000.0,Free,0.0,Teen,Entertainment,2018-08-01,0.0,4.4 and up
IDG,ENTERTAINMENT,4.5,12216,13.0,1000000.0,Free,0.0,Teen,Entertainment,2018-07-24,0.0,4.1 and up
C-FE&LT,ENTERTAINMENT,3.8,92058,12.0,10000000.0,Free,0.0,Teen,Entertainment,2018-07-20,0.0,4.1 and up
ATWTFBAB,ENTERTAINMENT,3.0,493,23.0,50000.0,Free,0.0,Everyone,Entertainment,2018-06-15,0.0,4.4 and up
HWTSFE&S,ENTERTAINMENT,4.1,33387,20.0,1000000.0,Free,0.0,Teen,Entertainment,2018-07-16,0.0,4.4 and up
Nick,ENTERTAINMENT,4.2,123279,25.0,10000000.0,Free,0.0,Everyone 10+,Entertainment;Music & Video,2018-01-24,0.0,4.4 and up
VH1,ENTERTAINMENT,4.1,27424,17.0,1000000.0,Free,0.0,Teen,Entertainment,2018-07-08,0.0,4.4 and up
A-WFEOTS,ENTERTAINMENT,4.0,29706,19.0,1000000.0,Free,0.0,Teen,Entertainment,2018-07-16,0.0,4.4 and up
The CW,ENTERTAINMENT,4.4,288150,21.0,5000000.0,Free,0.0,Teen,Entertainment,2018-07-23,2.17,4.4 and up
BN-WS,ENTERTAINMENT,4.2,14807,19.0,1000000.0,Free,0.0,Teen,Entertainment,2018-07-08,0.0,4.4 and up
L-WFE&OM,ENTERTAINMENT,4.0,35928,19.0,1000000.0,Free,0.0,Teen,Entertainment,2018-07-16,0.0,4.4 and up
S–S&MM,ENTERTAINMENT,4.3,64448,4.4,1000000.0,Free,0.0,Mature 17+,Entertainment,2018-07-21,43.0,4.0.3 and up
Comedy Central,ENTERTAINMENT,3.9,22378,19.0,1000000.0,Free,0.0,Teen,Entertainment,2018-07-08,0.0,4.4 and up
TT-FM&T,ENTERTAINMENT,4.3,296829,11.0,10000000.0,Free,0.0,Teen,Entertainment,2018-07-15,0.0,4.1 and up
CW Seed,ENTERTAINMENT,4.5,16372,13.0,500000.0,Free,0.0,Teen,Entertainment,2018-07-18,1.16,4.4 and up
TNA-WLTAFE,ENTERTAINMENT,4.1,58028,17.0,5000000.0,Free,0.0,Teen,Entertainment,2018-07-05,0.0,4.1 and up
WWE,ENTERTAINMENT,4.5,736864,20.0,10000000.0,Free,0.0,Teen,Entertainment,2018-01-19,0.0,4.1 and up
Universal Kids,ENTERTAINMENT,3.6,1968,21.0,500000.0,Free,0.0,Everyone,Entertainment;Music & Video,2018-05-24,0.0,4.4 and up
MTV,ENTERTAINMENT,3.8,35279,15.0,1000000.0,Free,0.0,Teen,Entertainment,2018-07-08,0.0,4.4 and up
L-WFE&OM,ENTERTAINMENT,4.0,35931,19.0,1000000.0,Free,0.0,Teen,Entertainment,2018-07-16,0.0,4.4 and up
LEGO® TV,ENTERTAINMENT,3.7,17247,7.2,1000000.0,Free,0.0,Everyone 10+,Entertainment;Music & Video,2018-08-04,0.0,5.0 and up
HGSWTP,ENTERTAINMENT,3.8,87723,32.0,10000000.0,Free,0.0,Teen,Entertainment,2018-07-19,0.0,4.1 and up
FOX,ENTERTAINMENT,3.7,197774,44.0,10000000.0,Free,0.0,Mature 17+,Entertainment,2018-06-25,0.0,4.4 and up
Telemundo Now,ENTERTAINMENT,3.9,8674,19.0,1000000.0,Free,0.0,Teen,Entertainment,2018-05-25,0.0,4.4 and up
Redbox,ENTERTAINMENT,4.1,115033,30.0,10000000.0,Free,0.0,Everyone,Entertainment,2018-07-02,0.0,5.0 and up
TS-HM,ENTERTAINMENT,3.9,801,57.0,100000.0,Free,0.0,Teen,Entertainment,2018-03-21,0.0,4.3 and up
NJ-S&G,ENTERTAINMENT,4.2,8968,35.0,1000000.0,Free,0.0,Everyone,Entertainment;Music & Video,2018-01-23,0.0,4.4 and up
SMEK,ENTERTAINMENT,4.3,303,44.0,10000.0,Free,0.0,Teen,Entertainment,2017-12-14,0.0,4.2 and up
LOLBKH,ENTERTAINMENT,4.3,1856,20.0,100000.0,Free,0.0,Teen,Entertainment,2018-08-01,0.0,6.0 and up
C-ACB,ENTERTAINMENT,4.6,50725,19.0,5000000.0,Free,0.0,Everyone,Entertainment,2018-05-25,0.0,4.0.3 and up
H—TOA,ENTERTAINMENT,4.5,1575,43.0,100000.0,Free,0.0,Everyone,Entertainment,2018-07-13,0.0,5.0 and up
Funny Quotes Free,ENTERTAINMENT,4.2,23666,3.6,1000000.0,Free,0.0,Teen,Entertainment,2018-05-04,8.1,4.0 and up
LP(P,ENTERTAINMENT,4.4,67554,7.7,1000000.0,Free,0.0,Teen,Entertainment,2015-09-15,4.0,2.3.3 and up
Meme Creator,ENTERTAINMENT,4.2,38769,44.0,1000000.0,Free,0.0,Mature 17+,Entertainment,2015-09-22,0.0,2.3 and up
IFFGM&WVV,ENTERTAINMENT,4.3,160164,12.0,10000000.0,Free,0.0,Teen,Entertainment,2018-08-01,0.0,5.0 and up
Meme Generator,ENTERTAINMENT,4.6,3771,53.0,100000.0,Paid,2.99,Mature 17+,Entertainment,2018-08-03,4.426,4.1 and up
S-DAP,ENTERTAINMENT,4.3,256664,77.0,10000000.0,Free,0.0,Everyone,Entertainment,2018-05-04,0.0,4.0.3 and up
All Events in City,EVENTS,4.0,3782,9.5,100000.0,Free,0.0,Everyone,Events,2018-06-12,8.4,4.0.3 and up
TET,EVENTS,4.0,40113,36.0,5000000.0,Free,0.0,Everyone,Events,2018-07-23,0.0,Varies with device
Reminder,EVENTS,4.5,7074,6.3,500000.0,Free,0.0,Everyone,Events,2018-06-25,1.57,4.1 and up
B-BR,EVENTS,4.5,2153,5.9,50000.0,Free,0.0,Everyone,Events,2017-12-14,0.0,4.1 and up
Fever,EVENTS,4.0,20611,12.0,1000000.0,Free,0.0,Teen,Events,2018-07-18,0.0,4.1 and up
DFA-A,EVENTS,4.2,811,2.8,10000.0,Free,0.0,Everyone,Events,2018-05-29,3.8,4.0 and up
S–TTSCB,EVENTS,4.4,15558,26.0,1000000.0,Free,0.0,Everyone,Events,2018-08-03,0.0,5.0 and up
my4D,EVENTS,4.6,573,8.7,100000.0,Free,0.0,Everyone,Events,2018-07-12,1.4,4.2 and up
VS–ET,EVENTS,4.6,8232,53.0,1000000.0,Free,0.0,Everyone,Events,2018-07-31,0.0,5.0 and up
L-FN&UTTDAY,EVENTS,4.6,3874,14.0,100000.0,Free,0.0,Everyone,Events,2018-07-27,0.0,4.2 and up
HBSO,EVENTS,4.4,464,8.9,100000.0,Free,0.0,Everyone,Events,2017-12-04,1.3,4.1 and up
SVOTWFOP,EVENTS,4.6,731,11.0,50000.0,Free,0.0,Everyone,Events,2017-12-24,2.0,4.0 and up
Mummatikabalkuragi,EVENTS,4.9,69,334.0,1000.0,Free,0.0,Teen,Events,2018-07-22,1.0,4.0 and up
G-TTSCT,EVENTS,4.5,8800,24.0,1000000.0,Free,0.0,Everyone,Events,2018-07-17,0.0,5.0 and up
PFMPFE&S2,EVENTS,4.6,99,13.0,10000.0,Free,0.0,Everyone,Events,2018-07-06,1.1,4.2 and up
B&OE,EVENTS,4.3,456,2.8,50000.0,Free,0.0,Everyone,Events,2018-06-21,1.75,2.3.3 and up
vide-greniers.org,EVENTS,4.3,5839,3.5,100000.0,Free,0.0,Everyone,Events,2016-11-08,0.0,2.3.3 and up
SUMMER SONIC app,EVENTS,5.0,4,61.0,500.0,Free,0.0,Everyone,Events,2018-07-24,1.0,4.4 and up
Q&V3GOVE,EVENTS,4.4,663,6.0,100000.0,Free,0.0,Everyone,Events,2017-10-14,0.0,4.1 and up
Prosperity,EVENTS,5.0,16,2.3,100.0,Free,0.0,Everyone,Events,2018-07-09,1.14,2.0 and up
PILPCA,EVENTS,4.5,1065,9.0,100000.0,Free,0.0,Everyone,Events,2018-05-31,0.0,4.1 and up
Emmabodafestivalen,EVENTS,4.8,12,29.0,1000.0,Free,0.0,Everyone 10+,Events,2018-06-28,42.0,4.2 and up
K-TTDIN,EVENTS,4.4,4298,4.4,100000.0,Free,0.0,Everyone,Events,2017-04-27,0.0,4.0 and up
MUT2,EVENTS,5.0,1,21.0,100.0,Free,0.0,Everyone,Events,2018-07-03,0.0,4.4 and up
FAO,EVENTS,3.7,100,27.0,50000.0,Free,0.0,Everyone,Events,2017-12-15,0.0,4.0.3 and up
X-CDF&T,EVENTS,4.1,399,24.0,100000.0,Free,0.0,Everyone,Events,2018-08-03,0.0,5.0 and up
AH-FW&E,EVENTS,4.8,28,6.3,1000.0,Free,0.0,Everyone,Events,2018-05-20,8.014,4.1 and up
Endurance Lifestyle,EVENTS,4.6,7,3.8,500.0,Free,0.0,Teen,Events,2017-07-10,2.1,4.2 and up
Citibanamex Movil,FINANCE,3.6,52306,42.0,5000000.0,Free,0.0,Everyone,Finance,2018-07-27,0.0,5.0 and up
KTB Netbank,FINANCE,3.8,42644,19.0,5000000.0,Free,0.0,Everyone,Finance,2018-06-28,8.18,4.2 and up
Mobile Bancomer,FINANCE,4.2,278082,70.0,10000000.0,Free,0.0,Everyone,Finance,2018-07-30,10.78,4.0.3 and up
Nedbank Money,FINANCE,4.2,6076,32.0,500000.0,Free,0.0,Everyone,Finance,2018-07-28,0.0,4.2 and up
SCB EASY,FINANCE,4.2,112656,93.0,5000000.0,Free,0.0,Everyone,Finance,2018-07-19,0.0,4.1 and up
Itau bank,FINANCE,4.2,957973,40.0,10000000.0,Free,0.0,Everyone,Finance,2018-07-30,0.0,4.2 and up
Nubank,FINANCE,4.7,130582,24.0,5000000.0,Free,0.0,Everyone,Finance,2018-08-02,0.0,Varies with device
IKO,FINANCE,4.7,167168,20.0,1000000.0,Free,0.0,Everyone,Finance,2018-07-04,0.0,4.1 and up
Cash App,FINANCE,4.0,34428,15.0,10000000.0,Free,0.0,Everyone,Finance,2018-08-02,0.0,5.0 and up
SB/SB,FINANCE,3.6,15247,28.0,1000000.0,Free,0.0,Everyone,Finance,2018-07-13,0.0,4.0.3 and up
Bualuang mBanking,FINANCE,4.0,48445,10.0,5000000.0,Free,0.0,Everyone,Finance,2018-07-16,0.0,4.0.3 and up
MyMo by GSB,FINANCE,4.2,21996,14.0,1000000.0,Free,0.0,Everyone,Finance,2018-07-19,0.0,4.0.3 and up
EMB,FINANCE,4.0,12073,42.0,1000000.0,Free,0.0,Everyone,Finance,2018-05-25,3.3,4.2 and up
Banorte Movil,FINANCE,4.1,111632,65.0,1000000.0,Free,0.0,Everyone,Finance,2018-06-09,0.0,4.4 and up
Wells Fargo Mobile,FINANCE,4.4,250706,37.0,10000000.0,Free,0.0,Everyone,Finance,2018-07-31,0.0,5.0 and up
BZWBK24 mobile,FINANCE,4.5,64959,39.0,1000000.0,Free,0.0,Everyone,Finance,2018-06-18,0.0,4.1 and up
PayPal,FINANCE,4.3,659741,47.0,50000000.0,Free,0.0,Everyone,Finance,2018-07-18,0.0,4.4 and up
Capital One® Mobile,FINANCE,4.6,510392,79.0,10000000.0,Free,0.0,Everyone,Finance,2018-08-01,0.0,5.0 and up
ZBMA,FINANCE,4.3,7215,18.0,1000000.0,Free,0.0,Everyone,Finance,2018-07-23,0.0,4.0 and up
Post Bank,FINANCE,4.5,60449,100.0,1000000.0,Free,0.0,Everyone,Finance,2018-07-23,0.0,4.0 and up
İşCep,FINANCE,4.5,381788,32.0,10000000.0,Free,0.0,Everyone,Finance,2018-08-02,0.0,4.1 and up
People's Bank,FINANCE,3.6,10697,46.0,1000000.0,Free,0.0,Everyone,Finance,2018-07-18,0.0,4.1 and up
Transfer,FINANCE,4.1,31804,9.8,5000000.0,Free,0.0,Everyone,Finance,2018-07-27,0.0,4.0 and up
T-Mobile in,FINANCE,3.5,3856,8.2,1000000.0,Free,0.0,Everyone,Finance,2018-07-31,0.0,4.4 and up
TrueMoney Wallet,FINANCE,4.4,199684,18.0,5000000.0,Free,0.0,Everyone,Finance,2018-07-19,0.0,Varies with device
Bank of Brazil,FINANCE,4.5,1336246,39.0,10000000.0,Free,0.0,Everyone,Finance,2018-08-03,0.0,4.1 and up
W-IFF,FINANCE,4.2,257,44.0,10000.0,Free,0.0,Everyone,Finance,2018-07-31,0.0,4.4W and up
WFDC,FINANCE,4.2,283,5.0,100000.0,Free,0.0,Everyone,Finance,2018-04-26,0.0,5.0 and up
E-OYMGPE,FINANCE,4.8,12304,21.0,100000.0,Free,0.0,Everyone,Finance,2018-08-02,0.0,5.0 and up
DSMA,FINANCE,4.5,8188,22.0,100000.0,Free,0.0,Everyone,Finance,2018-07-31,0.0,4.1 and up
SILS,FINANCE,4.2,11919,23.0,1000000.0,Free,0.0,Everyone,Finance,2018-07-27,0.0,4.4 and up
EIMM,FINANCE,4.4,21570,27.0,1000000.0,Free,0.0,Everyone,Finance,2018-06-19,0.0,4.0 and up
PPBTMPF,FINANCE,4.6,16961,32.0,500000.0,Free,0.0,Everyone,Finance,2018-08-04,0.0,4.1 and up
M-MM,FINANCE,4.6,111254,7.4,1000000.0,Free,0.0,Everyone,Finance,2018-07-03,0.0,4.0 and up
S-BB,FINANCE,4.4,7731,24.0,100000.0,Free,0.0,Everyone,Finance,2018-08-02,0.0,5.0 and up
C-MB,FINANCE,4.3,5928,22.0,500000.0,Free,0.0,Everyone,Finance,2018-07-22,0.0,5.0 and up
Walmart MoneyCard,FINANCE,4.2,6148,10.0,1000000.0,Free,0.0,Everyone,Finance,2018-06-01,0.0,4.1 and up
M-SF,FINANCE,3.8,861,17.0,100000.0,Free,0.0,Everyone,Finance,2018-05-29,0.0,4.4 and up
Q-SSLL,FINANCE,4.5,8662,38.0,100000.0,Free,0.0,Everyone,Finance,2018-07-20,0.0,4.4 and up
E-FCR,FINANCE,4.6,23130,46.0,1000000.0,Free,0.0,Everyone,Finance,2018-07-12,0.0,4.2 and up
Branch,FINANCE,4.6,69973,3.8,1000000.0,Free,0.0,Everyone,Finance,2018-07-23,0.0,4.0 and up
W-FCSR&M,FINANCE,4.7,1311,9.3,50000.0,Free,0.0,Everyone,Finance,2018-06-19,0.0,4.4 and up
CFCO,FINANCE,4.6,26587,8.4,1000000.0,Free,0.0,Everyone,Finance,2018-07-19,0.0,4.4 and up
NPFCS&C,FINANCE,4.6,2417,28.0,100000.0,Free,0.0,Everyone,Finance,2018-08-03,0.0,4.4 and up
my face,FINANCE,3.8,1054,9.7,100000.0,Free,0.0,Everyone,Finance,2018-07-10,0.0,5.0 and up
Credit Sesame,FINANCE,4.3,25166,11.0,1000000.0,Free,0.0,Everyone,Finance,2018-07-25,0.0,4.1 and up
FE-FSB,FINANCE,4.5,19870,7.4,1000000.0,Free,0.0,Everyone,Finance,2018-07-24,0.0,4.0.3 and up
HTMEALR,FINANCE,4.6,3596,19.0,100000.0,Free,0.0,Everyone,Finance,2018-07-20,16.6,6.0 and up
MBP,FINANCE,4.6,161440,16.0,1000000.0,Free,0.0,Everyone,Finance,2018-08-03,0.0,4.0.3 and up
EFML,FINANCE,4.7,7514,14.0,100000.0,Free,0.0,Everyone,Finance,2018-07-31,0.0,4.4 and up
M-FMTFB,FINANCE,4.5,46106,22.0,1000000.0,Free,0.0,Everyone,Finance,2018-07-31,0.0,4.4 and up
QSTAT,FINANCE,4.4,15141,25.0,1000000.0,Free,0.0,Everyone,Finance,2018-07-24,4.63,5.0 and up
FSMTT,FINANCE,3.9,714,3.6,50000.0,Free,0.0,Everyone,Finance,2017-06-07,0.0,2.3.3 and up
Stock Quote,FINANCE,4.1,4344,4.5,500000.0,Free,0.0,Everyone,Finance,2018-07-30,0.0,4.0 and up
STVT(M,FINANCE,4.4,42809,23.0,1000000.0,Free,0.0,Everyone,Finance,2018-07-27,3.04,4.1 and up
US Stock Market,FINANCE,4.4,1922,4.2,100000.0,Free,0.0,Everyone,Finance,2018-08-01,1.28,2.3 and up
E*TRADE Mobile,FINANCE,3.9,10658,58.0,1000000.0,Free,0.0,Everyone,Finance,2018-08-02,0.0,4.4 and up
MMSQ&N,FINANCE,4.5,78361,22.0,1000000.0,Free,0.0,Everyone,Finance,2018-07-05,0.0,4.2 and up
NSE Mobile Trading,FINANCE,4.1,13868,1.4,1000000.0,Free,0.0,Everyone,Finance,2017-08-03,0.0,2.1 and up
J-SMP&N,FINANCE,4.6,11066,9.1,500000.0,Free,0.0,Everyone,Finance,2018-07-18,0.0,4.0 and up
CDCAAMFT,FINANCE,4.3,685,21.0,50000.0,Free,0.0,Everyone,Finance,2018-08-03,0.0,4.4 and up
Betterment,FINANCE,4.4,3780,11.0,100000.0,Free,0.0,Everyone,Finance,2018-08-03,0.0,5.0 and up
CBMB,FINANCE,4.1,15192,38.0,1000000.0,Free,0.0,Everyone,Finance,2018-05-23,0.0,4.1 and up
GoBank,FINANCE,4.4,5950,12.0,500000.0,Free,0.0,Everyone,Finance,2018-06-01,2.131,4.1 and up
NetSpend Prepaid,FINANCE,4.2,15993,45.0,1000000.0,Free,0.0,Everyone,Finance,2018-05-09,0.0,4.4 and up
BBVA Compass Banking,FINANCE,4.3,5905,50.0,500000.0,Free,0.0,Everyone,Finance,2018-07-27,0.0,4.4 and up
PayPal,FINANCE,4.3,659760,47.0,50000000.0,Free,0.0,Everyone,Finance,2018-07-18,0.0,4.4 and up
BankMobile Vibe App,FINANCE,4.3,14627,23.0,1000000.0,Free,0.0,Everyone,Finance,2018-07-09,5.1,4.1 and up
NSO,FINANCE,3.9,1098,46.0,100000.0,Free,0.0,Everyone,Finance,2018-05-09,0.0,4.4 and up
ACE Elite,FINANCE,4.1,2898,45.0,100000.0,Free,0.0,Everyone,Finance,2018-05-09,0.0,4.4 and up
U.S. Bank,FINANCE,4.1,70782,50.0,1000000.0,Free,0.0,Everyone,Finance,2018-07-25,0.0,4.0.3 and up
Huntington Mobile,FINANCE,4.2,11264,24.0,1000000.0,Free,0.0,Everyone,Finance,2018-06-26,0.0,4.2 and up
USAA Mobile,FINANCE,4.5,100997,33.0,5000000.0,Free,0.0,Everyone,Finance,2018-07-27,0.0,5.0 and up
ACUM,FINANCE,4.7,3290,12.0,50000.0,Free,0.0,Everyone,Finance,2018-05-30,0.0,5.0 and up
BOAMB,FINANCE,4.4,341090,53.0,10000000.0,Free,0.0,Everyone,Finance,2018-07-31,0.0,4.4 and up
UCUM,FINANCE,4.6,964,14.0,10000.0,Free,0.0,Everyone,Finance,2018-06-12,0.0,5.0 and up
Discover Mobile,FINANCE,4.6,87951,68.0,5000000.0,Free,0.0,Everyone,Finance,2018-07-23,0.0,4.1 and up
Wells Fargo Mobile,FINANCE,4.4,250719,37.0,10000000.0,Free,0.0,Everyone,Finance,2018-07-31,0.0,5.0 and up
Capital One® Mobile,FINANCE,4.6,510401,79.0,10000000.0,Free,0.0,Everyone,Finance,2018-08-01,0.0,5.0 and up
Amex Mobile,FINANCE,4.3,24729,32.0,1000000.0,Free,0.0,Everyone,Finance,2018-08-03,0.0,5.0 and up
Citi Mobile®,FINANCE,4.0,78306,46.0,5000000.0,Free,0.0,Everyone,Finance,2018-07-31,0.0,4.4 and up
NFCU,FINANCE,4.4,43313,40.0,1000000.0,Free,0.0,Everyone,Finance,2018-07-09,0.0,4.1 and up
Chase Mobile,FINANCE,4.6,1374549,32.0,10000000.0,Free,0.0,Everyone,Finance,2018-07-23,3.52,5.0 and up
BUFA,FINANCE,4.1,6998,24.0,1000000.0,Free,0.0,Everyone,Finance,2018-08-01,0.0,5.0 and up
McDonald's,FOOD_AND_DRINK,3.6,145323,42.0,10000000.0,Free,0.0,Everyone,Food & Drink,2018-07-31,0.0,4.4 and up
C-FRSMFC·MM,FOOD_AND_DRINK,4.1,64784,13.0,10000000.0,Free,0.0,Everyone,Food & Drink,2018-08-02,0.0,5.0 and up
DK-FRMMFFAE,FOOD_AND_DRINK,4.6,32997,13.0,1000000.0,Free,0.0,Everyone,Food & Drink,2018-08-04,0.0,4.1 and up
Easy Recipes,FOOD_AND_DRINK,4.7,2707,8.9,100000.0,Free,0.0,Everyone,Food & Drink,2018-05-15,2.12,4.0.3 and up
Tastely,FOOD_AND_DRINK,4.7,611136,19.0,10000000.0,Free,0.0,Everyone,Food & Drink,2018-07-13,0.0,4.0.3 and up
FMERIAA,FOOD_AND_DRINK,4.1,2473,14.0,500000.0,Free,0.0,Everyone,Food & Drink,2018-07-28,0.0,4.4 and up
M-MJ,FOOD_AND_DRINK,3.4,109784,64.0,10000000.0,Free,0.0,Everyone,Food & Drink,2018-08-03,0.0,4.0.3 and up
Debonairs Pizza,FOOD_AND_DRINK,3.8,3320,8.4,500000.0,Free,0.0,Everyone,Food & Drink,2018-08-04,0.0,4.0.3 and up
Popeyes® App,FOOD_AND_DRINK,3.7,61,11.0,50000.0,Free,0.0,Everyone,Food & Drink,2018-07-23,0.0,4.1 and up
Dunkin' Donuts,FOOD_AND_DRINK,4.2,68103,66.0,1000000.0,Free,0.0,Everyone,Food & Drink,2018-06-20,0.0,4.4 and up
RAFATCUDC,FOOD_AND_DRINK,3.5,10741,41.0,1000000.0,Free,0.0,Everyone,Food & Drink,2018-07-23,0.0,4.2 and up
Simple Recipes,FOOD_AND_DRINK,4.7,3803,15.0,500000.0,Free,0.0,Everyone,Food & Drink,2018-02-22,1.6,4.0 and up
GFD,FOOD_AND_DRINK,4.5,155944,35.0,5000000.0,Free,0.0,Everyone,Food & Drink,2018-08-02,7.12,5.0 and up
Panera Bread,FOOD_AND_DRINK,4.2,10159,36.0,1000000.0,Free,0.0,Everyone,Food & Drink,2018-07-17,0.0,5.0 and up
Chick-fil-A,FOOD_AND_DRINK,4.3,28008,17.0,5000000.0,Free,0.0,Everyone,Food & Drink,2018-08-03,0.0,5.0 and up
H-FD,FOOD_AND_DRINK,4.0,43614,25.0,1000000.0,Free,0.0,Everyone,Food & Drink,2016-10-12,0.0,4.0.3 and up
Starbucks,FOOD_AND_DRINK,4.5,455377,35.0,10000000.0,Free,0.0,Everyone,Food & Drink,2018-08-01,0.0,4.4 and up
EAQD,FOOD_AND_DRINK,4.6,1398,10.0,100000.0,Free,0.0,Everyone 10+,Food & Drink,2018-06-14,1.0,4.0.3 and up
C-R&C,FOOD_AND_DRINK,4.1,32405,12.0,5000000.0,Free,0.0,Everyone,Food & Drink,2018-07-03,0.0,4.1 and up
HungerStation,FOOD_AND_DRINK,3.8,22513,11.0,1000000.0,Free,0.0,Everyone,Food & Drink,2018-05-21,0.0,4.0.3 and up
DORI,FOOD_AND_DRINK,4.2,8509,17.0,1000000.0,Free,0.0,Everyone,Food & Drink,2018-07-12,0.0,4.0.3 and up
SONIC Drive-In,FOOD_AND_DRINK,4.3,19314,43.0,1000000.0,Free,0.0,Everyone,Food & Drink,2018-07-31,0.0,4.4 and up
SUBWAY®,FOOD_AND_DRINK,3.8,21314,41.0,1000000.0,Free,0.0,Everyone,Food & Drink,2018-07-24,0.0,4.4 and up
Dairy Queen,FOOD_AND_DRINK,3.7,731,43.0,100000.0,Free,0.0,Everyone,Food & Drink,2018-07-25,0.0,4.1 and up
9th stage,FOOD_AND_DRINK,4.5,454,16.0,100000.0,Free,0.0,Everyone,Food & Drink,2018-03-28,0.0,4.0.3 and up
OpenRice,FOOD_AND_DRINK,3.6,14952,39.0,1000000.0,Free,0.0,Everyone,Food & Drink,2018-06-08,0.0,4.1 and up
S(WCB,FOOD_AND_DRINK,4.8,1250,13.0,50000.0,Free,0.0,Everyone,Food & Drink,2018-07-28,0.0,4.1 and up
Little Caesars,FOOD_AND_DRINK,3.3,1726,30.0,500000.0,Free,0.0,Everyone,Food & Drink,2018-07-19,4.26,4.4 and up
RPAHPMT5RFP,FOOD_AND_DRINK,4.7,14065,7.1,500000.0,Free,0.0,Everyone,Food & Drink,2018-06-12,0.0,4.1 and up
Om Waleed Sweets,FOOD_AND_DRINK,4.6,556,23.0,100000.0,Free,0.0,Teen,Food & Drink,2018-01-25,2.0,4.0 and up
"EFP""I",FOOD_AND_DRINK,4.6,4925,17.0,1000000.0,Free,0.0,Everyone,Food & Drink,2018-06-10,0.0,4.0.3 and up
W–FAO,FOOD_AND_DRINK,3.4,6507,18.0,1000000.0,Free,0.0,Everyone,Food & Drink,2018-04-12,0.0,4.4 and up
Healthy Recipes Free,FOOD_AND_DRINK,4.0,1077,17.0,100000.0,Free,0.0,Everyone,Food & Drink,2017-10-18,0.0,4.0.3 and up
CR&GL,FOOD_AND_DRINK,4.5,9066,15.0,500000.0,Free,0.0,Everyone,Food & Drink,2018-04-25,0.0,5.1 and up
Recipe Keeper,FOOD_AND_DRINK,4.4,1962,22.0,100000.0,Free,0.0,Everyone,Food & Drink,2018-06-27,0.0,4.1 and up
5HSCR,FOOD_AND_DRINK,4.0,196,9.0,10000.0,Free,0.0,Everyone 10+,Food & Drink,2017-02-17,1.2,2.3.3 and up
Easy Healthy Recipes,FOOD_AND_DRINK,4.1,278,7.2,50000.0,Free,0.0,Everyone,Food & Drink,2018-07-20,0.0,4.0 and up
PRM,FOOD_AND_DRINK,4.1,1268,2.3,50000.0,Paid,4.99,Everyone,Food & Drink,2018-06-03,0.0,4.0 and up
YR&SL,FOOD_AND_DRINK,4.5,91359,27.0,1000000.0,Free,0.0,Everyone,Food & Drink,2018-07-05,0.0,4.4 and up
Cookpad,FOOD_AND_DRINK,4.5,131569,8.2,10000000.0,Free,0.0,Everyone,Food & Drink,2018-08-03,0.0,4.2 and up
BRMPGL&M,FOOD_AND_DRINK,4.3,31986,76.0,1000000.0,Free,0.0,Teen,Food & Drink,2017-11-23,0.0,5.0 and up
PFDOE&A,FOOD_AND_DRINK,3.6,22875,22.0,1000000.0,Free,0.0,Everyone,Food & Drink,2018-07-27,0.0,5.0 and up
ORNM,FOOD_AND_DRINK,4.6,90242,19.0,5000000.0,Free,0.0,Everyone,Food & Drink,2018-07-31,0.0,5.0 and up
MCCFFD,FOOD_AND_DRINK,3.9,464,28.0,50000.0,Free,0.0,Everyone,Food & Drink,2018-05-22,0.0,4.4 and up
EFDA,FOOD_AND_DRINK,4.6,7690,25.0,100000.0,Free,0.0,Everyone,Food & Drink,2018-07-03,0.0,5.0 and up
Pizza Hut,FOOD_AND_DRINK,4.4,321134,30.0,10000000.0,Free,0.0,Everyone,Food & Drink,2018-06-12,0.0,4.1 and up
C-FD,FOOD_AND_DRINK,4.2,3755,8.5,100000.0,Free,0.0,Everyone,Food & Drink,2018-07-20,0.0,6.0 and up
Chick-fil-A,FOOD_AND_DRINK,4.3,28009,17.0,5000000.0,Free,0.0,Everyone,Food & Drink,2018-08-03,0.0,5.0 and up
UELFD,FOOD_AND_DRINK,4.2,333208,34.0,10000000.0,Free,0.0,Everyone,Food & Drink,2018-08-01,0.0,5.0 and up
SFD,FOOD_AND_DRINK,4.5,35218,34.0,1000000.0,Free,0.0,Everyone,Food & Drink,2018-08-02,7.12,5.0 and up
T-RBASO,FOOD_AND_DRINK,4.3,37517,17.0,5000000.0,Free,0.0,Everyone,Food & Drink,2018-07-20,0.0,4.1 and up
F-LFD,FOOD_AND_DRINK,4.0,292969,16.0,10000000.0,Free,0.0,Everyone,Food & Drink,2018-07-30,0.0,4.2 and up
HW-NE,HEALTH_AND_FITNESS,4.8,428156,15.0,10000000.0,Free,0.0,Everyone,Health & Fitness,2018-06-28,0.0,Varies with device
SC-CC,HEALTH_AND_FITNESS,4.0,1577,2.2,500000.0,Free,0.0,Everyone,Health & Fitness,2017-08-12,0.0,4.4 and up
LBFI3D-FS,HEALTH_AND_FITNESS,4.9,38098,11.0,5000000.0,Free,0.0,Everyone,Health & Fitness,2018-06-21,0.0,4.2 and up
P-SCF&CB,HEALTH_AND_FITNESS,4.8,31139,6.9,1000000.0,Free,0.0,Everyone,Health & Fitness,2018-07-24,0.0,4.1 and up
SPI3D-AW,HEALTH_AND_FITNESS,4.9,272337,13.0,10000000.0,Free,0.0,Everyone,Health & Fitness,2018-06-21,0.0,4.2 and up
LWI3D,HEALTH_AND_FITNESS,4.8,220125,11.0,10000000.0,Free,0.0,Everyone,Health & Fitness,2018-07-31,0.0,4.0 and up
Pedometer,HEALTH_AND_FITNESS,4.4,400592,2.9,10000000.0,Free,0.0,Everyone,Health & Fitness,2018-07-04,5.23,4.0 and up
LG Health,HEALTH_AND_FITNESS,3.3,20098,25.0,10000000.0,Free,0.0,Everyone,Health & Fitness,2018-05-14,0.0,4.4 and up
SC-PF&CC,HEALTH_AND_FITNESS,4.7,117925,7.0,10000000.0,Free,0.0,Everyone,Health & Fitness,2018-07-24,0.0,4.1 and up
PSC&WLTA,HEALTH_AND_FITNESS,4.6,548021,27.0,10000000.0,Free,0.0,Everyone,Health & Fitness,2018-08-02,0.0,4.1 and up
SGRCDT,HEALTH_AND_FITNESS,4.8,48276,7.5,1000000.0,Free,0.0,Everyone,Health & Fitness,2018-08-04,0.0,4.4 and up
HWFM-B,HEALTH_AND_FITNESS,4.8,12705,15.0,1000000.0,Free,0.0,Everyone,Health & Fitness,2018-07-10,0.0,4.0 and up
FBW-HWL,HEALTH_AND_FITNESS,4.5,706,9.4,100000.0,Free,0.0,Everyone,Health & Fitness,2018-07-24,0.0,4.1 and up
Buttocks and Abdomen,HEALTH_AND_FITNESS,4.4,465,6.4,500000.0,Free,0.0,Everyone,Health & Fitness,2018-06-07,1.08,4.0.3 and up
WFWL-WT,HEALTH_AND_FITNESS,4.5,644,5.5,100000.0,Free,0.0,Everyone,Health & Fitness,2018-07-25,0.0,4.1 and up
Running & Jogging,HEALTH_AND_FITNESS,4.5,6238,3.9,500000.0,Free,0.0,Everyone,Health & Fitness,2018-07-30,0.0,4.1 and up
WWMMW,HEALTH_AND_FITNESS,4.5,144040,55.0,5000000.0,Free,0.0,Everyone,Health & Fitness,2018-07-27,0.0,5.0 and up
Sleep Sounds,HEALTH_AND_FITNESS,4.8,51227,28.0,1000000.0,Free,0.0,Everyone,Health & Fitness,2018-07-13,0.0,4.0.3 and up
LBFAFW,HEALTH_AND_FITNESS,4.6,199,8.8,50000.0,Free,0.0,Everyone,Health & Fitness,2018-07-24,0.0,4.1 and up
C-BT,HEALTH_AND_FITNESS,4.5,9116,4.0,500000.0,Free,0.0,Everyone,Health & Fitness,2018-07-30,0.0,4.1 and up
ATBF,HEALTH_AND_FITNESS,4.7,2071,6.9,100000.0,Free,0.0,Everyone,Health & Fitness,2018-07-24,0.0,4.1 and up
CC-EF,HEALTH_AND_FITNESS,4.7,50294,11.0,1000000.0,Free,0.0,Everyone,Health & Fitness,2018-07-09,0.0,4.1 and up
Aunjai i lert u,HEALTH_AND_FITNESS,4.2,1140,5.5,500000.0,Free,0.0,Teen,Health & Fitness,2017-01-10,1.5,3.0 and up
BWLW,HEALTH_AND_FITNESS,4.2,14709,15.0,5000000.0,Free,0.0,Everyone,Health & Fitness,2018-07-26,0.0,5.0 and up
BC-GCT,HEALTH_AND_FITNESS,4.4,12029,4.3,1000000.0,Free,0.0,Everyone,Health & Fitness,2018-08-04,2.6,4.2 and up
SPFMBWNE,HEALTH_AND_FITNESS,4.6,2880,7.1,100000.0,Free,0.0,Everyone,Health & Fitness,2018-07-24,0.0,4.1 and up
WWM,HEALTH_AND_FITNESS,4.2,270267,58.0,5000000.0,Free,0.0,Everyone,Health & Fitness,2018-07-31,0.0,4.1 and up
TT-EUC,HEALTH_AND_FITNESS,4.5,8642,18.0,100000.0,Free,0.0,Everyone,Health & Fitness,2018-08-02,1.2,4.4 and up
WPD,HEALTH_AND_FITNESS,3.7,1861,1.5,1000000.0,Free,0.0,Everyone,Health & Fitness,2018-06-18,1.5,2.3 and up
RFHAFT,HEALTH_AND_FITNESS,4.5,1203,6.5,500000.0,Free,0.0,Everyone,Health & Fitness,2016-10-16,1.2,2.3.3 and up
AW-3DFAFSPA,HEALTH_AND_FITNESS,4.6,299,11.0,100000.0,Free,0.0,Everyone,Health & Fitness,2018-08-03,0.0,4.4 and up
8W&MP,HEALTH_AND_FITNESS,4.6,115721,67.0,10000000.0,Free,0.0,Everyone,Health & Fitness,2018-07-11,0.0,5.0 and up
Run with Map My Run,HEALTH_AND_FITNESS,4.5,183662,57.0,5000000.0,Free,0.0,Everyone,Health & Fitness,2018-07-27,0.0,5.0 and up
WLRBV,HEALTH_AND_FITNESS,4.5,27393,59.0,1000000.0,Free,0.0,Mature 17+,Health & Fitness,2018-07-16,0.0,4.1 and up
CT1RT,HEALTH_AND_FITNESS,4.6,10445,48.0,500000.0,Free,0.0,Everyone,Health & Fitness,2018-07-02,112.0,4.4 and up
P—FC,HEALTH_AND_FITNESS,4.0,49479,57.0,1000000.0,Free,0.0,Teen,Health & Fitness,2018-07-10,0.0,5.0 and up
HW-FBALA,HEALTH_AND_FITNESS,4.3,4848,13.0,1000000.0,Free,0.0,Everyone,Health & Fitness,2018-07-18,2.6,4.1 and up
FMMMRS,HEALTH_AND_FITNESS,4.6,205299,31.0,5000000.0,Free,0.0,Everyone,Health & Fitness,2018-07-16,3.48,4.1 and up
S5WGL&PT,HEALTH_AND_FITNESS,4.9,66791,10.0,1000000.0,Free,0.0,Everyone,Health & Fitness,2018-07-30,0.0,Varies with device
Run with Map My Run,HEALTH_AND_FITNESS,4.5,183669,57.0,5000000.0,Free,0.0,Everyone,Health & Fitness,2018-07-27,0.0,5.0 and up
WT&GT-FLB,HEALTH_AND_FITNESS,4.6,5420,21.0,500000.0,Free,0.0,Everyone,Health & Fitness,2018-06-05,0.0,4.1 and up
FPT&FW,HEALTH_AND_FITNESS,4.5,130104,25.0,10000000.0,Free,0.0,Everyone,Health & Fitness,2018-08-03,5.3,5.0 and up
NTC-W&FP,HEALTH_AND_FITNESS,4.6,251534,93.0,10000000.0,Free,0.0,Everyone,Health & Fitness,2018-07-18,0.0,5.0 and up
Fitbit Coach,HEALTH_AND_FITNESS,4.6,28951,60.0,1000000.0,Free,0.0,Everyone,Health & Fitness,2018-07-16,4.4,4.4 and up
JWTWLGLA,HEALTH_AND_FITNESS,4.5,60096,27.0,5000000.0,Free,0.0,Teen,Health & Fitness,2018-04-07,10.0,4.0.3 and up
MMRGCR,HEALTH_AND_FITNESS,4.5,106547,54.0,1000000.0,Free,0.0,Everyone,Health & Fitness,2018-07-27,0.0,5.0 and up
WLRBV,HEALTH_AND_FITNESS,4.5,27396,59.0,1000000.0,Free,0.0,Mature 17+,Health & Fitness,2018-07-16,0.0,4.1 and up
SW&FP,HEALTH_AND_FITNESS,4.6,109756,78.0,5000000.0,Free,0.0,Everyone,Health & Fitness,2018-08-01,0.0,4.0.3 and up
MMFWT,HEALTH_AND_FITNESS,4.4,38343,55.0,1000000.0,Free,0.0,Everyone,Health & Fitness,2018-07-27,0.0,5.0 and up
DY-YFP,HEALTH_AND_FITNESS,4.4,70769,35.0,5000000.0,Free,0.0,Everyone,Health & Fitness,2018-07-24,0.0,4.0 and up
RMSWSS,HEALTH_AND_FITNESS,4.4,26540,43.0,1000000.0,Free,0.0,Everyone,Health & Fitness,2017-02-09,0.0,4.0.3 and up
FM-TAB,HEALTH_AND_FITNESS,4.2,1608,39.0,100000.0,Free,0.0,Everyone,Health & Fitness,2016-07-28,6.7,2.3.3 and up
Meditate OM,HEALTH_AND_FITNESS,4.5,19074,4.2,1000000.0,Free,0.0,Everyone,Health & Fitness,2018-01-17,16.0,4.0 and up
Yoga - Track Yoga,HEALTH_AND_FITNESS,4.5,7976,44.0,500000.0,Free,0.0,Everyone,Health & Fitness,2018-07-09,7.0,4.0.3 and up
My Chakra Meditation,HEALTH_AND_FITNESS,4.4,7586,45.0,500000.0,Free,0.0,Everyone,Health & Fitness,2018-04-10,0.0,2.3.3 and up
MM-RY,HEALTH_AND_FITNESS,4.6,48226,28.0,1000000.0,Free,0.0,Everyone,Health & Fitness,2018-03-05,0.0,4.0.3 and up
Meditation Studio,HEALTH_AND_FITNESS,4.6,1026,29.0,10000.0,Paid,3.99,Everyone,Health & Fitness,2018-05-15,0.0,4.3 and up
DDGYA,HEALTH_AND_FITNESS,4.9,28945,12.0,500000.0,Free,0.0,Teen,Health & Fitness,2018-05-17,0.0,4.2 and up
2ME,HEALTH_AND_FITNESS,4.4,11506,15.0,100000.0,Free,0.0,Everyone,Health & Fitness,2018-08-02,0.0,4.1 and up
MCM2,HEALTH_AND_FITNESS,4.3,1288,31.0,100000.0,Free,0.0,Everyone,Health & Fitness,2018-04-10,0.0,2.3.3 and up
SHM,HEALTH_AND_FITNESS,4.7,11689,20.0,500000.0,Free,0.0,Everyone,Health & Fitness,2018-07-27,0.0,4.4 and up
HM&M,HEALTH_AND_FITNESS,4.6,77563,39.0,10000000.0,Free,0.0,Everyone,Health & Fitness,2018-07-23,0.0,4.2 and up
YSM&B,HEALTH_AND_FITNESS,4.3,5499,94.0,100000.0,Free,0.0,Everyone,Health & Fitness,2018-07-23,0.0,4.1 and up
MCPAO,HEALTH_AND_FITNESS,4.3,26652,41.0,1000000.0,Free,0.0,Everyone,Health & Fitness,2018-05-04,0.0,4.0.3 and up
IE-PA,HEALTH_AND_FITNESS,4.6,71269,49.0,1000000.0,Free,0.0,Everyone,Health & Fitness,2018-03-30,0.0,4.0.3 and up
TBPT,HEALTH_AND_FITNESS,4.6,20301,22.0,1000000.0,Free,0.0,Everyone,Health & Fitness,2018-05-16,3.22,4.3 and up
BOTFCAG,HEALTH_AND_FITNESS,4.6,56145,23.0,1000000.0,Free,0.0,Everyone,Health & Fitness,2018-08-01,0.0,5.0 and up
EPT-LS&RA,HEALTH_AND_FITNESS,4.6,20326,28.0,1000000.0,Free,0.0,Teen,Health & Fitness,2018-08-04,0.0,4.1 and up
FFOA,HEALTH_AND_FITNESS,4.5,12955,7.2,1000000.0,Free,0.0,Teen,Health & Fitness,2018-06-27,10.24,4.4 and up
Pregnancy Tracker,HEALTH_AND_FITNESS,4.1,2681,6.5,500000.0,Free,0.0,Everyone,Health & Fitness,2018-02-10,37.0,4.0.3 and up
SOPBC&CT,HEALTH_AND_FITNESS,4.6,4102,24.0,500000.0,Free,0.0,Everyone 10+,Health & Fitness,2018-07-19,0.0,4.2 and up
PTCPAOT,HEALTH_AND_FITNESS,4.8,570242,20.0,10000000.0,Free,0.0,Everyone,Health & Fitness,2018-08-02,0.0,4.1 and up
WomanLog Calendar,HEALTH_AND_FITNESS,4.5,121838,15.0,5000000.0,Free,0.0,Everyone,Health & Fitness,2018-05-23,0.0,4.0.3 and up
MMHGH,HEALTH_AND_FITNESS,4.4,12858,55.0,500000.0,Free,0.0,Everyone,Health & Fitness,2018-07-27,0.0,5.0 and up
RMBGT,HEALTH_AND_FITNESS,4.5,50679,38.0,1000000.0,Free,0.0,Everyone,Health & Fitness,2018-08-01,0.0,4.4 and up
AHR&MBT,HEALTH_AND_FITNESS,4.3,16943,32.0,1000000.0,Free,0.0,Everyone,Health & Fitness,2018-07-30,0.0,4.4 and up
Tracks,HEALTH_AND_FITNESS,4.6,623,40.0,50000.0,Free,0.0,Everyone 10+,Health & Fitness,2017-07-17,0.0,4.0.3 and up
T-CCDACT,HEALTH_AND_FITNESS,4.4,70416,23.0,5000000.0,Free,0.0,Everyone,Health & Fitness,2018-07-27,0.0,4.1 and up
CT5BR,HEALTH_AND_FITNESS,4.7,15674,6.1,1000000.0,Free,0.0,Everyone,Health & Fitness,2018-07-31,0.0,4.1 and up
WWM,HEALTH_AND_FITNESS,4.2,270294,58.0,5000000.0,Free,0.0,Everyone,Health & Fitness,2018-07-31,0.0,4.1 and up
WWMMW,HEALTH_AND_FITNESS,4.5,144050,55.0,5000000.0,Free,0.0,Everyone,Health & Fitness,2018-07-27,0.0,5.0 and up
CC-M,HEALTH_AND_FITNESS,4.5,27439,19.0,1000000.0,Free,0.0,Everyone,Health & Fitness,2018-07-16,0.0,5.0 and up
1BFFY,HEALTH_AND_FITNESS,4.0,2490,3.8,500000.0,Free,0.0,Everyone 10+,Health & Fitness,2017-02-17,1.9,2.3.3 and up
MCT,HEALTH_AND_FITNESS,4.6,24094,18.0,1000000.0,Free,0.0,Everyone,Health & Fitness,2018-07-09,0.0,4.1 and up
MDDCC,HEALTH_AND_FITNESS,4.1,18539,57.0,1000000.0,Free,0.0,Everyone,Health & Fitness,2018-07-30,0.0,4.0.3 and up
CC-M,HEALTH_AND_FITNESS,4.0,3061,5.5,100000.0,Free,0.0,Everyone,Health & Fitness,2016-08-27,0.0,5.0 and up
WLT-R,HEALTH_AND_FITNESS,4.4,20547,5.7,1000000.0,Free,0.0,Everyone,Health & Fitness,2017-11-29,0.0,4.1 and up
L-2HC,HEALTH_AND_FITNESS,4.1,3405,51.0,100000.0,Free,0.0,Everyone,Health & Fitness,2018-07-25,0.0,4.4 and up
MFJ,HEALTH_AND_FITNESS,3.5,217,9.4,50000.0,Free,0.0,Teen,Health & Fitness,2017-08-23,0.0,4.0.3 and up
HANG,HEALTH_AND_FITNESS,4.3,7895,3.3,500000.0,Free,0.0,Everyone,Health & Fitness,2018-07-15,3.3,4.0 and up
FCC,HEALTH_AND_FITNESS,4.2,1324,4.0,100000.0,Free,0.0,Everyone,Health & Fitness,2018-01-29,0.0,4.0 and up
Monitor Your Weight,HEALTH_AND_FITNESS,4.5,126017,4.3,5000000.0,Free,0.0,Everyone,Health & Fitness,2018-07-05,0.0,4.0 and up
EF-DAHF,HEALTH_AND_FITNESS,4.1,2469,3.6,100000.0,Free,0.0,Everyone,Health & Fitness,2014-07-23,0.0,2.3 and up
Self Healing,HEALTH_AND_FITNESS,4.5,14394,9.9,500000.0,Free,0.0,Everyone,Health & Fitness,2017-07-16,0.0,4.0.3 and up
Happify,HEALTH_AND_FITNESS,3.7,1812,37.0,100000.0,Free,0.0,Everyone,Health & Fitness,2018-07-24,0.0,4.4 and up
Relaxing Sounds,HEALTH_AND_FITNESS,4.6,4642,40.0,100000.0,Free,0.0,Everyone,Health & Fitness,2017-03-11,1.92,4.1 and up
White Sound Pro,HEALTH_AND_FITNESS,4.7,16570,73.0,500000.0,Free,0.0,Everyone,Health & Fitness,2018-07-29,0.0,4.4 and up
SAM,HEALTH_AND_FITNESS,4.0,2894,23.0,500000.0,Free,0.0,Everyone 10+,Health & Fitness,2017-02-22,0.0,4.0.3 and up
BW-BB,HEALTH_AND_FITNESS,4.4,5038,10.0,500000.0,Free,0.0,Everyone,Health & Fitness,2018-07-15,5.2,4.4 and up
PBC&M,HEALTH_AND_FITNESS,4.8,31665,8.4,1000000.0,Free,0.0,Everyone,Health & Fitness,2018-07-19,0.0,4.0 and up
White Noise Lite,HEALTH_AND_FITNESS,4.4,57634,41.0,1000000.0,Free,0.0,Everyone,Health & Fitness,2018-06-25,7.4,4.1 and up
ZFHFS&AFR,HOUSE_AND_HOME,4.5,417907,34.0,10000000.0,Free,0.0,Everyone,House & Home,2018-08-01,0.0,4.4 and up
VD-DPAH,HOUSE_AND_HOME,4.8,3167,7.5,100000.0,Free,0.0,Everyone,House & Home,2018-08-03,0.0,5.0 and up
RREHFSAR,HOUSE_AND_HOME,4.5,162243,12.0,10000000.0,Free,0.0,Everyone,House & Home,2018-07-26,8.18,4.0.3 and up
RES&RT,HOUSE_AND_HOME,4.1,65913,7.7,5000000.0,Free,0.0,Everyone,House & Home,2018-07-16,0.0,4.0.3 and up
5HT-RHMHNCRRVTTSASMBAHSPHM,HOUSE_AND_HOME,4.1,24977,21.0,1000000.0,Free,0.0,Everyone,House & Home,2018-08-01,0.0,4.0.3 and up
H🏠FSR,HOUSE_AND_HOME,4.0,6000,18.0,1000000.0,Free,0.0,Everyone,House & Home,2018-07-28,0.0,4.1 and up
CRBAAARAC3,HOUSE_AND_HOME,4.3,37711,40.0,1000000.0,Free,0.0,Everyone,House & Home,2018-07-31,0.0,4.4 and up
GRNFR,HOUSE_AND_HOME,3.7,2758,8.6,500000.0,Free,0.0,Everyone,House & Home,2018-06-25,0.0,4.0 and up
LIFULL HOME'S,HOUSE_AND_HOME,4.2,7573,18.0,1000000.0,Free,0.0,Everyone,House & Home,2018-07-25,0.0,4.2 and up
ALHAAPR,HOUSE_AND_HOME,4.5,8481,7.5,1000000.0,Free,0.0,Everyone,House & Home,2018-08-03,0.0,5.0 and up
GBKT,HOUSE_AND_HOME,4.3,10054,9.1,1000000.0,Free,0.0,Everyone,House & Home,2018-07-12,0.0,4.0.3 and up
AHRSRR,HOUSE_AND_HOME,3.9,10117,13.0,1000000.0,Free,0.0,Everyone,House & Home,2018-06-29,3.6,4.0.3 and up
5HT-HK,HOUSE_AND_HOME,4.3,3522,15.0,100000.0,Free,0.0,Everyone,House & Home,2018-08-02,0.0,4.0 and up
Redfin Real Estate,HOUSE_AND_HOME,4.6,36857,19.0,1000000.0,Free,0.0,Everyone,House & Home,2018-07-25,220.0,5.0 and up
D-RHIK,HOUSE_AND_HOME,4.4,23013,26.0,5000000.0,Free,0.0,Everyone,House & Home,2018-07-17,0.0,4.1 and up
DIY On A Budget,HOUSE_AND_HOME,4.7,114,8.3,10000.0,Free,0.0,Teen,House & Home,2018-02-18,2.1,4.1 and up
FFRESBU,HOUSE_AND_HOME,3.4,287,27.0,100000.0,Free,0.0,Everyone,House & Home,2018-05-29,0.0,4.4 and up
MBZC&R,HOUSE_AND_HOME,4.3,4435,7.9,500000.0,Free,0.0,Everyone,House & Home,2016-03-02,0.0,4.0 and up
RPI&FDFI,HOUSE_AND_HOME,4.0,4281,27.0,100000.0,Free,0.0,Everyone,House & Home,2018-08-05,858.0,4.0.3 and up
RAH,HOUSE_AND_HOME,4.0,7508,5.1,1000000.0,Free,0.0,Everyone,House & Home,2018-07-09,0.0,5.0 and up
GHTBAH,HOUSE_AND_HOME,3.8,491,15.0,100000.0,Free,0.0,Everyone,House & Home,2018-07-25,0.0,4.0.3 and up
ARS,HOUSE_AND_HOME,4.3,22584,16.0,1000000.0,Free,0.0,Everyone,House & Home,2018-07-16,0.0,4.4 and up
Hemnet,HOUSE_AND_HOME,3.6,4087,9.2,500000.0,Free,0.0,Everyone,House & Home,2018-07-16,0.0,4.1 and up
HABE~,HOUSE_AND_HOME,4.6,2669,10.0,500000.0,Free,0.0,Teen,House & Home,2018-08-03,0.0,4.1 and up
N-REANBL,HOUSE_AND_HOME,4.5,7619,13.0,100000.0,Free,0.0,Everyone,House & Home,2018-07-12,0.0,4.0.3 and up
Ruler,HOUSE_AND_HOME,4.7,126,1.9,10000.0,Free,0.0,Everyone,House & Home,2017-08-21,1.0,4.0 and up
HDSAMMD,HOUSE_AND_HOME,4.3,273,7.0,50000.0,Free,0.0,Everyone,House & Home,2018-05-30,1.2,4.0.3 and up
乐BAHSAHRAH,HOUSE_AND_HOME,3.7,2248,15.0,100000.0,Free,0.0,Everyone,House & Home,2018-08-03,0.0,4.0 and up
iProperty Malaysia,HOUSE_AND_HOME,4.2,809,7.8,100000.0,Free,0.0,Everyone,House & Home,2018-07-25,0.0,4.0 and up
CV,HOUSE_AND_HOME,3.4,3280,77.0,1000000.0,Free,0.0,Everyone,House & Home,2018-06-29,0.0,4.0.3 and up
ADI,HOUSE_AND_HOME,3.9,1478,5.7,100000.0,Free,0.0,Everyone,House & Home,2015-03-13,1.2,3.0 and up
BDI,HOUSE_AND_HOME,4.0,2382,5.9,500000.0,Free,0.0,Everyone,House & Home,2015-04-07,1.7,3.0 and up
Room Painting Ideas,HOUSE_AND_HOME,4.0,4450,7.6,1000000.0,Free,0.0,Everyone,House & Home,2015-03-17,1.7,3.0 and up
Kitchen Island Ideas,HOUSE_AND_HOME,4.0,515,5.8,50000.0,Free,0.0,Everyone,House & Home,2015-05-30,1.5,3.0 and up
LRDI,HOUSE_AND_HOME,4.0,4465,5.8,1000000.0,Free,0.0,Everyone,House & Home,2015-03-06,1.7,3.0 and up
BDI,HOUSE_AND_HOME,4.1,2427,5.3,500000.0,Free,0.0,Everyone,House & Home,2015-03-12,1.4,3.0 and up
WDI,HOUSE_AND_HOME,3.9,6631,5.5,1000000.0,Free,0.0,Everyone,House & Home,2015-03-11,1.5,3.0 and up
Z-ARF,HOUSE_AND_HOME,4.4,11200,25.0,1000000.0,Free,0.0,Everyone,House & Home,2018-07-16,0.0,5.0 and up
RAFA,HOUSE_AND_HOME,4.4,6896,35.0,500000.0,Free,0.0,Everyone,House & Home,2017-08-30,0.0,4.1 and up
HRE&R,HOUSE_AND_HOME,4.3,3834,30.0,500000.0,Free,0.0,Everyone,House & Home,2018-07-31,0.0,4.2 and up
TMC,HOUSE_AND_HOME,4.1,81,16.0,50000.0,Free,0.0,Everyone,House & Home,2018-02-16,0.0,4.4 and up
Quotes,LIBRARIES_AND_DEMO,4.4,58,15.0,10000.0,Free,0.0,Everyone,Libraries & Demo,2018-07-06,1.0,4.0.3 and up
BNR2F🔥FA,LIBRARIES_AND_DEMO,4.6,3014,21.0,100000.0,Free,0.0,Everyone,Libraries & Demo,2018-06-27,1.1,5.0 and up
SUDOKU,LIBRARIES_AND_DEMO,4.1,923,4.3,100000.0,Free,0.0,Everyone,Libraries & Demo,2015-10-15,3.1,2.3 and up
AEC,LIBRARIES_AND_DEMO,3.8,67007,232.0,5000000.0,Free,0.0,Everyone,Libraries & Demo,2013-03-06,0.0,2.2 and up
Chakra Cleansing,LIBRARIES_AND_DEMO,4.6,539,99.0,50000.0,Free,0.0,Everyone,Libraries & Demo,2018-08-02,7.0,4.0.3 and up
ASFP,LIBRARIES_AND_DEMO,3.5,126862,624.0,10000000.0,Free,0.0,Everyone,Libraries & Demo,2012-01-17,1.0,2.2 and up
Call Recorder,LIBRARIES_AND_DEMO,4.7,48,6.9,1000.0,Free,0.0,Everyone,Libraries & Demo,2018-05-25,0.0,4.0 and up
PWSKT,LIBRARIES_AND_DEMO,4.3,1465,7.0,100000.0,Free,0.0,Everyone,Libraries & Demo,2018-07-09,0.0,4.0.3 and up
ACR2,LIBRARIES_AND_DEMO,4.5,929,7.0,50000.0,Free,0.0,Everyone,Libraries & Demo,2018-02-16,0.0,4.0 and up
CVTM,LIBRARIES_AND_DEMO,4.4,783,6.4,100000.0,Free,0.0,Everyone,Libraries & Demo,2017-06-10,1.6,2.2 and up
chicken song,LIBRARIES_AND_DEMO,4.3,434,16.0,100000.0,Free,0.0,Everyone,Libraries & Demo,2018-06-06,0.0,2.3 and up
BBM,LIBRARIES_AND_DEMO,4.3,411,95.0,50000.0,Free,0.0,Everyone,Libraries & Demo,2018-06-08,5.0,4.0.3 and up
Essential Resources,LIBRARIES_AND_DEMO,4.6,237,8.5,50000.0,Free,0.0,Everyone,Libraries & Demo,2017-09-27,1.02,7.1 and up
MOMOLAND BBoom BBoom,LIBRARIES_AND_DEMO,4.6,2580,20.0,100000.0,Free,0.0,Everyone,Libraries & Demo,2018-03-08,2.0,2.3 and up
Cardboard,LIBRARIES_AND_DEMO,4.2,130272,50.0,10000000.0,Free,0.0,Everyone,Libraries & Demo,2016-03-14,1.8,4.1 and up
BS&BRFF2,LIBRARIES_AND_DEMO,4.6,130,12.0,10000.0,Free,0.0,Everyone,Libraries & Demo,2018-02-23,1.0,4.0.3 and up
TPR2F🔥,LIBRARIES_AND_DEMO,4.4,7396,22.0,500000.0,Free,0.0,Everyone,Libraries & Demo,2018-07-06,5.28,4.0.3 and up
Wifi Connect Library,LIBRARIES_AND_DEMO,3.9,58055,41.0,5000000.0,Free,0.0,Everyone,Libraries & Demo,2016-11-07,0.0,1.5 and up
SFR2🔔,LIBRARIES_AND_DEMO,4.5,1703,22.0,100000.0,Free,0.0,Everyone,Libraries & Demo,2018-03-01,3.1,4.0.3 and up
Apk Installer,LIBRARIES_AND_DEMO,3.8,7750,292.0,1000000.0,Free,0.0,Everyone,Libraries & Demo,2011-06-29,1.0,1.6 and up
SR2,LIBRARIES_AND_DEMO,4.3,6,5.5,10000.0,Free,0.0,Everyone,Libraries & Demo,2018-08-03,0.0,4.2 and up
Eternal life,LIBRARIES_AND_DEMO,5.0,26,2.5,1000.0,Free,0.0,Everyone,Libraries & Demo,2018-05-24,1.0,1.6 and up
V380s,LIBRARIES_AND_DEMO,3.2,1919,8.1,500000.0,Free,0.0,Everyone,Libraries & Demo,2018-07-11,0.0,4.1 and up
CPR2🔥,LIBRARIES_AND_DEMO,4.5,60170,28.0,1000000.0,Free,0.0,Everyone,Libraries & Demo,2018-07-13,2.4,5.0 and up
BAIIYL,LIBRARIES_AND_DEMO,4.7,831,24.0,100000.0,Free,0.0,Everyone,Libraries & Demo,2018-02-20,8.0,2.3 and up
Wifi Test,LIBRARIES_AND_DEMO,4.0,8671,3.1,1000000.0,Free,0.0,Everyone,Libraries & Demo,2018-07-03,3.6,4.0 and up
AWWNWN,LIBRARIES_AND_DEMO,3.8,912,13.0,500000.0,Free,0.0,Everyone,Libraries & Demo,2018-01-09,0.0,2.3 and up
GNAWN,LIBRARIES_AND_DEMO,4.7,2639,19.0,500000.0,Free,0.0,Everyone,Libraries & Demo,2017-12-11,6.0,2.3 and up
R M Lock Screen,LIBRARIES_AND_DEMO,4.5,399,9.5,100000.0,Free,0.0,Everyone,Libraries & Demo,2018-05-22,1.1,4.0.3 and up
Barcode Scanner,LIBRARIES_AND_DEMO,4.2,3945,9.4,500000.0,Free,0.0,Everyone,Libraries & Demo,2018-01-09,0.0,3.2 and up
New Ringtones 2018,LIBRARIES_AND_DEMO,4.1,3781,36.0,1000000.0,Free,0.0,Everyone,Libraries & Demo,2018-04-15,1.8,4.0 and up
EyeCloud,LIBRARIES_AND_DEMO,3.1,1267,55.0,100000.0,Free,0.0,Everyone,Libraries & Demo,2018-08-02,0.0,4.4 and up
DDG,LIFESTYLE,4.1,18968,32.0,5000000.0,Free,0.0,Teen,Lifestyle,2018-04-26,5.1,4.1 and up
metroZONE,LIFESTYLE,4.1,47497,34.0,10000000.0,Free,0.0,Everyone,Lifestyle,2018-06-08,0.0,5.0 and up
EHSD,LIFESTYLE,4.3,601,5.1,100000.0,Free,0.0,Everyone,Lifestyle,2017-12-20,1.0,2.3 and up
TBBBG,LIFESTYLE,4.0,140995,100.0,10000000.0,Free,0.0,Everyone,Lifestyle;Pretend Play,2018-07-16,9.0,4.0 and up
BWADBD,LIFESTYLE,4.6,51357,80.0,5000000.0,Free,0.0,Everyone,Lifestyle,2018-07-31,8.0,4.0 and up
GWB,LIFESTYLE,4.4,13565,3.3,1000000.0,Free,0.0,Everyone,Lifestyle,2018-08-05,2.5,4.0 and up
C-MK,LIFESTYLE,4.4,39364,28.0,5000000.0,Free,0.0,Everyone,Lifestyle,2018-07-17,10.19,4.0.3 and up
EMT,LIFESTYLE,4.3,7287,5.0,1000000.0,Free,0.0,Everyone,Lifestyle,2016-11-03,1.0,2.3 and up
H–DZHAA,LIFESTYLE,4.6,161143,11.0,10000000.0,Free,0.0,Everyone 10+,Lifestyle,2018-06-25,0.0,4.0.3 and up
Entel,LIFESTYLE,3.2,16168,55.0,1000000.0,Free,0.0,Everyone,Lifestyle,2018-07-26,0.0,4.0.3 and up
ZenUI Safeguard,LIFESTYLE,4.5,100,7.1,1000000.0,Free,0.0,Everyone,Lifestyle,2018-05-09,0.0,7.0 - 7.1.1
L4R!(&S,LIFESTYLE,4.6,116079,3.2,5000000.0,Free,0.0,Everyone,Lifestyle,2018-05-20,5.8,2.3 and up
Diary with lock,LIFESTYLE,4.6,815893,4.4,10000000.0,Free,0.0,Everyone,Lifestyle,2018-06-30,4.9,4.1 and up
FQDYD,LIFESTYLE,4.3,985,16.0,500000.0,Free,0.0,Everyone,Lifestyle,2018-05-31,3.7,7.0 and up
Telstra,LIFESTYLE,3.0,4260,6.3,5000000.0,Free,0.0,Everyone,Lifestyle,2017-08-08,6.1,2.3.3 and up
FL-GT,LIFESTYLE,4.4,726074,45.0,10000000.0,Free,0.0,Everyone,Lifestyle,2018-08-02,0.0,4.4 and up
VN2-LVS&LA,LIFESTYLE,4.4,3829,23.0,1000000.0,Free,0.0,Everyone,Lifestyle,2018-06-01,0.0,4.1 and up
Safeway,LIFESTYLE,4.3,33572,37.0,1000000.0,Free,0.0,Everyone,Lifestyle,2018-08-02,0.0,4.4 and up
HTC Speak,LIFESTYLE,3.5,6145,13.0,10000000.0,Free,0.0,Everyone,Lifestyle,2016-06-30,0.0,5.0 and up
KED:HTDSBS,LIFESTYLE,4.3,34327,8.1,5000000.0,Free,0.0,Everyone,Lifestyle,2018-07-17,0.0,4.0 and up
T-FYNT,LIFESTYLE,4.5,7457,13.0,1000000.0,Free,0.0,Teen,Lifestyle,2018-08-03,0.0,4.1 and up
H&M,LIFESTYLE,3.7,41941,14.0,10000000.0,Free,0.0,Everyone,Lifestyle,2018-07-30,0.0,4.4 and up
Samsung+,LIFESTYLE,4.5,82145,30.0,50000000.0,Free,0.0,Everyone,Lifestyle,2018-07-05,0.0,4.4 and up
AACMYOA,LIFESTYLE,4.2,10944,36.0,1000000.0,Free,0.0,Everyone,Lifestyle,2018-06-15,2.0,4.1 and up
BDBC,LIFESTYLE,4.3,665,3.0,500000.0,Free,0.0,Everyone,Lifestyle,2018-08-04,2.0,2.3 and up
PAKTNOTCFHN,LIFESTYLE,4.6,2167,1.4,500000.0,Free,0.0,Everyone,Lifestyle,2018-01-07,1.0,2.3 and up
SSS-SSA,LIFESTYLE,4.5,53652,39.0,1000000.0,Free,0.0,Everyone,Lifestyle,2018-08-05,2.15,5.0 and up
Caf - My Account,LIFESTYLE,3.9,18961,1.8,5000000.0,Free,0.0,Everyone,Lifestyle,2015-09-24,0.0,2.3 and up
H Pack,LIFESTYLE,4.3,9412,1.7,1000000.0,Free,0.0,Everyone,Lifestyle,2016-12-17,0.0,4.0.3 and up
FCSF,LIFESTYLE,3.3,9663,19.0,1000000.0,Free,0.0,Everyone,Lifestyle,2018-07-16,6.97,4.4 and up
သA-MTKB,LIFESTYLE,4.7,2225,15.0,100000.0,Free,0.0,Everyone,Lifestyle,2018-07-26,0.0,4.0.3 and up
w UN map,LIFESTYLE,4.2,23164,10.0,1000000.0,Free,0.0,Mature 17+,Lifestyle,2018-07-24,2.6,5.0 and up
OMKA,LIFESTYLE,3.2,3031,2.7,1000000.0,Free,0.0,Everyone,Lifestyle,2018-07-03,0.0,4.0 and up
Galaxy Gift,LIFESTYLE,4.4,95557,16.0,10000000.0,Free,0.0,Everyone,Lifestyle,2018-07-23,0.0,4.0.3 and up
PBK(KC,LIFESTYLE,3.5,7869,21.0,1000000.0,Free,0.0,Everyone,Lifestyle,2018-08-01,0.0,4.4 and up
SSS,LIFESTYLE,3.7,4212,20.0,1000000.0,Free,0.0,Everyone,Lifestyle,2018-07-25,0.0,2.3 and up
RGBL,LIFESTYLE,3.8,17368,14.0,10000000.0,Free,0.0,Everyone,Lifestyle,2018-06-27,0.0,4.0 and up
UM-BGMK,LIFESTYLE,3.8,6554,76.0,500000.0,Free,0.0,Teen,Lifestyle,2018-06-20,0.0,4.1 and up
OC[OP,LIFESTYLE,3.7,33264,18.0,10000000.0,Free,0.0,Everyone,Lifestyle,2018-06-15,0.0,4.0 and up
J-C&C,LIFESTYLE,4.6,34782,12.0,1000000.0,Free,0.0,Everyone,Lifestyle,2018-06-22,0.0,4.3 and up
MK eCatalog,LIFESTYLE,4.0,6676,6.2,1000000.0,Free,0.0,Everyone,Lifestyle,2018-02-21,3.0,4.2 and up
Fashion in Vogue,LIFESTYLE,3.8,1797,6.8,100000.0,Free,0.0,Everyone,Lifestyle,2016-09-27,2.0,4.3 and up
StyleSeat,LIFESTYLE,4.7,20304,24.0,500000.0,Free,0.0,Everyone,Lifestyle,2018-07-31,4.35,4.0.3 and up
WCW,LIFESTYLE,3.9,7376,19.0,1000000.0,Free,0.0,Everyone,Lifestyle,2018-01-11,0.0,4.1 and up
MD-CC🗓,LIFESTYLE,4.1,49147,13.0,1000000.0,Free,0.0,Everyone,Lifestyle,2018-05-07,0.0,4.1 and up
JGC,LIFESTYLE,4.6,69177,15.0,1000000.0,Free,0.0,Teen,Lifestyle,2017-08-02,0.0,4.4 and up
WLBTK,LIFESTYLE,4.2,3448,13.0,100000.0,Free,0.0,Everyone,Lifestyle,2018-07-09,0.0,4.0.3 and up
WPBW-VC,LIFESTYLE,4.2,3788,44.0,1000000.0,Free,0.0,Everyone,Lifestyle,2018-07-24,0.0,5.0 and up
W-WP,LIFESTYLE,4.6,1658,9.7,100000.0,Free,0.0,Everyone,Lifestyle,2018-07-31,0.0,4.4 and up
DIY Garden Ideas,LIFESTYLE,4.1,3309,13.0,500000.0,Free,0.0,Everyone,Lifestyle,2018-08-05,10.0,4.0 and up
Brit + Co,LIFESTYLE,3.9,987,4.5,10000.0,Free,0.0,Everyone,Lifestyle,2017-08-29,0.0,4.0 and up
CI-D&C,LIFESTYLE,4.0,5208,4.5,100000.0,Free,0.0,Teen,Lifestyle,2017-11-23,1.37,4.0 and up
HID&DI,LIFESTYLE,4.1,78298,29.0,5000000.0,Free,0.0,Everyone,Lifestyle,2018-08-02,0.0,4.1 and up
J-C&C,LIFESTYLE,4.6,34802,12.0,1000000.0,Free,0.0,Everyone,Lifestyle,2018-06-22,0.0,4.3 and up
WSIS,LIFESTYLE,4.1,6808,12.0,500000.0,Free,0.0,Teen,Lifestyle,2017-06-05,0.0,4.1 and up
Chictopia,LIFESTYLE,4.1,360,4.6,10000.0,Free,0.0,Everyone,Lifestyle,2014-04-30,0.0,2.2 and up
SFD,LIFESTYLE,4.4,16637,10.0,1000000.0,Free,0.0,Everyone,Lifestyle,2017-06-18,1.8,2.3 and up
Zara,LIFESTYLE,4.3,95904,33.0,10000000.0,Free,0.0,Everyone,Lifestyle,2018-07-30,0.0,4.1 and up
Zara,LIFESTYLE,4.3,95905,33.0,10000000.0,Free,0.0,Everyone,Lifestyle,2018-07-30,0.0,4.1 and up
REBM,LIFESTYLE,4.4,3114,13.0,100000.0,Free,0.0,Everyone,Lifestyle,2018-02-20,6.1,4.0.3 and up
Etta Homes,LIFESTYLE,4.2,220,15.0,50000.0,Free,0.0,Everyone,Lifestyle,2018-07-26,0.0,5.0 and up
Houlihan Lawrence,LIFESTYLE,4.4,33,23.0,5000.0,Free,0.0,Everyone,Lifestyle,2017-10-12,0.0,4.2 and up
HSMM,LIFESTYLE,4.3,1533,7.7,100000.0,Free,0.0,Everyone,Lifestyle,2016-09-27,0.0,2.2 and up
ZRE&H,LIFESTYLE,4.0,3937,15.0,100000.0,Free,0.0,Everyone,Lifestyle,2018-07-27,0.0,4.4 and up
SIR,LIFESTYLE,4.2,894,25.0,50000.0,Free,0.0,Everyone,Lifestyle,2018-04-09,0.0,4.0.3 and up
N&A,LIFESTYLE,3.9,2042,3.0,100000.0,Free,0.0,Everyone,Lifestyle,2015-08-28,0.0,4.0 and up
KWRE,LIFESTYLE,4.4,13213,22.0,1000000.0,Free,0.0,Everyone,Lifestyle,2018-03-28,0.0,4.0.3 and up
BTF-WNSS,LIFESTYLE,4.5,10097,7.5,500000.0,Free,0.0,Everyone,Lifestyle,2018-04-26,1.2,4.0 and up
Nature Sounds,LIFESTYLE,4.8,28588,24.0,1000000.0,Free,0.0,Everyone,Lifestyle,2018-03-01,0.0,4.0.3 and up
White Noise Baby,LIFESTYLE,4.5,10544,44.0,1000000.0,Free,0.0,Everyone,Lifestyle,2018-06-18,5.3,4.1 and up
7DFJC,LIFESTYLE,4.5,3346,14.0,100000.0,Free,0.0,Teen,Lifestyle,2017-03-08,0.0,4.0.3 and up
ROBLOX,GAME,4.5,4447388,67.0,100000000.0,Free,0.0,Everyone 10+,Adventure;Action & Adventure,2018-07-31,0.0,4.1 and up
Subway Surfers,GAME,4.5,27722264,76.0,1000000000.0,Free,0.0,Everyone 10+,Arcade,2018-07-12,0.0,4.1 and up
Candy Crush Saga,GAME,4.4,22426677,74.0,500000000.0,Free,0.0,Everyone,Casual,2018-07-05,0.0,4.1 and up
Solitaire,GAME,4.7,254258,23.0,10000000.0,Free,0.0,Everyone,Card,2018-08-01,0.0,4.1 and up
Bubble Shooter,GAME,4.5,148897,46.0,10000000.0,Free,0.0,Everyone,Casual,2018-07-17,0.0,4.0.3 and up
HKNS,GAME,4.2,369203,24.0,50000000.0,Free,0.0,Everyone,Casual;Pretend Play,2018-04-17,1.5,4.1 and up
Clash Royale,GAME,4.6,23133508,97.0,100000000.0,Free,0.0,Everyone 10+,Strategy,2018-06-27,0.0,4.1 and up
Temple Run 2,GAME,4.3,8118609,62.0,500000000.0,Free,0.0,Everyone,Action,2018-07-05,0.0,4.0 and up
Pou,GAME,4.3,10485308,24.0,500000000.0,Free,0.0,Everyone,Casual,2018-05-25,0.0,4.0 and up
Helix Jump,GAME,4.2,1497361,33.0,100000000.0,Free,0.0,Everyone,Action,2018-04-09,0.0,4.1 and up
Block Puzzle,GAME,4.6,59800,7.8,5000000.0,Free,0.0,Everyone,Puzzle,2018-03-06,2.9,2.3 and up
Angry Birds Rio,GAME,4.4,2610526,46.0,100000000.0,Free,0.0,Everyone,Arcade,2018-07-03,0.0,4.1 and up
PVZF,GAME,4.4,4066989,69.0,100000000.0,Free,0.0,Everyone 10+,Strategy,2018-07-06,0.0,4.1 and up
Sonic Dash,GAME,4.5,3778921,75.0,100000000.0,Free,0.0,Everyone,Arcade,2018-07-26,0.0,4.1 and up
CCSS,GAME,4.4,6198563,67.0,100000000.0,Free,0.0,Everyone,Casual,2018-07-10,0.0,4.1 and up
Zombie Hunter King,GAME,4.3,10306,50.0,1000000.0,Free,0.0,Mature 17+,Action,2018-08-01,0.0,2.3 and up
Clash of Clans,GAME,4.6,44891723,98.0,100000000.0,Free,0.0,Everyone 10+,Strategy,2018-07-15,0.0,4.1 and up
BPCL!,GAME,4.2,17039,4.9,5000000.0,Free,0.0,Everyone,Puzzle,2018-04-13,2.9,2.3.3 and up
PAC-MAN,GAME,4.2,685981,37.0,100000000.0,Free,0.0,Everyone,Arcade,2018-05-15,0.0,4.1 and up
SJJ-P3,GAME,4.5,10393,18.0,1000000.0,Free,0.0,Everyone,Arcade,2018-07-11,0.0,4.0 and up
8 Ball Pool,GAME,4.5,14198297,52.0,100000000.0,Free,0.0,Everyone,Sports,2018-07-31,0.0,4.0.3 and up
Bubble Witch 3 Saga,GAME,4.7,1732263,78.0,50000000.0,Free,0.0,Everyone,Puzzle,2018-07-17,0.0,3.0 and up
Word Search,GAME,4.7,295241,3.9,10000000.0,Free,0.0,Everyone,Word,2018-06-06,0.0,3.0 and up
Granny,GAME,4.5,1135631,59.0,50000000.0,Free,0.0,Teen,Arcade,2018-05-29,0.0,4.0 and up
Angry Birds Classic,GAME,4.4,5566669,97.0,100000000.0,Free,0.0,Everyone,Arcade,2018-05-24,0.0,4.1 and up
Flow Free,GAME,4.3,1295557,11.0,100000000.0,Free,0.0,Everyone,Puzzle,2018-04-11,4.0,4.1 and up
RTTM,GAME,3.8,270687,38.0,10000000.0,Free,0.0,Teen,Racing,2018-07-20,0.0,4.0.3 and up
BFC,GAME,4.1,68057,85.0,10000000.0,Free,0.0,Everyone,Casual;Creativity,2018-07-30,0.0,4.1 and up
CCJS,GAME,4.3,1300490,78.0,50000000.0,Free,0.0,Everyone,Puzzle,2018-07-20,0.0,4.0 and up
Hill Climb Racing,GAME,4.4,8923587,63.0,100000000.0,Free,0.0,Everyone,Racing,2018-07-02,0.0,4.2 and up
M-TQ,GAME,4.3,42053,24.0,10000000.0,Free,0.0,Everyone,Puzzle,2018-06-21,4.9,4.0.3 and up
Shooting King,GAME,4.4,257724,69.0,10000000.0,Free,0.0,Everyone 10+,Sports,2018-05-25,0.0,4.0.3 and up
Zombie Catchers,GAME,4.7,990491,75.0,10000000.0,Free,0.0,Everyone,Action,2018-05-24,0.0,4.1 and up
Farm Heroes Saga,GAME,4.4,7614130,70.0,100000000.0,Free,0.0,Everyone,Casual,2018-07-26,0.0,2.3 and up
Geometry Dash World,GAME,4.6,760628,63.0,10000000.0,Free,0.0,Everyone,Arcade,2017-12-22,1.03,4.0 and up
My Talking Angela,GAME,4.5,9881829,99.0,100000000.0,Free,0.0,Everyone,Casual,2018-07-03,0.0,4.1 and up
CTRFF,GAME,4.4,2123381,49.0,100000000.0,Free,0.0,Everyone,Puzzle,2018-07-05,0.0,4.1 and up
Subway Surfers,GAME,4.5,27723193,76.0,1000000000.0,Free,0.0,Everyone 10+,Arcade,2018-07-12,0.0,4.1 and up
ROBLOX,GAME,4.5,4447346,67.0,100000000.0,Free,0.0,Everyone 10+,Adventure;Action & Adventure,2018-07-31,0.0,4.1 and up
Pou,GAME,4.3,10485334,24.0,500000000.0,Free,0.0,Everyone,Casual,2018-05-25,0.0,4.0 and up
8 Ball Pool,GAME,4.5,14198602,52.0,100000000.0,Free,0.0,Everyone,Sports,2018-07-31,0.0,4.0.3 and up
Candy Crush Saga,GAME,4.4,22428456,74.0,500000000.0,Free,0.0,Everyone,Casual,2018-07-05,0.0,4.1 and up
PVZF,GAME,4.4,4066980,69.0,100000000.0,Free,0.0,Everyone 10+,Strategy,2018-07-06,0.0,4.1 and up
Cooking Fever,GAME,4.5,3197865,82.0,100000000.0,Free,0.0,Everyone,Arcade,2018-07-12,0.0,4.0.3 and up
Score! Hero,GAME,4.6,5418675,96.0,100000000.0,Free,0.0,Everyone,Sports,2018-06-13,1.751,4.4 and up
My Talking Angela,GAME,4.5,9881908,99.0,100000000.0,Free,0.0,Everyone,Casual,2018-07-03,0.0,4.1 and up
Bubble Shooter,GAME,4.5,148895,46.0,10000000.0,Free,0.0,Everyone,Casual,2018-07-17,0.0,4.0.3 and up
ML&CN-TOG,GAME,4.5,183846,99.0,10000000.0,Free,0.0,Everyone,Action,2018-07-30,0.0,4.4 and up
Wordscapes,GAME,4.8,230710,87.0,10000000.0,Free,0.0,Everyone,Word,2018-08-02,0.0,4.1 and up
Word Search,GAME,4.7,295305,3.9,10000000.0,Free,0.0,Everyone,Word,2018-06-06,0.0,3.0 and up
CCSS,GAME,4.4,6198880,67.0,100000000.0,Free,0.0,Everyone,Casual,2018-07-10,0.0,4.1 and up
Garena Free Fire,GAME,4.5,5465624,53.0,100000000.0,Free,0.0,Teen,Action,2018-08-03,0.0,4.0.3 and up
Block Puzzle,GAME,4.6,59854,7.8,5000000.0,Free,0.0,Everyone,Puzzle,2018-03-06,2.9,2.3 and up
Clash Royale,GAME,4.6,23134775,97.0,100000000.0,Free,0.0,Everyone 10+,Strategy,2018-06-27,0.0,4.1 and up
Granny,GAME,4.5,1137271,59.0,50000000.0,Free,0.0,Teen,Arcade,2018-05-29,0.0,4.0 and up
Angry Birds Rio,GAME,4.4,2610622,46.0,100000000.0,Free,0.0,Everyone,Arcade,2018-07-03,0.0,4.1 and up
Zombie Catchers,GAME,4.7,990586,75.0,10000000.0,Free,0.0,Everyone,Action,2018-05-24,0.0,4.1 and up
Zombie Hunter King,GAME,4.3,10354,50.0,1000000.0,Free,0.0,Mature 17+,Action,2018-08-01,0.0,2.3 and up
Temple Run 2,GAME,4.3,8118937,62.0,500000000.0,Free,0.0,Everyone,Action,2018-07-05,0.0,4.0 and up
Jungle Marble Blast,GAME,4.3,18985,23.0,5000000.0,Free,0.0,Everyone,Casual,2018-07-23,0.0,4.0.3 and up
Rider,GAME,4.5,655067,72.0,10000000.0,Free,0.0,Teen,Arcade,2017-07-17,0.0,4.0.3 and up
Farm Heroes Saga,GAME,4.4,7614271,70.0,100000000.0,Free,0.0,Everyone,Casual,2018-07-26,0.0,2.3 and up
SJJ-P3,GAME,4.5,10434,18.0,1000000.0,Free,0.0,Everyone,Arcade,2018-07-11,0.0,4.0 and up
RTB-SP,GAME,4.5,1385093,35.0,100000000.0,Free,0.0,Everyone,Puzzle,2018-08-02,0.0,4.1 and up
Talking Tom Gold Run,GAME,4.6,2698348,78.0,100000000.0,Free,0.0,Everyone,Action,2018-07-31,0.0,4.1 and up
PACBNG,GAME,4.7,1125017,25.0,10000000.0,Free,0.0,Everyone,Puzzle,2018-07-17,0.0,4.3 and up
DLS2,GAME,4.6,9882639,74.0,100000000.0,Free,0.0,Everyone,Sports,2018-07-16,5.064,4.4 and up
Angry Birds Classic,GAME,4.4,5566805,97.0,100000000.0,Free,0.0,Everyone,Arcade,2018-05-24,0.0,4.1 and up
Fruits Bomb,GAME,4.4,74673,17.0,10000000.0,Free,0.0,Everyone,Casual,2018-07-06,0.0,4.0.3 and up
Traffic Racer,GAME,4.5,5387639,53.0,100000000.0,Free,0.0,Everyone,Racing,2018-02-27,2.5,4.1 and up
Flow Free,GAME,4.3,1295606,11.0,100000000.0,Free,0.0,Everyone,Puzzle,2018-04-11,4.0,4.1 and up
Knife Hit,GAME,4.5,461137,60.0,10000000.0,Free,0.0,Everyone,Arcade,2018-05-22,0.0,4.0.3 and up
BC3BSGFF,GAME,4.5,946926,57.0,50000000.0,Free,0.0,Everyone,Simulation,2018-03-05,0.0,4.0.3 and up
FFPPT,GAME,4.4,9305,14.0,1000000.0,Free,0.0,Everyone,Casual,2018-08-02,0.0,4.0.3 and up
ROBLOX,GAME,4.5,4448791,67.0,100000000.0,Free,0.0,Everyone 10+,Adventure;Action & Adventure,2018-07-31,0.0,4.1 and up
Helix Jump,GAME,4.2,1498648,33.0,100000000.0,Free,0.0,Everyone,Action,2018-04-09,0.0,4.1 and up
Subway Surfers,GAME,4.5,27724094,76.0,1000000000.0,Free,0.0,Everyone 10+,Arcade,2018-07-12,0.0,4.1 and up
Love Balls,GAME,4.2,360630,40.0,50000000.0,Free,0.0,Everyone,Puzzle,2018-07-31,0.0,4.1 and up
Granny,GAME,4.5,1137267,59.0,50000000.0,Free,0.0,Teen,Arcade,2018-05-29,0.0,4.0 and up
8 Ball Pool,GAME,4.5,14200344,52.0,100000000.0,Free,0.0,Everyone,Sports,2018-07-31,0.0,4.0.3 and up
HSE,GAME,4.5,6074334,100.0,100000000.0,Free,0.0,Teen,Arcade,2018-07-25,0.0,4.1 and up
Pokémon GO,GAME,4.1,10424925,85.0,100000000.0,Free,0.0,Everyone,Adventure,2018-07-23,0.0,4.4 and up
Wordscapes,GAME,4.8,230727,87.0,10000000.0,Free,0.0,Everyone,Word,2018-08-02,0.0,4.1 and up
Paint Hit,GAME,4.4,37023,33.0,10000000.0,Free,0.0,Everyone,Casual,2018-07-06,5.2,5.0 and up
Snake VS Block,GAME,4.2,422244,32.0,50000000.0,Free,0.0,Teen,Arcade,2018-04-23,1.24,4.1 and up
Rolly Vortex,GAME,4.4,98123,40.0,10000000.0,Free,0.0,Teen,Arcade,2018-05-25,0.0,4.1 and up
Woody Puzzle,GAME,4.7,21262,29.0,1000000.0,Free,0.0,Everyone,Puzzle,2018-08-03,0.0,4.4 and up
Stack Jump,GAME,4.3,118253,40.0,10000000.0,Free,0.0,Teen,Arcade,2018-05-03,0.0,4.1 and up
CBN–NCB,GAME,4.7,141529,24.0,5000000.0,Free,0.0,Everyone 10+,Board,2018-08-01,0.0,4.1 and up
The Cube,GAME,4.2,70226,38.0,5000000.0,Free,0.0,Everyone,Arcade,2018-07-25,0.0,4.1 and up
ECDS,GAME,4.3,2251012,52.0,100000000.0,Free,0.0,Everyone,Racing,2018-05-03,0.0,4.0 and up
The Fish Master!,GAME,4.1,15763,54.0,1000000.0,Free,0.0,Everyone,Arcade,2018-07-17,1.6,4.1 and up
Color Road,GAME,4.1,84911,71.0,10000000.0,Free,0.0,Everyone,Arcade,2018-07-19,0.0,4.1 and up
Draw In,GAME,4.2,46416,73.0,10000000.0,Free,0.0,Everyone,Arcade,2018-07-23,0.0,4.1 and up
PLANK!,GAME,4.7,7196,38.0,500000.0,Free,0.0,Everyone,Arcade,2018-07-17,0.0,4.3 and up
Looper!,GAME,4.6,48256,62.0,1000000.0,Free,0.0,Everyone,Puzzle,2018-07-20,0.0,4.1 and up
Trivia Crack,GAME,4.5,6427773,95.0,100000000.0,Free,0.0,Everyone,Trivia,2018-08-03,0.0,4.1 and up
Will it Crush?,GAME,3.1,25825,16.0,5000000.0,Free,0.0,Everyone,Simulation,2018-05-22,0.0,4.4 and up
Tomb of the Mask,GAME,4.1,55380,39.0,5000000.0,Free,0.0,Everyone,Action,2018-07-24,0.0,5.0 and up
Baseball Boy!,GAME,3.4,148177,78.0,10000000.0,Free,0.0,Everyone,Arcade,2018-07-27,0.0,4.1 and up
PUBG MOBILE,GAME,4.4,3715656,36.0,50000000.0,Free,0.0,Teen,Action,2018-07-24,0.0,4.3 and up
Hello Stars,GAME,4.6,101686,31.0,10000000.0,Free,0.0,Everyone,Puzzle,2018-08-04,0.0,4.1 and up
Tank Stars,GAME,4.3,174755,98.0,10000000.0,Free,0.0,Everyone 10+,Arcade,2018-07-11,0.0,5.0 and up
CCHOTEU,GAME,4.6,4578476,24.0,50000000.0,Free,0.0,Everyone 10+,Strategy,2018-07-17,0.0,4.1 and up
Hole.io,GAME,4.2,145353,85.0,10000000.0,Free,0.0,Teen,Arcade,2018-07-24,0.0,4.1 and up
Helix Jump,GAME,4.2,1499373,33.0,100000000.0,Free,0.0,Everyone,Action,2018-04-09,0.0,4.1 and up
MGK-MG,GAME,4.5,531458,100.0,5000000.0,Free,0.0,Everyone,Sports,2018-07-20,0.0,4.0.3 and up
PUBG MOBILE,GAME,4.4,3714270,36.0,50000000.0,Free,0.0,Teen,Action,2018-07-24,0.0,4.3 and up
FTG-SG,GAME,4.2,195558,86.0,10000000.0,Free,0.0,Everyone,Arcade,2018-07-26,1.2,5.0 and up
Mad Skills BMX 2,GAME,4.5,29940,80.0,1000000.0,Free,0.0,Everyone,Action,2018-07-26,0.0,4.1 and up
MHD2–OTC&BR,GAME,4.4,41975,79.0,1000000.0,Free,0.0,Everyone,Racing,2018-07-19,0.0,5.0 and up
Word Link,GAME,4.6,216675,30.0,10000000.0,Free,0.0,Everyone,Word,2018-08-01,0.0,4.1 and up
LDOES,GAME,4.5,2311785,87.0,10000000.0,Free,0.0,Teen,Action,2018-08-01,0.0,4.1 and up
MARVEL Strike Force,GAME,4.3,165888,91.0,5000000.0,Free,0.0,Teen,Role Playing,2018-07-31,0.0,4.4 and up
P-FIG,GAME,4.6,541144,63.0,10000000.0,Free,0.0,Teen,Arcade,2018-07-12,0.0,5.0 and up
GSDFS,GAME,4.5,189773,95.0,5000000.0,Free,0.0,Teen,Role Playing,2018-07-18,0.0,4.1 and up
DRAGON BALL LEGENDS,GAME,4.6,337752,48.0,5000000.0,Free,0.0,Teen,Action,2018-08-03,0.0,6.0 and up
NYWBDG,GAME,4.1,42079,93.0,5000000.0,Free,0.0,Everyone,Board,2018-07-05,0.0,4.1 and up
WC-ACG,GAME,4.5,240416,53.0,5000000.0,Free,0.0,Everyone,Word,2018-08-01,0.0,4.0.3 and up
MTSB2,GAME,4.6,32506,82.0,1000000.0,Free,0.0,Everyone,Sports,2018-06-27,0.0,4.2 and up
Hero Hunters,GAME,4.4,70747,99.0,5000000.0,Free,0.0,Teen,Action,2018-07-31,1.7,4.4 and up
CM-ACRG,GAME,4.7,358817,49.0,10000000.0,Free,0.0,Everyone,Arcade,2018-07-30,0.0,4.1 and up
IC2-ANPMA,GAME,4.6,15403,25.0,1000000.0,Free,0.0,Everyone,Casual,2018-08-02,0.0,4.1 and up
Merge Dragons!,GAME,4.5,214777,91.0,5000000.0,Free,0.0,Everyone,Puzzle,2018-07-30,0.0,4.1 and up
SHADOWGUN LEGENDS,GAME,4.6,100609,52.0,1000000.0,Free,0.0,Teen,Action,2018-07-16,0.0,6.0 and up
RULES OF SURVIVAL,GAME,4.2,1343866,56.0,10000000.0,Free,0.0,Teen,Action,2018-08-01,0.0,4.0 and up
Mafia City,GAME,4.5,168717,56.0,10000000.0,Free,0.0,Mature 17+,Strategy,2018-08-03,0.0,2.3 and up
CIMCG&BA,GAME,4.8,549720,85.0,10000000.0,Free,0.0,Everyone,Simulation,2018-07-19,0.0,4.4 and up
DWROB,GAME,4.1,18996,81.0,1000000.0,Free,0.0,Teen,Strategy,2018-08-01,0.0,4.1 and up
TGDW,GAME,4.3,25094,82.0,1000000.0,Free,0.0,Teen,Role Playing,2018-07-06,0.0,4.3 and up
LSS,GAME,4.4,93033,98.0,5000000.0,Free,0.0,Teen,Strategy,2018-08-04,0.0,4.0.3 and up
Guns of Glory,GAME,4.0,120592,77.0,10000000.0,Free,0.0,Everyone 10+,Strategy,2018-07-31,0.0,4.0.3 and up
L2R,GAME,4.2,187972,99.0,5000000.0,Free,0.0,Teen,Role Playing,2018-07-11,0.0,4.4 and up
Girls' Frontline,GAME,4.2,2055,96.0,100000.0,Free,0.0,Teen,Strategy,2018-05-18,2.0081206,4.0.3 and up
CIS,GAME,4.5,73539,96.0,1000000.0,Free,0.0,Mature 17+,Role Playing,2018-08-02,0.0,4.3 and up
Honkai Impact 3rd,GAME,4.7,59017,82.0,1000000.0,Free,0.0,Teen,Action,2018-07-03,0.0,4.3 and up
MOE,GAME,4.2,5829,70.0,100000.0,Free,0.0,Teen,Strategy,2018-07-26,0.0,4.4 and up
The Game of Life,GAME,4.4,18621,63.0,100000.0,Paid,2.99,Everyone,Board,2018-07-04,0.0,4.4 and up
Clue,GAME,4.6,19922,35.0,100000.0,Paid,1.99,Everyone 10+,Board,2018-07-30,0.0,5.0 and up
The Room: Old Sins,GAME,4.9,21119,48.0,100000.0,Paid,4.99,Everyone,Puzzle,2018-04-18,0.0,4.4 and up
The Escapists,GAME,4.4,7412,84.0,100000.0,Paid,4.99,Teen,Strategy,2018-04-26,0.0,2.3 and up
Farming Simulator 18,GAME,4.5,18125,15.0,100000.0,Paid,4.99,Everyone,Simulation;Education,2018-07-09,0.0,4.4 and up
RTC,GAME,4.6,10795,69.0,100000.0,Paid,5.99,Everyone,Simulation,2017-12-21,0.0,4.0.3 and up
CODOZ,GAME,4.2,13004,46.0,100000.0,Paid,6.99,Teen,Action,2016-12-20,0.0,2.3.3 and up
Star Wars ™: DIRTY,GAME,4.5,38207,15.0,100000.0,Paid,9.99,Teen,Role Playing,2015-10-19,0.0,4.1 and up
Monument Valley 2,GAME,4.6,9394,33.0,100000.0,Paid,4.99,Everyone,Puzzle,2017-11-30,0.0,4.4 and up
DRAGON BALL LEGENDS,GAME,4.6,337913,48.0,5000000.0,Free,0.0,Teen,Action,2018-08-03,0.0,6.0 and up
ROBLOX,GAME,4.5,4449882,67.0,100000000.0,Free,0.0,Everyone 10+,Adventure;Action & Adventure,2018-07-31,0.0,4.1 and up
Candy Crush Saga,GAME,4.4,22429716,74.0,500000000.0,Free,0.0,Everyone,Casual,2018-07-05,0.0,4.1 and up
Angry Birds 2,GAME,4.6,3883589,57.0,100000000.0,Free,0.0,Everyone,Casual,2018-07-26,0.0,4.1 and up
8 Ball Pool,GAME,4.5,14200550,52.0,100000000.0,Free,0.0,Everyone,Sports,2018-07-31,0.0,4.0.3 and up
Fallout Shelter,GAME,4.6,2719142,25.0,10000000.0,Free,0.0,Teen,Simulation,2018-06-11,0.0,4.1 and up
PUBG MOBILE,GAME,4.4,3716278,36.0,50000000.0,Free,0.0,Teen,Action,2018-07-24,0.0,4.3 and up
The Sims™ FreePlay,GAME,4.3,931595,31.0,10000000.0,Free,0.0,Teen,Simulation,2018-07-16,0.0,4.0.3 and up
MARVEL Strike Force,GAME,4.3,165928,91.0,5000000.0,Free,0.0,Teen,Role Playing,2018-07-31,0.0,4.4 and up
MCOC,GAME,4.3,2468063,92.0,50000000.0,Free,0.0,Teen,Action,2018-07-30,0.0,4.0.3 and up
JWA,GAME,4.3,309176,70.0,5000000.0,Free,0.0,Everyone 10+,Simulation,2018-08-02,0.0,4.4 and up
CSYP,GAME,4.6,807338,93.0,10000000.0,Free,0.0,Teen,Simulation,2018-07-30,0.0,4.0.3 and up
Solitaire TriPeaks,GAME,4.5,446434,52.0,10000000.0,Free,0.0,Everyone,Card,2018-08-01,0.0,4.0.3 and up
Merge Dragons!,GAME,4.5,214819,91.0,5000000.0,Free,0.0,Everyone,Puzzle,2018-07-30,0.0,4.1 and up
TWDRTS,GAME,4.2,522466,37.0,10000000.0,Free,0.0,Mature 17+,Role Playing,2018-06-19,0.0,4.0.3 and up
HCFK,GAME,4.7,584126,64.0,10000000.0,Free,0.0,Everyone 10+,Role Playing,2018-07-27,0.0,4.1 and up
M&MEG,GAME,4.3,32551,35.0,500000.0,Free,0.0,Mature 17+,Role Playing,2018-07-12,1.93,4.4 and up
GOTC,GAME,4.0,90218,97.0,1000000.0,Free,0.0,Teen,Strategy,2018-08-03,0.0,6.0 and up
LNUQ,GAME,4.4,212524,93.0,5000000.0,Free,0.0,Everyone,Role Playing,2018-07-24,0.0,4.0.3 and up
Summoners War,GAME,4.3,2045554,28.0,50000000.0,Free,0.0,Teen,Role Playing,2018-07-30,0.0,4.0.3 and up
FFBE,GAME,4.6,745684,83.0,5000000.0,Free,0.0,Teen,Role Playing,2018-07-17,0.0,4.0.3 and up
Idle Heroes,GAME,4.7,416540,99.0,10000000.0,Free,0.0,Everyone 10+,Role Playing,2018-05-30,0.0,2.3 and up
FO(,GAME,4.4,16601,55.0,500000.0,Free,0.0,Teen,Role Playing,2018-07-26,0.0,4.0 and up
LMBOTE-SR,GAME,4.4,3057481,14.0,50000000.0,Free,0.0,Teen,Strategy,2018-07-26,1.76,2.3 and up
War and Order,GAME,4.3,224514,81.0,5000000.0,Free,0.0,Teen,Strategy,2018-07-18,0.0,4.0.3 and up
Candy Crush Saga,GAME,4.4,22430188,74.0,500000000.0,Free,0.0,Everyone,Casual,2018-07-05,0.0,4.1 and up
ROBLOX,GAME,4.5,4449910,67.0,100000000.0,Free,0.0,Everyone 10+,Adventure;Action & Adventure,2018-07-31,0.0,4.1 and up
8 Ball Pool,GAME,4.5,14201891,52.0,100000000.0,Free,0.0,Everyone,Sports,2018-07-31,0.0,4.0.3 and up
Subway Surfers,GAME,4.5,27725352,76.0,1000000000.0,Free,0.0,Everyone 10+,Arcade,2018-07-12,0.0,4.1 and up
CCSS,GAME,4.4,6199095,67.0,100000000.0,Free,0.0,Everyone,Casual,2018-07-10,0.0,4.1 and up
Zombie Hunter King,GAME,4.3,10493,50.0,1000000.0,Free,0.0,Mature 17+,Action,2018-08-01,0.0,2.3 and up
Bubble Shooter,GAME,4.5,148945,46.0,10000000.0,Free,0.0,Everyone,Casual,2018-07-17,0.0,4.0.3 and up
Clash Royale,GAME,4.6,23136735,97.0,100000000.0,Free,0.0,Everyone 10+,Strategy,2018-06-27,0.0,4.1 and up
Clash of Clans,GAME,4.6,44893888,98.0,100000000.0,Free,0.0,Everyone 10+,Strategy,2018-07-15,0.0,4.1 and up
Farm Heroes Saga,GAME,4.4,7614415,70.0,100000000.0,Free,0.0,Everyone,Casual,2018-07-26,0.0,2.3 and up
PVZF,GAME,4.4,4067651,69.0,100000000.0,Free,0.0,Everyone 10+,Strategy,2018-07-06,0.0,4.1 and up
Word Search,GAME,4.7,295576,3.9,10000000.0,Free,0.0,Everyone,Word,2018-06-06,0.0,3.0 and up
Block Puzzle,GAME,4.6,59907,7.8,5000000.0,Free,0.0,Everyone,Puzzle,2018-03-06,2.9,2.3 and up
SJJ-P3,GAME,4.5,10460,18.0,1000000.0,Free,0.0,Everyone,Arcade,2018-07-11,0.0,4.0 and up
Pou,GAME,4.3,10486018,24.0,500000000.0,Free,0.0,Everyone,Casual,2018-05-25,0.0,4.0 and up
Temple Run 2,GAME,4.3,8119151,62.0,500000000.0,Free,0.0,Everyone,Action,2018-07-05,0.0,4.0 and up
Flow Free,GAME,4.3,1295625,11.0,100000000.0,Free,0.0,Everyone,Puzzle,2018-04-11,4.0,4.1 and up
Wordscapes,GAME,4.8,230849,87.0,10000000.0,Free,0.0,Everyone,Word,2018-08-02,0.0,4.1 and up
My Talking Angela,GAME,4.5,9883367,99.0,100000000.0,Free,0.0,Everyone,Casual,2018-07-03,0.0,4.1 and up
Cooking Fever,GAME,4.5,3198176,82.0,100000000.0,Free,0.0,Everyone,Arcade,2018-07-12,0.0,4.0.3 and up
Yes day,GAME,4.5,10055521,94.0,100000000.0,Free,0.0,Everyone,Casual,2018-06-28,13993.0,4.0.3 and up
Score! Hero,GAME,4.6,5419676,96.0,100000000.0,Free,0.0,Everyone,Sports,2018-06-13,1.751,4.4 and up
Zombie Catchers,GAME,4.7,990723,75.0,10000000.0,Free,0.0,Everyone,Action,2018-05-24,0.0,4.1 and up
JSOA,GAME,4.5,21892,14.0,1000000.0,Free,0.0,Everyone,Puzzle,2017-12-29,1.3,4.0 and up
Granny,GAME,4.5,1138239,59.0,50000000.0,Free,0.0,Teen,Arcade,2018-05-29,0.0,4.0 and up
DLS2,GAME,4.6,9883806,74.0,100000000.0,Free,0.0,Everyone,Sports,2018-07-16,5.064,4.4 and up
Sweet Fruit Candy,GAME,4.5,197540,29.0,10000000.0,Free,0.0,Everyone,Puzzle,2018-07-16,79.0,4.1 and up
Fruits Bomb,GAME,4.4,74695,17.0,10000000.0,Free,0.0,Everyone,Casual,2018-07-06,0.0,4.0.3 and up
Angry Birds Classic,GAME,4.4,5566889,97.0,100000000.0,Free,0.0,Everyone,Arcade,2018-05-24,0.0,4.1 and up
Talking Tom Gold Run,GAME,4.6,2698882,78.0,100000000.0,Free,0.0,Everyone,Action,2018-07-31,0.0,4.1 and up
Hill Climb Racing,GAME,4.4,8923818,63.0,100000000.0,Free,0.0,Everyone,Racing,2018-07-02,0.0,4.2 and up
PACBNG,GAME,4.7,1125438,25.0,10000000.0,Free,0.0,Everyone,Puzzle,2018-07-17,0.0,4.3 and up
SB-FS,GAME,4.6,29445,29.0,5000000.0,Free,0.0,Everyone,Casual,2018-05-11,14.0,4.0.3 and up
Rider,GAME,4.5,655145,72.0,10000000.0,Free,0.0,Teen,Arcade,2017-07-17,0.0,4.0.3 and up
Garena Free Fire,GAME,4.5,5476569,53.0,100000000.0,Free,0.0,Teen,Action,2018-08-03,0.0,4.0.3 and up
Helix Jump,GAME,4.2,1500999,33.0,100000000.0,Free,0.0,Everyone,Action,2018-04-09,0.0,4.1 and up
Crossy Road,GAME,4.5,4230886,60.0,100000000.0,Free,0.0,Everyone,Action,2018-08-01,0.0,5.0 and up
Temple Run 2,GAME,4.3,8119154,62.0,500000000.0,Free,0.0,Everyone,Action,2018-07-05,0.0,4.0 and up
Talking Tom Gold Run,GAME,4.6,2698889,78.0,100000000.0,Free,0.0,Everyone,Action,2018-07-31,0.0,4.1 and up
Zombie Catchers,GAME,4.7,990663,75.0,10000000.0,Free,0.0,Everyone,Action,2018-05-24,0.0,4.1 and up
Swamp Attack,GAME,4.4,2119218,70.0,50000000.0,Free,0.0,Everyone 10+,Action,2018-06-29,0.0,4.1 and up
Earn to Die 2,GAME,4.6,1327265,99.0,50000000.0,Free,0.0,Teen,Racing,2017-04-12,1.3,2.3.3 and up
ML&CN-TOG,GAME,4.5,184210,99.0,10000000.0,Free,0.0,Everyone,Action,2018-07-30,0.0,4.4 and up
Hungry Shark World,GAME,4.5,1242855,27.0,50000000.0,Free,0.0,Teen,Action,2018-07-18,0.0,4.2 and up
Dude Perfect 2,GAME,4.5,401425,70.0,10000000.0,Free,0.0,Everyone,Action,2017-04-12,0.0,4.0.3 and up
Shadow Fight 2,GAME,4.6,10979062,88.0,100000000.0,Free,0.0,Everyone 10+,Action,2018-07-02,0.0,3.0 and up
Alto's Adventure,GAME,4.6,515657,63.0,10000000.0,Free,0.0,Everyone,Action,2018-06-05,0.0,4.0 and up
DEER HUNTER 2018,GAME,4.3,955656,82.0,10000000.0,Free,0.0,Teen,Action,2018-06-26,0.0,3.0 and up
CFOSGFF,GAME,4.7,725897,31.0,10000000.0,Free,0.0,Teen,Action,2018-08-03,0.0,4.1 and up
AOS5:Z,GAME,4.5,549039,23.0,50000000.0,Free,0.0,Teen,Action,2018-08-03,0.0,2.3 and up
Soul Knight,GAME,4.7,292164,59.0,10000000.0,Free,0.0,Everyone 10+,Action,2018-08-01,0.0,4.1 and up
Major Mayhem,GAME,4.6,520962,39.0,10000000.0,Free,0.0,Teen,Action,2017-06-28,108.0,4.0 and up
DHDS,GAME,4.4,1381820,54.0,10000000.0,Free,0.0,Teen,Action,2017-03-14,0.0,3.0 and up
SSB,GAME,4.3,525517,48.0,10000000.0,Free,0.0,Everyone,Action;Action & Adventure,2017-10-15,0.0,2.3 and up
PRDC,GAME,4.3,194969,30.0,10000000.0,Free,0.0,Everyone 10+,Action,2018-01-29,0.0,4.1 and up
ZHPASG,GAME,4.4,327599,66.0,10000000.0,Free,0.0,Teen,Action,2017-07-28,0.0,2.3.3 and up
Agar.io,GAME,4.2,3816799,32.0,100000000.0,Free,0.0,Everyone,Action,2018-07-23,0.0,4.0.3 and up
Zombie Hunter King,GAME,4.3,10538,50.0,1000000.0,Free,0.0,Mature 17+,Action,2018-08-01,0.0,2.3 and up
Battlelands Royale,GAME,4.4,105620,61.0,1000000.0,Free,0.0,Everyone 10+,Action,2018-07-16,0.0,4.1 and up
Once Upon a Tower,GAME,4.7,37139,49.0,1000000.0,Free,0.0,Everyone 10+,Action,2018-01-24,8.0,4.1 and up
TEKKEN™,GAME,4.2,147791,38.0,5000000.0,Free,0.0,Teen,Action,2018-07-26,1.3,5.0 and up
diep.io,GAME,4.1,347883,20.0,10000000.0,Free,0.0,Everyone,Action,2018-03-16,0.0,4.0.3 and up
Dragon Hills,GAME,4.5,354373,66.0,10000000.0,Free,0.0,Everyone 10+,Action,2017-10-12,0.0,4.1 and up
BRSE,GAME,4.1,753043,57.0,100000000.0,Free,0.0,Teen,Action,2018-08-01,0.0,4.0.3 and up
DC Super Hero Girls™,GAME,4.3,43055,95.0,5000000.0,Free,0.0,Everyone,Action;Action & Adventure,2018-06-29,0.0,4.0 and up
Runner 3d like,GAME,4.5,559,32.0,100000.0,Free,0.0,Everyone 10+,Action,2018-08-03,0.0,4.0 and up
War Robots,GAME,4.6,3073251,33.0,50000000.0,Free,0.0,Everyone 10+,Action,2018-07-25,0.0,4.1 and up
DSDW,GAME,4.0,26649,66.0,5000000.0,Free,0.0,Teen,Action,2018-08-05,1.2,4.2 and up
GBH3,GAME,4.3,2151039,75.0,50000000.0,Free,0.0,Teen,Action,2018-08-01,0.0,4.0.3 and up
Quiz: Logo game,GAME,4.5,306764,29.0,10000000.0,Free,0.0,Everyone,Trivia,2018-08-03,6.2,4.0.3 and up
Helix Jump,GAME,4.2,1500622,33.0,100000000.0,Free,0.0,Everyone,Action,2018-04-09,0.0,4.1 and up
8 Ball Pool,GAME,4.5,14201604,52.0,100000000.0,Free,0.0,Everyone,Sports,2018-07-31,0.0,4.0.3 and up
JL-M3P,GAME,4.6,280098,50.0,10000000.0,Free,0.0,Everyone,Arcade,2018-07-20,0.0,4.0.3 and up
Bubble Shooter,GAME,4.5,148990,46.0,10000000.0,Free,0.0,Everyone,Casual,2018-07-17,0.0,4.0.3 and up
Solitaire,GAME,4.7,154264,12.0,10000000.0,Free,0.0,Everyone,Card,2018-06-08,0.0,Varies with device
BSG,GAME,4.5,26985,41.0,5000000.0,Free,0.0,Everyone,Casual,2018-06-04,0.0,4.0.3 and up
Blossom Blast Saga,GAME,4.5,1125438,63.0,10000000.0,Free,0.0,Everyone,Casual,2018-07-05,0.0,4.0.3 and up
Traffic Racer,GAME,4.5,5387781,53.0,100000000.0,Free,0.0,Everyone,Racing,2018-02-27,2.5,4.1 and up
Hill Climb Racing,GAME,4.4,8923847,63.0,100000000.0,Free,0.0,Everyone,Racing,2018-07-02,0.0,4.2 and up
Earn to Die 2,GAME,4.6,1327269,99.0,50000000.0,Free,0.0,Teen,Racing,2017-04-12,1.3,2.3.3 and up
Candy Bomb,GAME,4.4,42145,20.0,10000000.0,Free,0.0,Everyone,Casual;Brain Games,2018-07-04,0.0,4.0.3 and up
Zombie Catchers,GAME,4.7,990796,75.0,10000000.0,Free,0.0,Everyone,Action,2018-05-24,0.0,4.1 and up
Gems or jewels ?,GAME,4.7,171448,13.0,10000000.0,Free,0.0,Teen,Puzzle,2018-08-03,0.0,4.0 and up
Angry Birds Rio,GAME,4.4,2610680,46.0,100000000.0,Free,0.0,Everyone,Arcade,2018-07-03,0.0,4.1 and up
CCJS,GAME,4.3,1300619,78.0,50000000.0,Free,0.0,Everyone,Puzzle,2018-07-20,0.0,4.0 and up
CTRFF,GAME,4.4,2123793,49.0,100000000.0,Free,0.0,Everyone,Puzzle,2018-07-05,0.0,4.1 and up
HSE,GAME,4.5,6074627,100.0,100000000.0,Free,0.0,Teen,Arcade,2018-07-25,0.0,4.1 and up
Angry Birds Classic,GAME,4.4,5566908,97.0,100000000.0,Free,0.0,Everyone,Arcade,2018-05-24,0.0,4.1 and up
JCP,GAME,4.4,47644,15.0,5000000.0,Free,0.0,Everyone,Puzzle,2018-06-15,0.0,4.0 and up
FB-PL,GAME,4.6,125647,33.0,10000000.0,Free,0.0,Everyone,Casual,2018-07-23,60.0,4.1 and up
Swamp Attack,GAME,4.4,2119235,70.0,50000000.0,Free,0.0,Everyone 10+,Action,2018-06-29,0.0,4.1 and up
1–OLWOT,GAME,4.6,214878,10.0,10000000.0,Free,0.0,Everyone,Board,2018-08-03,0.0,4.1 and up
Stick War: Legacy,GAME,4.6,811040,77.0,10000000.0,Free,0.0,Teen,Strategy,2018-05-10,0.0,4.4 and up
BPCL!,GAME,4.2,17044,4.9,5000000.0,Free,0.0,Everyone,Puzzle,2018-04-13,2.9,2.3.3 and up
PACBNG,GAME,4.7,1125566,25.0,10000000.0,Free,0.0,Everyone,Puzzle,2018-07-17,0.0,4.3 and up
Super Jabber Jump 3,GAME,4.3,34494,23.0,5000000.0,Free,0.0,Everyone 10+,Arcade,2018-07-11,0.0,2.3 and up
Rush,GAME,4.6,260651,51.0,10000000.0,Free,0.0,Everyone,Arcade,2018-02-14,1.1,4.0 and up
Jetpack Joyride,GAME,4.4,4638163,96.0,100000000.0,Free,0.0,Everyone 10+,Arcade,2018-07-19,0.0,4.1 and up
Farm Heroes Saga,GAME,4.4,7614407,70.0,100000000.0,Free,0.0,Everyone,Casual,2018-07-26,0.0,2.3 and up
Racing in Car 2,GAME,4.3,234110,38.0,50000000.0,Free,0.0,Everyone,Racing,2016-11-22,1.0,2.3.3 and up
DR-PDS,GAME,4.7,48615,24.0,10000000.0,Free,0.0,Everyone,Simulation;Action & Adventure,2018-05-22,0.0,4.1 and up
Candy Bomb,FAMILY,4.4,42145,20.0,10000000.0,Free,0.0,Everyone,Casual;Brain Games,2018-07-04,0.0,4.0.3 and up
ROBLOX,FAMILY,4.5,4449910,67.0,100000000.0,Free,0.0,Everyone 10+,Adventure;Action & Adventure,2018-07-31,0.0,4.1 and up
JCM3P,FAMILY,4.4,14774,19.0,1000000.0,Free,0.0,Everyone,Casual;Brain Games,2018-07-23,0.0,4.0.3 and up
Coloring & Learn,FAMILY,4.4,12753,51.0,5000000.0,Free,0.0,Everyone,Educational;Creativity,2018-07-17,1.49,4.0.3 and up
Mahjong,FAMILY,4.5,33983,22.0,5000000.0,Free,0.0,Everyone,Puzzle;Brain Games,2018-08-02,0.0,4.0.3 and up
SALGFKPA,FAMILY,4.6,20267,46.0,1000000.0,Free,0.0,Everyone,Educational;Education,2018-07-16,0.0,4.1 and up
Toy Pop Cubes,FAMILY,4.5,5761,21.0,1000000.0,Free,0.0,Everyone,Casual;Brain Games,2018-07-04,0.0,4.0.3 and up
EG4K,FAMILY,4.3,11618,39.0,5000000.0,Free,0.0,Everyone,Educational;Education,2018-04-03,2.4,4.1 and up
Candy Pop Story,FAMILY,4.7,12948,23.0,1000000.0,Free,0.0,Everyone,Casual;Brain Games,2018-05-24,0.0,2.3 and up
Solitaire,FAMILY,4.4,685,26.0,100000.0,Free,0.0,Everyone,Card;Brain Games,2018-07-16,0.0,4.1 and up
PCB,FAMILY,4.5,9779,39.0,5000000.0,Free,0.0,Everyone,Education;Creativity,2018-02-25,0.0,4.0 and up
HKNS,FAMILY,4.2,369378,24.0,50000000.0,Free,0.0,Everyone,Casual;Pretend Play,2018-04-17,1.5,4.1 and up
Candy Smash,FAMILY,4.5,11436,15.0,1000000.0,Free,0.0,Everyone,Casual;Brain Games,2018-04-17,0.0,4.0.3 and up
HFB-CB,FAMILY,4.5,2150,20.0,500000.0,Free,0.0,Everyone,Casual;Brain Games,2018-02-01,0.0,4.0.3 and up
DR-PDS,FAMILY,4.7,48615,24.0,10000000.0,Free,0.0,Everyone,Simulation;Action & Adventure,2018-05-22,0.0,4.1 and up
PAP,FAMILY,4.4,382,44.0,500000.0,Free,0.0,Everyone,Education;Creativity,2018-08-01,0.0,2.3 and up
KEG3F,FAMILY,4.3,24936,38.0,5000000.0,Free,0.0,Everyone,Educational;Education,2018-05-16,3.1,4.1 and up
PK-ASAJP,FAMILY,4.6,1109,52.0,1000000.0,Free,0.0,Everyone,Educational;Brain Games,2018-07-18,0.0,4.1 and up
Coloring book moana,FAMILY,3.9,974,14.0,500000.0,Free,0.0,Everyone,Art & Design;Pretend Play,2018-01-15,0.0,4.0.3 and up
Baby Panda Care,FAMILY,4.2,108795,49.0,10000000.0,Free,0.0,Everyone,Educational;Pretend Play,2018-06-15,0.0,4.0.3 and up
KE:IO,FAMILY,4.5,1455,8.9,500000.0,Free,0.0,Everyone,Education;Education,2018-02-01,2.7,2.3 and up
Toca Kitchen 2,FAMILY,4.5,1014822,56.0,50000000.0,Free,0.0,Everyone,Educational;Pretend Play,2017-06-29,0.0,4.1 and up
PMMH,FAMILY,4.4,86961,99.0,10000000.0,Free,0.0,Everyone,Casual;Action & Adventure,2018-06-05,0.0,4.0.3 and up
LTDGF,FAMILY,4.4,7320,10.0,1000000.0,Free,0.0,Everyone,Entertainment;Education,2017-07-07,0.0,4.0.3 and up
NC-CBNNC,FAMILY,4.8,269194,6.9,10000000.0,Free,0.0,Everyone,Entertainment;Brain Games,2018-08-03,0.0,Varies with device
Bubble Shooter,FAMILY,4.4,59843,20.0,5000000.0,Free,0.0,Everyone,Puzzle;Brain Games,2018-01-09,0.0,2.3 and up
D-CBNPAC,FAMILY,4.4,18616,10.0,1000000.0,Free,0.0,Everyone,Casual;Education,2018-08-05,0.0,4.0.3 and up
Baby puzzles,FAMILY,4.3,11950,19.0,5000000.0,Free,0.0,Everyone,Educational;Education,2018-07-12,6.1,4.0.3 and up
Garden Fruit Legend,FAMILY,4.6,4289,33.0,500000.0,Free,0.0,Everyone,Casual;Brain Games,2018-07-31,0.0,4.0.3 and up
BFC,FAMILY,4.1,68286,85.0,10000000.0,Free,0.0,Everyone,Casual;Creativity,2018-07-30,0.0,4.1 and up
Candy Day,FAMILY,4.5,11716,48.0,1000000.0,Free,0.0,Everyone,Casual;Brain Games,2018-08-03,0.0,4.0 and up
LTDGP,FAMILY,4.5,3323,9.6,1000000.0,Free,0.0,Everyone,Casual;Pretend Play,2017-07-14,0.0,4.0.3 and up
BMF,FAMILY,4.0,328619,15.0,10000000.0,Free,0.0,Everyone,Casual;Creativity,2017-10-06,2.2,4.1 and up
PK-M&S,FAMILY,4.6,46741,50.0,10000000.0,Free,0.0,Everyone,Music;Music & Video,2018-08-03,1.73,4.0.3 and up
Farming Simulator 14,FAMILY,4.5,530854,51.0,10000000.0,Free,0.0,Everyone,Simulation;Action & Adventure,2017-07-17,0.0,2.3.3 and up
EGFK,FAMILY,4.5,7050,24.0,1000000.0,Free,0.0,Everyone,Educational;Education,2018-05-27,2.0,4.0 and up
N-CBN2,FAMILY,4.5,235906,13.0,10000000.0,Free,0.0,Everyone,Entertainment;Brain Games,2018-07-29,0.0,4.1 and up
Fruit Boom,FAMILY,4.4,17753,16.0,1000000.0,Free,0.0,Everyone,Casual;Brain Games,2018-05-25,0.0,4.0.3 and up
BTC-MCVPF,FAMILY,4.5,432,63.0,100000.0,Free,0.0,Everyone 10+,Educational;Education,2018-07-27,0.0,4.4 and up
SSICI,FAMILY,4.2,32029,15.0,5000000.0,Free,0.0,Everyone,Casual;Pretend Play,2017-11-06,1.2,4.1 and up
Rhythm Patrol,FAMILY,4.3,4207,26.0,100000.0,Free,0.0,Everyone,Music;Music & Video,2018-07-23,2.180723,4.1 and up
K-PLG,FAMILY,4.5,64,81.0,10000.0,Free,0.0,Everyone,Educational;Education,2018-07-18,0.0,5.0 and up
Toca Mystery House,FAMILY,4.2,96,79.0,5000.0,Paid,3.99,Everyone,Educational;Creativity,2018-06-14,0.0,4.4 and up
PA-FLFK,FAMILY,4.4,496,94.0,100000.0,Free,0.0,Everyone,Education;Education,2018-07-11,1.0,4.2 and up
DFKLGFTA3,FAMILY,4.6,29436,43.0,1000000.0,Free,0.0,Everyone,Educational;Education,2018-03-21,0.0,4.1 and up
BPJS,FAMILY,4.5,19230,45.0,5000000.0,Free,0.0,Everyone,Educational;Brain Games,2018-07-12,0.0,4.0.3 and up
DPR3,FAMILY,4.2,11126,91.0,1000000.0,Free,0.0,Everyone,Educational;Pretend Play,2018-03-23,0.0,4.1 and up
LFHR,FAMILY,4.5,23671,91.0,1000000.0,Free,0.0,Everyone,Arcade;Pretend Play,2018-07-31,0.0,4.1 and up
BAIBKAGFT,FAMILY,4.6,9652,53.0,1000000.0,Free,0.0,Everyone,Educational;Education,2018-07-16,0.0,4.1 and up
HDCW,FAMILY,4.6,9626,28.0,1000000.0,Free,0.0,Everyone,Action;Action & Adventure,2018-02-07,1.1,4.4 and up
T&FRO,FAMILY,4.1,29319,26.0,5000000.0,Free,0.0,Everyone,Casual;Action & Adventure,2018-05-18,2.4,4.4 and up
SSEKG&R,FAMILY,4.5,1791,56.0,500000.0,Free,0.0,Everyone,Education;Education,2018-06-02,0.0,5.0 and up
Fruit Cube Blast,FAMILY,4.6,9199,80.0,500000.0,Free,0.0,Everyone,Puzzle;Brain Games,2018-08-03,0.0,4.1 and up
TKPP,FAMILY,4.6,14014,60.0,1000000.0,Free,0.0,Everyone,Education;Education,2018-07-06,7.32,4.0.3 and up
IELA,FAMILY,4.3,160,67.0,50000.0,Free,0.0,Everyone,Education;Education,2018-06-18,0.0,Varies with device
DPTV,FAMILY,3.8,10366,78.0,1000000.0,Free,0.0,Everyone,Education;Pretend Play,2018-07-24,0.0,4.1 and up
Leo and Tig,FAMILY,4.5,47644,27.0,1000000.0,Free,0.0,Everyone,Adventure;Action & Adventure,2018-05-31,10.18053,4.0.3 and up
FSAF,FAMILY,4.8,12137,63.0,100000.0,Free,0.0,Everyone 10+,Simulation;Pretend Play,2018-08-06,149.0,4.1 and up
Montessori Preschool,FAMILY,3.9,237,26.0,100000.0,Free,0.0,Everyone,Education;Education,2018-07-12,0.0,4.1 and up
KCITAGFK,FAMILY,4.5,6404,46.0,500000.0,Free,0.0,Everyone,Educational;Brain Games,2018-07-16,0.0,4.1 and up
Cutie Cubies,FAMILY,4.4,6356,83.0,500000.0,Free,0.0,Everyone,Puzzle;Creativity,2018-07-04,1.180702,4.1 and up
MLP:S,FAMILY,4.3,169,60.0,5000.0,Paid,2.99,Everyone,Educational;Pretend Play,2018-05-25,1.08,4.1 and up
Sago Mini Big City,FAMILY,4.2,8,44.0,1000.0,Paid,3.99,Everyone,Education;Pretend Play,2018-07-09,1.1,4.4 and up
Pinkalicious Party,FAMILY,3.0,2,82.0,500.0,Paid,2.99,Everyone,Educational;Creativity,2018-06-25,0.0,4.1 and up
ROBLOX,FAMILY,4.5,4450855,67.0,100000000.0,Free,0.0,Everyone 10+,Adventure;Action & Adventure,2018-07-31,0.0,4.1 and up
DR-PDS,FAMILY,4.7,48701,24.0,10000000.0,Free,0.0,Everyone,Simulation;Action & Adventure,2018-05-22,0.0,4.1 and up
Moana Island Life,FAMILY,4.1,15246,78.0,1000000.0,Free,0.0,Everyone,Simulation;Action & Adventure,2017-07-12,0.0,4.0 and up
Farming Simulator 14,FAMILY,4.5,530904,51.0,10000000.0,Free,0.0,Everyone,Simulation;Action & Adventure,2017-07-17,0.0,2.3.3 and up
MO-CARICG,FAMILY,4.6,106750,94.0,1000000.0,Free,0.0,Everyone,Simulation;Action & Adventure,2018-06-29,1.221,4.1 and up
MLPRR,FAMILY,4.3,33785,16.0,5000000.0,Free,0.0,Everyone,Casual;Action & Adventure,2017-12-20,1.3,4.1 and up
ER2-RDRCG,FAMILY,4.3,4207,93.0,500000.0,Free,0.0,Everyone,Racing;Action & Adventure,2017-08-31,0.0,4.1 and up
CLL,FAMILY,4.5,58795,77.0,10000000.0,Free,0.0,Everyone,Racing;Action & Adventure,2018-05-21,1.6,4.0.3 and up
Little Panda Run,FAMILY,4.2,3235,32.0,1000000.0,Free,0.0,Everyone,Educational;Action & Adventure,2018-06-20,0.0,4.0.3 and up
STT-CBS,FAMILY,4.2,47031,58.0,1000000.0,Free,0.0,Everyone,Simulation;Action & Adventure,2018-07-30,0.0,4.4 and up
CRGFK-BD🐕,FAMILY,4.4,131,48.0,100000.0,Free,0.0,Everyone,Racing;Action & Adventure,2018-06-13,0.0,4.2 and up
PF🦄-BRGFK,FAMILY,4.5,114,69.0,50000.0,Free,0.0,Everyone,Racing;Action & Adventure,2018-06-13,0.0,4.2 and up
LJC&C,FAMILY,4.1,673203,73.0,50000000.0,Free,0.0,Everyone,Educational;Action & Adventure,2018-01-19,0.0,4.1 and up
XR2-J&4ORS,FAMILY,4.2,2178,99.0,500000.0,Free,0.0,Everyone,Racing;Action & Adventure,2017-08-23,0.0,4.1 and up
T&FGGT,FAMILY,4.1,175625,16.0,10000000.0,Free,0.0,Everyone,Racing;Action & Adventure,2017-11-22,1.4,4.1 and up
ND-RJR,FAMILY,4.7,8508,54.0,500000.0,Free,0.0,Everyone 10+,Arcade;Action & Adventure,2018-08-02,0.0,4.0.3 and up
PPBS,FAMILY,4.3,3484,56.0,1000000.0,Free,0.0,Everyone,Entertainment;Action & Adventure,2017-03-07,0.0,4.0 and up
PVZH,FAMILY,4.4,379415,68.0,10000000.0,Free,0.0,Everyone,Casual;Action & Adventure,2018-06-26,0.0,4.1 and up
TRBDD,FAMILY,4.4,19245,25.0,1000000.0,Free,0.0,Everyone,Casual;Action & Adventure,2018-03-28,1.3,4.1 and up
PAC-MAN Pop,FAMILY,4.3,24877,54.0,5000000.0,Free,0.0,Everyone,Puzzle;Action & Adventure,2018-06-20,0.0,4.1 and up
MTD&R,FAMILY,4.4,765,51.0,1000000.0,Free,0.0,Everyone,Education;Action & Adventure,2017-01-19,0.0,2.3 and up
SSB,FAMILY,4.3,525552,48.0,10000000.0,Free,0.0,Everyone,Action;Action & Adventure,2017-10-15,0.0,2.3 and up
Little Fire Station,FAMILY,4.2,3762,44.0,1000000.0,Free,0.0,Everyone,Education;Action & Adventure,2018-07-02,1.47,4.3 and up
Ice Cream Jump,FAMILY,4.2,141363,8.7,10000000.0,Free,0.0,Everyone,Casual;Action & Adventure,2018-01-21,0.0,2.3 and up
DMKBYOMP,FAMILY,4.3,472584,91.0,10000000.0,Free,0.0,Everyone,Simulation;Action & Adventure,2018-08-02,0.0,4.0.3 and up
Turbo FAST,FAMILY,4.3,1329192,97.0,50000000.0,Free,0.0,Everyone,Racing;Action & Adventure,2017-10-04,0.0,2.3.3 and up
MLPHQ,FAMILY,4.1,148295,26.0,10000000.0,Free,0.0,Everyone,Casual;Action & Adventure,2018-03-05,1.6,4.1 and up
TRBHA,FAMILY,4.2,41273,16.0,5000000.0,Free,0.0,Everyone,Adventure;Action & Adventure,2018-07-05,1.5,4.1 and up
Equestria Girls,FAMILY,4.3,392596,53.0,10000000.0,Free,0.0,Everyone,Role Playing;Action & Adventure,2016-07-22,37893.0,4.0 and up
DC Super Hero Girls™,FAMILY,4.3,43060,95.0,5000000.0,Free,0.0,Everyone,Action;Action & Adventure,2018-06-29,0.0,4.0 and up
Disney Crossy Road,FAMILY,4.5,514088,83.0,10000000.0,Free,0.0,Everyone,Arcade;Action & Adventure,2018-05-30,0.0,4.4 and up
TR2-MRR,FAMILY,4.1,41867,78.0,1000000.0,Free,0.0,Everyone,Racing;Action & Adventure,2017-05-18,0.0,2.3.3 and up
Toca Kitchen 2,FAMILY,4.5,1014846,56.0,50000000.0,Free,0.0,Everyone,Educational;Pretend Play,2017-06-29,0.0,4.1 and up
Doctor Pets,FAMILY,4.2,23060,21.0,1000000.0,Free,0.0,Everyone,Educational;Education,2018-07-26,1.19,4.1 and up
S–GFK,FAMILY,4.4,112080,26.0,10000000.0,Free,0.0,Everyone,Casual;Pretend Play,2018-07-26,1.24,4.1 and up
SMCSKG,FAMILY,4.0,15489,60.0,1000000.0,Free,0.0,Everyone,Casual;Pretend Play,2017-10-11,0.0,4.0 and up
KAJP😄,FAMILY,4.1,51895,22.0,10000000.0,Free,0.0,Everyone,Educational;Brain Games,2018-06-16,18.1,4.2 and up
IOTB,FAMILY,4.4,623398,58.0,10000000.0,Free,0.0,Everyone,Puzzle;Brain Games,2017-08-31,0.0,4.0.3 and up
Monster High™,FAMILY,4.1,66661,22.0,5000000.0,Free,0.0,Everyone,Casual;Pretend Play,2018-02-02,5.2,4.1 and up
Cute Pet Puppies,FAMILY,4.0,10447,36.0,1000000.0,Free,0.0,Everyone,Simulation;Action & Adventure,2016-02-18,0.0,2.3 and up
Frozen Free Fall,FAMILY,4.3,1574197,37.0,50000000.0,Free,0.0,Everyone,Puzzle;Action & Adventure,2018-07-27,0.0,4.2 and up
MHMM,FAMILY,4.6,19170,70.0,1000000.0,Free,0.0,Everyone,Strategy;Action & Adventure,2017-03-15,0.0,4.0.3 and up
Shopkins World!,FAMILY,4.3,169609,34.0,10000000.0,Free,0.0,Everyone,Arcade;Action & Adventure,2018-06-13,0.0,4.1 and up
Monica Toy TV,FAMILY,4.7,6188,49.0,500000.0,Free,0.0,Everyone 10+,Entertainment;Music & Video,2018-04-03,0.0,4.1 and up
TGWSFK,FAMILY,4.3,1369,9.8,500000.0,Free,0.0,Everyone,Music & Audio;Music & Video,2016-03-05,0.0,2.3 and up
Endless Numbers,FAMILY,4.4,2952,37.0,500000.0,Free,0.0,Everyone,Education;Education,2018-06-19,0.0,5.1 and up
SK-FMF,FAMILY,4.7,9856,55.0,100000.0,Free,0.0,Everyone,Health & Fitness;Education,2016-02-02,0.0,4.0 and up
ETLWAP,FAMILY,3.9,10753,84.0,1000000.0,Free,0.0,Everyone,Educational;Education,2018-07-23,0.0,4.1 and up
NDCAC,FAMILY,4.1,154,16.0,10000.0,Free,0.0,Everyone,Educational;Education,2017-01-13,0.0,4.1 and up
MATBCG,FAMILY,4.1,288523,92.0,10000000.0,Free,0.0,Everyone,Adventure;Education,2018-05-08,0.0,4.0 and up
CA&TF,FAMILY,4.1,4522,57.0,500000.0,Free,0.0,Everyone,Educational;Education,2018-06-21,0.0,4.1 and up
Toca Life: City,FAMILY,4.7,31100,24.0,500000.0,Paid,3.99,Everyone,Education;Pretend Play,2018-07-06,1.5,4.4 and up
LEGO® Friends,FAMILY,4.4,854,6.9,10000.0,Paid,4.99,Everyone,Casual;Pretend Play,2015-12-01,0.0,4.0.3 and up
MLW–G,FAMILY,4.3,560,44.0,10000.0,Paid,3.99,Everyone,Casual;Education,2015-06-17,0.0,2.3 and up
"Alizay, pirate girl",FAMILY,4.5,197,11.0,1000.0,Paid,2.99,Everyone,Casual;Action & Adventure,2017-03-23,0.0,2.3 and up
WSGIE,FAMILY,4.3,63186,16.0,10000000.0,Free,0.0,Everyone,Puzzle;Brain Games,2018-07-12,7.5,4.0.3 and up
Chess Free,FAMILY,4.3,23772,17.0,5000000.0,Free,0.0,Everyone,Board;Brain Games,2017-08-02,0.0,2.3 and up
Tic Tac Toe,FAMILY,4.1,6007,18.0,1000000.0,Free,0.0,Everyone,Board;Action & Adventure,2017-07-03,0.0,2.3 and up
Dominos Game ✔️,FAMILY,4.1,2903,16.0,1000000.0,Free,0.0,Everyone,Board;Brain Games,2018-07-05,5.2,4.1 and up
Checkers ✔️,FAMILY,4.1,3617,19.0,1000000.0,Free,0.0,Everyone,Board;Brain Games,2018-07-24,0.0,4.1 and up
CCBM,FAMILY,4.6,3063,1.6,100000.0,Free,0.0,Everyone,Board;Brain Games,2018-05-24,0.0,3.0 and up
CFK-P&L,FAMILY,4.1,3234,47.0,100000.0,Free,0.0,Everyone,Puzzle;Brain Games,2018-05-15,0.0,4.1 and up
BP:NIE,FAMILY,4.4,276,16.0,50000.0,Free,0.0,Everyone,Puzzle;Brain Games,2017-09-12,0.0,2.3 and up
Mosaic puzzles,FAMILY,4.4,1595,14.0,500000.0,Free,0.0,Everyone,Puzzle;Brain Games,2018-07-04,2.8,4.0.3 and up
RGD,FAMILY,4.0,68559,75.0,5000000.0,Free,0.0,Everyone,Board;Action & Adventure,2018-07-31,0.0,4.4 and up
Pino chess,FAMILY,4.8,61,25.0,1000.0,Free,0.0,Everyone,Casual;Brain Games,2017-01-26,0.0,4.0 and up
Chess PRO Free,FAMILY,3.8,1123,5.7,100000.0,Free,0.0,Everyone,Board;Brain Games,2016-09-08,4.2,2.3 and up
AM3F,FAMILY,4.5,566,17.0,50000.0,Free,0.0,Everyone,Board;Brain Games,2018-06-13,20180609.0,4.0 and up
Hactar Go,FAMILY,4.8,97,3.5,1000.0,Paid,2.99,Everyone,Board;Brain Games,2018-03-30,0.0,4.0 and up
All-in-One Mahjong 3,FAMILY,4.4,38,16.0,100.0,Paid,0.99,Everyone,Board;Brain Games,2018-06-14,20180609.0,4.0 and up
WRFBG,FAMILY,4.8,4,42.0,100.0,Paid,0.99,Everyone,Board;Pretend Play,2015-09-03,1.1,5.1 and up
S—FBG,FAMILY,4.2,38,47.0,1000.0,Paid,0.99,Everyone,Casual;Pretend Play,2014-11-14,1.2,2.3.3 and up
SRTR,FAMILY,4.2,214,67.0,5000.0,Paid,4.99,Everyone,Board;Brain Games,2017-12-13,0.0,4.1 and up
W-BKG,FAMILY,4.0,248,26.0,5000.0,Paid,2.99,Everyone,Board;Action & Adventure,2018-07-24,1.6,4.1 and up
LTHF,FAMILY,4.7,185,72.0,1000.0,Paid,4.99,Everyone,Board;Brain Games,2018-05-01,0.0,4.1 and up
T-TGOTP,FAMILY,4.7,2195,37.0,10000.0,Paid,2.99,Everyone,Board;Brain Games,2016-08-02,0.0,2.3 and up
TAL,FAMILY,3.9,1615,1.2,10000.0,Paid,4.99,Everyone,Board;Brain Games,2016-02-09,0.0,4.0 and up
Chess and Mate,FAMILY,4.5,359,17.0,5000.0,Paid,4.99,Everyone,Board;Brain Games,2015-08-12,0.0,2.3 and up
KBPGF🎈,FAMILY,4.1,38021,19.0,10000000.0,Free,0.0,Everyone,Casual;Music & Video,2018-07-06,18.2,4.0.3 and up
SFTF,FAMILY,4.4,6190,23.0,1000000.0,Free,0.0,Everyone,Educational;Education,2015-08-24,0.0,4.0 and up
ECBSS,FAMILY,3.9,6903,25.0,1000000.0,Free,0.0,Everyone,Educational;Pretend Play,2018-01-31,0.0,2.3 and up
Sago Mini Friends,FAMILY,4.4,13155,83.0,1000000.0,Free,0.0,Everyone,Education;Pretend Play,2016-06-16,1.3,4.0.3 and up
TAMBTF,FAMILY,3.6,418,97.0,100000.0,Free,0.0,Everyone,Educational;Education,2016-11-07,0.0,4.0.3 and up
BATA-PA,FAMILY,4.4,1160,37.0,100000.0,Free,0.0,Everyone,Education;Music & Video,2013-05-22,1.0,2.2 and up
TO-FU Oh!SUSHI,FAMILY,4.1,59917,92.0,5000000.0,Free,0.0,Everyone,Education;Pretend Play,2018-07-31,2.3,4.4 and up
DreamWorks Friends,FAMILY,3.6,1042,48.0,100000.0,Free,0.0,Everyone,Role Playing;Pretend Play,2017-08-04,2.5,4.3 and up
Avokiddo Emotions,FAMILY,4.6,73,12.0,1000.0,Paid,2.99,Everyone,Education;Pretend Play,2018-05-21,0.0,4.0.3 and up
Nighty Night Circus,FAMILY,4.3,382,15.0,10000.0,Paid,2.99,Everyone,Education;Action & Adventure,2017-03-07,2.6,2.3 and up
Sago Mini Babies,FAMILY,4.5,253,83.0,10000.0,Paid,3.99,Everyone,Education;Pretend Play,2016-10-28,1.1,4.0.3 and up
DP&TT,FAMILY,4.4,3396,9.5,50000.0,Paid,3.99,Everyone,Casual;Pretend Play,2014-12-09,1.8,4.0 and up
ROBLOX,FAMILY,4.5,4450890,67.0,100000000.0,Free,0.0,Everyone 10+,Adventure;Action & Adventure,2018-07-31,0.0,4.1 and up
Barbie Life™,FAMILY,3.9,133117,63.0,5000000.0,Free,0.0,Everyone,Casual;Pretend Play,2018-07-12,2.6,4.1 and up
PPIWH,FAMILY,4.1,47213,14.0,5000000.0,Free,0.0,Everyone,Entertainment;Pretend Play,2017-12-09,1.8,4.2 and up
SBG-DHAPT,FAMILY,3.9,95537,58.0,10000000.0,Free,0.0,Everyone,Educational;Education,2018-07-13,0.0,4.4 and up
Monster High™,FAMILY,4.1,66660,22.0,5000000.0,Free,0.0,Everyone,Casual;Pretend Play,2018-02-02,5.2,4.1 and up
Hello Kitty Lunchbox,FAMILY,4.2,51838,15.0,5000000.0,Free,0.0,Everyone,Casual;Creativity,2017-11-21,1.6,4.1 and up
SBGNB,FAMILY,3.8,36028,50.0,5000000.0,Free,0.0,Everyone,Educational;Education,2018-07-02,0.0,4.4 and up
CMLC,FAMILY,4.3,528745,59.0,10000000.0,Free,0.0,Everyone,Educational;Pretend Play,2018-07-26,0.0,4.1 and up
EAHCS,FAMILY,3.9,44062,54.0,1000000.0,Free,0.0,Everyone,Casual;Pretend Play,2016-12-30,1.3,4.0.3 and up
Frozen Free Fall,FAMILY,4.3,1574204,37.0,50000000.0,Free,0.0,Everyone,Puzzle;Action & Adventure,2018-07-27,0.0,4.2 and up
Nick,FAMILY,4.2,123322,25.0,10000000.0,Free,0.0,Everyone 10+,Entertainment;Music & Video,2018-01-24,0.0,4.4 and up
Mad Libs,FAMILY,4.0,8126,61.0,1000000.0,Free,0.0,Everyone,Entertainment;Brain Games,2018-07-31,0.0,6.0 and up
ABCmouse.com,FAMILY,4.3,50887,91.0,5000000.0,Free,0.0,Everyone,Education;Education,2018-07-03,0.0,4.4 and up
MLPC,FAMILY,4.3,63160,17.0,1000000.0,Free,0.0,Everyone,Simulation;Pretend Play,2016-07-22,0.0,2.3 and up
T&FD,FAMILY,4.2,28737,17.0,1000000.0,Free,0.0,Everyone,Casual;Action & Adventure,2016-02-05,1.0,2.3 and up
Nasty Goats,FAMILY,4.3,45579,64.0,1000000.0,Free,0.0,Everyone,Arcade;Action & Adventure,2016-04-14,0.0,4.0 and up
SF&M,FAMILY,4.2,19720,41.0,1000000.0,Free,0.0,Everyone,Education;Education,2017-11-07,0.0,4.0 and up
AJ-PW,FAMILY,4.6,361970,58.0,5000000.0,Free,0.0,Everyone,Casual;Pretend Play,2018-08-02,0.0,4.1 and up
Video Editor,FAMILY,4.1,159619,23.0,5000000.0,Free,0.0,Everyone,Video Players & Editors;Creativity,2018-07-17,0.0,4.3 and up
Real Racing 3,FAMILY,4.5,354384,71.0,10000000.0,Free,0.0,Everyone,Racing;Action & Adventure,2018-07-02,0.0,4.1 and up
CW-AT,FAMILY,4.3,129603,23.0,1000000.0,Paid,2.99,Everyone 10+,Card;Action & Adventure,2016-02-11,0.0,2.3.3 and up
MULFD,MEDICAL,4.2,1135,12.0,100000.0,Paid,9.0,Everyone,Medical,2018-07-16,0.0,4.0 and up
iBP Blood Pressure,MEDICAL,4.4,578,704.0,10000.0,Paid,0.99,Everyone,Medical,2014-11-30,0.0,2.2 and up
Pedi STAT,MEDICAL,4.6,129,2.9,10000.0,Paid,5.49,Everyone,Medical,2018-04-06,0.0,4.1 and up
ASCCP Mobile,MEDICAL,4.5,63,25.0,10000.0,Paid,9.99,Everyone,Medical,2016-10-03,0.0,2.2 and up
PPP,MEDICAL,4.5,171,20.0,10000.0,Paid,10.0,Everyone 10+,Medical,2017-09-21,0.0,4.1 and up
MommyMeds,MEDICAL,3.2,45,21.0,5000.0,Paid,3.99,Everyone,Medical,2017-11-15,0.0,6.0 and up
MI-ICOE(,MEDICAL,4.6,717,5.4,5000.0,Paid,5.99,Everyone,Medical,2018-05-31,0.0,5.0 and up
HAA2C3HB,MEDICAL,4.5,2921,25.0,100000.0,Paid,24.99,Everyone,Medical,2018-05-25,0.0,5.0 and up
Essential Anatomy 3,MEDICAL,4.1,1533,42.0,50000.0,Paid,11.99,Mature 17+,Medical,2014-08-07,0.0,4.0.3 and up
VAMA,MEDICAL,4.6,92,32.0,1000.0,Paid,79.99,Everyone,Medical,2018-06-18,19.0,4.0.3 and up
EMT Review Plus,MEDICAL,4.5,199,1.8,10000.0,Paid,11.99,Everyone,Medical,2018-06-27,0.0,4.4W and up
MTPA,MEDICAL,4.4,1361,33.0,50000.0,Paid,2.99,Everyone,Medical,2018-07-17,0.0,4.0.3 and up
2EAG,MEDICAL,4.4,12,3.8,1000.0,Paid,16.99,Everyone,Medical,2017-01-27,0.0,4.0.3 and up
ASRA Coags,MEDICAL,4.4,15,5.8,1000.0,Paid,3.99,Everyone,Medical,2018-08-01,2.1,4.1 and up
IMDI,MEDICAL,3.8,206,9.5,10000.0,Paid,2.99,Everyone,Medical,2018-04-25,0.0,4.0 and up
D&DT,MEDICAL,4.6,395,19.0,1000.0,Paid,9.99,Everyone,Medical,2018-07-16,0.0,5.0 and up
Block Buddy,MEDICAL,4.0,15,5.0,1000.0,Paid,14.99,Everyone,Medical,2018-08-01,0.0,4.0 and up
SHSVRP,MEDICAL,5.0,3,23.0,100.0,Paid,2.99,Everyone,Medical,2018-04-20,1.0,4.1 and up
ES-NTP,MEDICAL,4.3,35,862.0,5000.0,Paid,3.99,Everyone,Medical,2014-12-03,1.1,4.0.3 and up
Calcium Pro,MEDICAL,3.4,77,9.9,5000.0,Paid,2.99,Everyone,Medical,2017-04-18,0.0,4.0.3 and up
EMT PASS,MEDICAL,3.4,51,2.4,1000.0,Paid,29.99,Everyone,Medical,2014-10-22,0.0,4.0 and up
Pocket Lab Values,MEDICAL,4.3,214,899.0,10000.0,Paid,2.99,Everyone,Medical,2012-11-22,2.5,2.1 and up
MT(,MEDICAL,4.4,104,38.0,1000.0,Paid,2.99,Teen,Medical,2018-05-24,0.0,4.1 and up
CD(RA,MEDICAL,4.4,8,6.5,100.0,Paid,12.99,Everyone,Medical,2018-07-25,7.0,3.0 and up
EEM,MEDICAL,4.2,45,14.0,1000.0,Paid,4.99,Everyone,Medical,2015-08-18,6.0,4.0 and up
FHR 5-Tier 2.0,MEDICAL,5.0,2,1.2,500.0,Paid,2.99,Everyone,Medical,2015-12-16,1.0,4.0 and up
AnatomyMapp,MEDICAL,4.1,80,48.0,5000.0,Paid,14.99,Everyone,Medical,2013-11-05,1.0,3.0 and up
OptoDrum,MEDICAL,3.9,10,378.0,1000.0,Paid,5.99,Everyone,Medical,2015-05-26,1.0,3.0 and up
MHDHP,MEDICAL,4.6,156,22.0,500.0,Paid,3.49,Everyone,Medical,2018-03-14,0.0,4.4 and up
BPC,MEDICAL,4.2,178,4.8,1000.0,Paid,0.99,Everyone,Medical,2018-07-22,0.0,4.1 and up
MP-HAKB,MEDICAL,4.2,168,25.0,10000.0,Paid,24.99,Everyone,Medical,2017-08-11,0.0,4.4 and up
CCHT PREP,MEDICAL,3.6,25,266.0,1000.0,Paid,10.99,Everyone,Medical,2016-12-08,1.2,2.1 and up
Paramedic Meds,MEDICAL,4.5,163,375.0,10000.0,Paid,1.99,Everyone,Medical,2015-08-03,0.0,1.6 and up
OMC,MEDICAL,4.7,25,1.2,1000.0,Paid,4.99,Everyone,Medical,2016-06-11,0.0,3.0 and up
LV+MR,MEDICAL,4.5,133,2.8,10000.0,Paid,2.99,Everyone,Medical,2014-08-02,3.0,2.3 and up
Recognise Foot,MEDICAL,4.2,9,95.0,1000.0,Paid,7.49,Everyone,Medical,2017-09-14,0.0,4.1 and up
AMS,MEDICAL,4.2,74,2.6,1000.0,Paid,1.5,Everyone,Medical,2014-09-06,1.0,2.3.3 and up
Pain Tracker & Diary,MEDICAL,4.3,3,4.6,100.0,Paid,2.99,Everyone,Medical,2018-01-02,1.5,4.1 and up
W-TR,MEDICAL,4.1,12,5.1,1000.0,Paid,1.99,Everyone,Medical,2017-03-02,1.2,4.1 and up
CCPR,MEDICAL,4.4,17,1.8,1000.0,Paid,9.99,Everyone 10+,Medical,2018-05-14,0.0,4.4W and up
EAP-SPAH,MEDICAL,4.2,33,53.0,1000.0,Paid,3.99,Everyone,Medical,2018-05-08,2.29,4.2 and up
AA,MEDICAL,4.5,492,39.0,10000.0,Paid,7.99,Everyone,Medical,2018-04-13,0.0,4.1 and up
ICH,MEDICAL,2.6,41,14.0,1000.0,Paid,9.99,Everyone,Medical,2015-05-06,0.0,2.3.3 and up
ETNSG,MEDICAL,4.6,625,8.4,10000.0,Paid,3.99,Everyone,Medical,2017-01-08,2.1,2.1 and up
Hospitalist Handbook,MEDICAL,4.8,12,18.0,1000.0,Paid,19.99,Everyone,Medical,2017-06-05,0.0,4.1 and up
PTA Content Master,MEDICAL,4.2,64,41.0,1000.0,Paid,29.99,Everyone,Medical,2015-12-22,2.1,2.2 and up
Navi Radiography Pro,MEDICAL,4.7,11,100.0,500.0,Paid,15.99,Everyone,Medical,2018-01-14,0.0,4.0.3 and up
NCPNT,MEDICAL,3.0,4,3.4,500.0,Paid,0.99,Everyone,Medical,2017-05-09,1.0,2.3.3 and up
AMOA,MEDICAL,3.5,214,68.0,1000.0,Paid,33.99,Everyone,Medical,2017-10-02,0.0,4.0 and up
PPT,MEDICAL,4.6,66,2.6,5000.0,Paid,0.99,Everyone,Medical,2013-12-02,4.1,3.2 and up
GDPAC,MEDICAL,4.8,59158,11.0,1000000.0,Free,0.0,Everyone,Medical,2018-07-26,0.0,4.1 and up
FollowMyHealth®,MEDICAL,4.6,73118,37.0,1000000.0,Free,0.0,Everyone,Medical,2018-05-10,3.3,4.4 and up
OPT&BCC,MEDICAL,4.8,102858,9.8,1000000.0,Free,0.0,Everyone,Medical,2018-08-03,0.0,4.3 and up
Teladoc Member,MEDICAL,4.0,2094,23.0,500000.0,Free,0.0,Everyone,Medical,2018-07-26,3.19,4.3 and up
MFABR,MEDICAL,3.7,236,18.0,50000.0,Free,0.0,Everyone,Medical,2018-07-25,0.0,5.0 and up
Blood Pressure,MEDICAL,4.2,33033,7.4,5000000.0,Free,0.0,Everyone,Medical,2018-07-24,0.0,4.1 and up
PWBW,MEDICAL,4.8,78825,11.0,1000000.0,Free,0.0,Everyone,Medical,2018-08-02,0.0,4.1 and up
BPS,MEDICAL,3.5,250,23.0,100000.0,Free,0.0,Everyone,Medical,2018-07-09,0.0,4.4 and up
OneTouch Reveal,MEDICAL,3.9,6266,34.0,500000.0,Free,0.0,Everyone,Medical,2018-05-22,3.5,5.1 and up
To,MEDICAL,4.2,22,15.0,10000.0,Free,0.0,Everyone,Medical,2018-05-30,0.0,Varies with device
OFT&OC,MEDICAL,4.8,53743,13.0,1000000.0,Free,0.0,Everyone,Medical,2018-07-27,0.0,4.3 and up
Anthem Anywhere,MEDICAL,2.7,2657,24.0,500000.0,Free,0.0,Everyone,Medical,2018-07-27,0.0,4.4 and up
Blood Donor,MEDICAL,4.2,4476,20.0,500000.0,Free,0.0,Everyone,Medical,2018-07-31,0.0,4.1 and up
MC-PT,MEDICAL,4.7,156410,14.0,5000000.0,Free,0.0,Everyone,Medical,2018-08-03,0.0,4.1 and up
Youper - AI Therapy,MEDICAL,4.6,2006,69.0,50000.0,Free,0.0,Everyone,Medical,2018-08-03,0.0,6.0 and up
ZFD&BA,MEDICAL,4.5,6099,38.0,500000.0,Free,0.0,Everyone,Medical,2018-07-31,0.0,4.3 and up
1C-LS,MEDICAL,4.7,23160,26.0,1000000.0,Free,0.0,Everyone,Medical,2018-07-27,0.0,5.0 and up
BPL-M,MEDICAL,4.7,8348,2.6,500000.0,Free,0.0,Everyone,Medical,2018-04-13,0.0,4.0 and up
PulsePoint Respond,MEDICAL,4.5,7837,21.0,100000.0,Free,0.0,Everyone,Medical,2018-07-31,2.4,4.1 and up
OP&BDT,MEDICAL,4.7,6185,38.0,100000.0,Free,0.0,Everyone,Medical,2018-08-03,0.0,4.3 and up
MyQuest for Patients,MEDICAL,4.0,3803,16.0,100000.0,Free,0.0,Everyone,Medical,2018-03-13,2.17,4.0 and up
OptumRx,MEDICAL,3.4,1838,21.0,100000.0,Free,0.0,Everyone,Medical,2018-07-02,0.0,4.0.3 and up
CVS Caremark,MEDICAL,3.5,3707,10.0,500000.0,Free,0.0,Everyone,Medical,2018-07-28,4.36,4.4 and up
fred's Pharmacy,MEDICAL,3.0,315,22.0,100000.0,Free,0.0,Everyone,Medical,2017-10-10,0.0,4.0 and up
A-YHG,MEDICAL,4.7,87418,14.0,1000000.0,Free,0.0,Everyone,Medical,2018-07-16,0.0,4.4 and up
MTBSTMJFY,MEDICAL,4.6,21189,36.0,1000000.0,Free,0.0,Everyone,Medical,2018-08-06,0.0,5.0 and up
CC,MEDICAL,4.2,1746,16.0,50000.0,Free,0.0,Everyone,Medical,2018-07-25,0.0,4.1 and up
PCATA,MEDICAL,4.8,69126,61.0,1000000.0,Free,0.0,Everyone,Medical,2018-06-01,0.0,4.1 and up
All Mental disorders,MEDICAL,4.5,453,11.0,100000.0,Free,0.0,Everyone,Medical,2017-07-07,1.1,4.0.3 and up
DreamMapper,MEDICAL,4.2,10710,8.5,100000.0,Free,0.0,Everyone,Medical,2018-07-03,2.15,5.0 and up
SWRD,MEDICAL,3.8,700,37.0,100000.0,Free,0.0,Everyone,Medical,2018-06-21,0.0,4.4 and up
MoodSpace,MEDICAL,4.5,503,22.0,50000.0,Free,0.0,Everyone,Medical,2018-06-10,0.0,5.0 and up
PIADL,MEDICAL,4.0,488,17.0,100000.0,Free,0.0,Everyone,Medical,2018-08-01,3.8,4.1 and up
HealtheLife,MEDICAL,3.6,190,7.7,100000.0,Free,0.0,Everyone,Medical,2018-01-02,0.0,4.4 and up
SHA,MEDICAL,4.4,15,39.0,1000.0,Free,0.0,Everyone,Medical,2018-07-19,0.0,4.1 and up
MB-TMAHT,MEDICAL,4.7,26862,30.0,500000.0,Free,0.0,Everyone,Medical,2018-06-25,0.0,4.0.3 and up
Period Tracker,MEDICAL,4.9,100082,3.7,1000000.0,Free,0.0,Everyone,Medical,2018-07-09,0.0,4.1 and up
LabCorp | Patient,MEDICAL,3.6,27,28.0,10000.0,Free,0.0,Everyone,Medical,2018-04-19,0.0,4.1 and up
AL-3A,MEDICAL,4.5,72167,16.0,1000000.0,Free,0.0,Everyone,Medical,2018-07-18,2.0,4.1 and up
SHSEA,MEDICAL,4.1,21,20.0,1000.0,Free,0.0,Everyone,Medical,2018-06-11,1.1,4.1 and up
M-D&AT,MEDICAL,4.6,6035,8.9,100000.0,Free,0.0,Everyone,Medical,2018-07-05,0.0,4.4 and up
Teach Me Anatomy,MEDICAL,4.7,9945,97.0,500000.0,Free,0.0,Everyone,Medical,2018-07-05,5.11,4.1 and up
B-BT,MEDICAL,4.7,4318,12.0,100000.0,Free,0.0,Everyone,Medical,2018-07-26,0.0,4.1 and up
BD,MEDICAL,2.8,78,72.0,50000.0,Free,0.0,Everyone,Medical,2018-06-27,0.0,4.4 and up
98point6,MEDICAL,4.6,47,21.0,10000.0,Free,0.0,Everyone,Medical,2018-08-02,0.0,5.0 and up
MTTAD2,MEDICAL,3.4,650,27.0,100000.0,Free,0.0,Everyone,Medical,2018-07-23,0.0,4.4 and up
Super Ear,MEDICAL,4.0,3498,6.6,100000.0,Free,0.0,Everyone,Medical,2018-05-01,0.0,4.0 and up
VPHCA,MEDICAL,4.8,3052,12.0,100000.0,Free,0.0,Everyone,Medical,2018-07-31,0.0,4.1 and up
BPHT,MEDICAL,4.2,1747,5.9,100000.0,Free,0.0,Everyone,Medical,2016-10-17,0.0,4.0 and up
Dexcom G6,MEDICAL,3.0,45,20.0,5000.0,Free,0.0,Everyone,Medical,2018-07-16,0.0,6.0 and up
Nurse Grid,MEDICAL,4.5,1686,15.0,100000.0,Free,0.0,Everyone,Medical,2018-07-30,2.9,4.4 and up
Castlight Mobile,MEDICAL,3.7,529,26.0,100000.0,Free,0.0,Everyone,Medical,2018-07-30,0.0,5.0 and up
SGR,MEDICAL,4.5,1388,3.3,100000.0,Free,0.0,Everyone,Medical,2018-07-03,0.0,4.1 and up
DDGFN,MEDICAL,4.5,572,44.0,50000.0,Free,0.0,Everyone,Medical,2018-07-13,0.0,4.4 and up
live Point,MEDICAL,3.6,54,17.0,5000.0,Free,0.0,Mature 17+,Medical,2018-07-03,0.0,4.1 and up
TP,MEDICAL,4.4,275,5.8,10000.0,Free,0.0,Everyone 10+,Medical,2018-03-16,0.0,4.4 and up
ONCEP,MEDICAL,4.4,2159,11.0,10000.0,Free,0.0,Everyone,Medical,2018-05-17,0.0,4.4 and up
EMT-B Pocket Prep,MEDICAL,4.5,2951,16.0,50000.0,Free,0.0,Everyone,Medical,2018-07-11,0.0,4.4 and up
5CC,MEDICAL,4.1,84,6.1,10000.0,Free,0.0,Everyone,Medical,2017-12-11,0.0,4.1 and up
P-SNF,MEDICAL,4.3,5521,22.0,100000.0,Free,0.0,Everyone,Medical,2018-07-01,0.0,4.1 and up
HESI A2 Pocket Prep,MEDICAL,4.3,2108,28.0,50000.0,Free,0.0,Everyone,Medical,2018-05-02,0.0,4.4 and up
JHGA,MEDICAL,4.7,73,6.3,10000.0,Free,0.0,Everyone,Medical,2017-12-08,0.0,4.1 and up
FP Notebook,MEDICAL,4.5,408,60.0,50000.0,Free,0.0,Everyone,Medical,2018-03-24,0.0,4.4 and up
5MCC2-#F2Y,MEDICAL,4.2,33,8.0,10000.0,Free,0.0,Everyone,Medical,2018-05-02,0.0,4.2 and up
OS-TFC,MEDICAL,4.4,197,20.0,10000.0,Free,0.0,Everyone,Medical,2018-08-02,0.0,7.0 and up
Davis's Drug Guide,MEDICAL,3.9,272,6.4,50000.0,Free,0.0,Everyone,Medical,2017-12-11,0.0,4.1 and up
DSARH,MEDICAL,4.2,4852,34.0,100000.0,Free,0.0,Everyone,Medical,2013-10-22,1.3,2.2 and up
Christella VoiceUp,MEDICAL,4.1,38,70.0,5000.0,Free,0.0,Everyone,Medical,2018-07-12,0.0,4.1 and up
CAFA,MEDICAL,4.1,90,21.0,1000.0,Free,0.0,Everyone,Medical,2018-07-11,0.0,7.0 and up
GlassesOff,MEDICAL,3.5,1288,38.0,100000.0,Free,0.0,Everyone,Medical,2018-07-10,0.0,3.0 and up
e-Anatomy,MEDICAL,4.0,1545,74.0,100000.0,Free,0.0,Everyone,Medical,2018-07-30,0.0,4.0.3 and up
RDPP,MEDICAL,4.3,283,12.0,5000.0,Free,0.0,Everyone,Medical,2018-07-12,0.0,4.4 and up
PPP,MEDICAL,4.3,460,13.0,10000.0,Free,0.0,Everyone,Medical,2018-07-12,0.0,4.4 and up
5MVCC&F,MEDICAL,2.3,17,6.8,1000.0,Free,0.0,Everyone,Medical,2018-03-29,2.6,4.2 and up
WAPP,MEDICAL,4.5,513,12.0,5000.0,Free,0.0,Everyone,Medical,2018-07-11,0.0,4.4 and up
Nursing Central,MEDICAL,4.3,168,5.8,10000.0,Free,0.0,Everyone,Medical,2018-01-29,0.0,4.1 and up
Tinnitus Alleviator,MEDICAL,3.1,82,42.0,5000.0,Free,0.0,Everyone,Medical,2017-12-23,0.0,4.1 and up
PMHNP-BC Pocket Prep,MEDICAL,4.4,112,13.0,1000.0,Free,0.0,Everyone,Medical,2018-07-12,0.0,4.4 and up
Dialysis of Drugs,MEDICAL,2.9,92,1.5,10000.0,Free,0.0,Everyone,Medical,2018-06-15,3.1201813,4.0 and up
abeoCoder,MEDICAL,3.1,83,3.2,10000.0,Free,0.0,Everyone,Medical,2018-07-30,6.6,4.1 and up
SCRNE,MEDICAL,3.7,3,7.7,5000.0,Free,0.0,Everyone,Medical,2018-07-16,0.0,5.0 and up
LTC AS Legal,MEDICAL,4.0,6,1.3,100.0,Paid,39.99,Everyone,Medical,2018-04-04,0.0,4.1 and up
LNA,MEDICAL,3.8,343,26.0,50000.0,Free,0.0,Everyone,Medical,2018-05-01,0.0,4.1 and up
ONCEP,MEDICAL,4.4,137,11.0,1000.0,Free,0.0,Everyone,Medical,2018-05-17,0.0,4.4 and up
JBPM,MEDICAL,3.7,9,2.9,500.0,Free,0.0,Everyone,Medical,2018-07-21,1.1,4.0.3 and up
Sway Medical,MEDICAL,5.0,3,22.0,100.0,Free,0.0,Everyone,Medical,2018-07-25,0.0,5.0 and up
Exposure Ed,MEDICAL,3.0,2,16.0,500.0,Free,0.0,Everyone,Medical,2018-07-17,0.0,4.4 and up
Nucleus Smart,MEDICAL,3.7,20,19.0,1000.0,Free,0.0,Everyone,Medical,2018-06-27,0.0,5.0 and up
Cochrane Library,MEDICAL,3.7,3,10.0,100.0,Free,0.0,Everyone,Medical,2018-07-17,0.0,4.1 and up
Labs on Demand,MEDICAL,5.0,1,22.0,10.0,Free,0.0,Everyone,Medical,2018-08-03,1.2,4.2 and up
DA(&I,MEDICAL,5.0,3,20.0,100.0,Free,0.0,Everyone,Medical,2018-07-19,1.0,4.1 and up
Tablet Reminder,MEDICAL,5.0,4,2.5,5.0,Free,0.0,Everyone,Medical,2018-08-03,1.0,4.1 and up
Galaxies of Hope,MEDICAL,5.0,2,24.0,50.0,Free,0.0,Everyone,Medical,2018-07-27,1.0,4.1 and up
KBA-EZ Health Guide,MEDICAL,5.0,4,25.0,1.0,Free,0.0,Everyone,Medical,2018-08-02,0.0,4.0.3 and up
FoothillsVet,MEDICAL,5.0,2,29.0,50.0,Free,0.0,Everyone,Medical,2018-07-11,0.0,4.0.3 and up
PrimeDelivery,MEDICAL,5.0,3,53.0,10.0,Free,0.0,Everyone,Medical,2018-07-13,0.1,4.1 and up
You're an Anime,MEDICAL,5.0,2,83.0,10.0,Free,0.0,Everyone,Medical,2018-07-12,1.0,5.0 and up
A&PVERA,MEDICAL,5.0,1,4.6,5.0,Free,0.0,Everyone,Medical,2018-08-02,2.0,4.0 and up
CSCSA,MEDICAL,4.3,10,46.0,100.0,Free,0.0,Everyone,Medical,2018-07-19,0.0,4.1 and up
VetCode,MEDICAL,4.9,28,5.7,5000.0,Free,0.0,Everyone,Medical,2018-07-07,1.0,4.4 and up
NMNER&N,MEDICAL,5.0,1,4.2,10.0,Free,0.0,Everyone,Medical,2018-07-24,1.0,4.0.3 and up
Pediatric Nursing,MEDICAL,4.9,14,7.0,100.0,Free,0.0,Everyone,Medical,2018-07-13,0.0,4.0.3 and up
ICXW1C,MEDICAL,4.6,5,11.0,100.0,Free,0.0,Everyone,Medical,2018-08-03,1.0,4.1 and up
BOO,MEDICAL,5.0,1,5.6,10.0,Free,0.0,Everyone,Medical,2018-07-27,1.0,4.1 and up
FM,MEDICAL,4.0,1,3.3,10.0,Free,0.0,Everyone,Medical,2018-07-12,0.0,4.4 and up
Clinic Doctor EHr,MEDICAL,5.0,2,7.1,5.0,Free,0.0,Everyone,Medical,2018-08-03,0.0,8.0 and up
Anthem BC Anywhere,MEDICAL,2.6,496,24.0,100000.0,Free,0.0,Everyone,Medical,2018-07-27,0.0,4.4 and up
OFT&OC,MEDICAL,4.8,53747,13.0,1000000.0,Free,0.0,Everyone,Medical,2018-07-27,0.0,4.3 and up
My Cancer Coach,MEDICAL,4.3,44,34.0,10000.0,Free,0.0,Everyone,Medical,2018-04-12,0.0,4.0.3 and up
IHSS Help,MEDICAL,4.7,10,4.3,1000.0,Free,0.0,Everyone,Medical,2018-06-05,1.0,5.0 and up
mobileRx Pharmacy,MEDICAL,2.5,124,43.0,10000.0,Free,0.0,Everyone,Medical,2017-01-13,0.0,3.0 and up
Youper - AI Therapy,MEDICAL,4.6,2014,69.0,50000.0,Free,0.0,Everyone,Medical,2018-08-03,0.0,6.0 and up
BURST Professionals,MEDICAL,4.5,11,25.0,1000.0,Free,0.0,Everyone,Medical,2018-01-17,0.0,4.2 and up
LactMed,MEDICAL,4.3,573,2.0,100000.0,Free,0.0,Everyone,Medical,2017-06-01,3.1,3.0 and up
Blue CareOnDemand,MEDICAL,4.4,163,40.0,10000.0,Free,0.0,Everyone,Medical,2018-06-29,0.0,4.0.3 and up
PulsePoint AED,MEDICAL,4.5,330,17.0,50000.0,Free,0.0,Everyone,Medical,2018-07-31,1.12,4.0.3 and up
Deaf Interpreter,MEDICAL,3.8,24,4.4,1000.0,Free,0.0,Everyone,Medical,2017-09-26,5.51,3.0 and up
HBPS,MEDICAL,4.0,531,2.3,100000.0,Free,0.0,Everyone,Medical,2015-01-18,1.0,3.0 and up
MedStar eVisit,MEDICAL,4.5,20,40.0,5000.0,Free,0.0,Everyone,Medical,2018-04-10,0.0,4.0.3 and up
BPD,MEDICAL,3.7,3596,8.4,1000000.0,Free,0.0,Everyone,Medical,2018-07-18,0.0,4.0.3 and up
REDCap Mobile App,MEDICAL,4.3,56,11.0,10000.0,Free,0.0,Everyone,Medical,2018-07-31,0.0,4.3 and up
VHRAFHP,MEDICAL,4.4,27,15.0,5000.0,Free,0.0,Everyone,Medical,2018-07-20,0.0,5.0 and up
AAFP,MEDICAL,3.8,63,24.0,10000.0,Free,0.0,Everyone,Medical,2018-06-22,0.0,5.0 and up
AE-IAT,MEDICAL,4.3,123,86.0,10000.0,Free,0.0,Everyone,Medical,2018-06-01,0.0,5.0 and up
4BBD,MEDICAL,5.0,2,11.0,100.0,Free,0.0,Mature 17+,Medical,2018-06-06,0.0,4.1 and up
Fever Meter,MEDICAL,3.6,26,975.0,5000.0,Free,0.0,Everyone,Medical,2015-05-10,1.1,2.2 and up
SESH,MEDICAL,4.0,122,980.0,10000.0,Free,0.0,Everyone,Medical,2018-07-13,1.4,4.0 and up
BPM,MEDICAL,4.3,17,6.0,10000.0,Free,0.0,Everyone,Medical,2017-02-25,0.0,4.4 and up
BBCT,MEDICAL,4.7,623,20.0,50000.0,Free,0.0,Teen,Medical,2018-07-29,0.0,4.3 and up
BJ-BPD,MEDICAL,5.0,6,26.0,1000.0,Free,0.0,Everyone,Medical,2018-05-25,0.0,4.4 and up
TelaDoc,MEDICAL,4.7,6,13.0,1000.0,Free,0.0,Everyone,Medical,2018-03-31,0.0,5.0 and up
BP-SH,MEDICAL,4.6,7,2.7,1000.0,Free,0.0,Everyone,Medical,2018-04-16,43.0,4.0.3 and up
ConnectLine,MEDICAL,3.1,253,4.2,50000.0,Free,0.0,Everyone,Medical,2016-09-12,0.0,2.3.3 and up
Club,MEDICAL,4.4,3786,28.0,50000.0,Free,0.0,Everyone,Medical,2018-07-16,0.0,4.0.3 and up
Zen Leaf,MEDICAL,5.0,1,6.1,100.0,Free,0.0,Mature 17+,Medical,2018-03-08,0.0,4.1 and up
HMF,MEDICAL,3.6,10,15.0,1000.0,Free,0.0,Everyone,Medical,2017-11-20,0.0,4.0 and up
Patient Portal,MEDICAL,2.8,66,1.2,50000.0,Free,0.0,Everyone,Medical,2016-10-25,1.0,4.0.3 and up
Nemours CareConnect,MEDICAL,4.4,65,37.0,10000.0,Free,0.0,Everyone,Medical,2018-04-05,0.0,4.0.3 and up
tökr,MEDICAL,4.6,17,14.0,1000.0,Free,0.0,Everyone,Medical,2018-07-11,0.0,4.1 and up
LBPS,MEDICAL,4.2,28,2.3,10000.0,Free,0.0,Everyone,Medical,2015-01-20,1.0,3.0 and up
HHBP,MEDICAL,3.8,292,2.7,100000.0,Free,0.0,Everyone,Medical,2018-04-16,43.0,4.0.3 and up
Fever Care,MEDICAL,3.5,19,2.2,5000.0,Free,0.0,Everyone,Medical,2018-05-12,0.0,4.0.3 and up
MTAVCFM,SOCIAL,4.4,49173,4.0,10000000.0,Free,0.0,Everyone,Social,2018-06-04,1.24,4.1 and up
All Social Networks,SOCIAL,4.2,22492,1.5,1000000.0,Free,0.0,Everyone,Social,2018-05-21,0.0,4.0 and up
SNAIO2,SOCIAL,4.3,1403,3.7,100000.0,Free,0.0,Everyone,Social,2018-01-30,1.0,4.0 and up
The Messenger App,SOCIAL,4.4,4919,2.8,1000000.0,Free,0.0,Everyone,Social,2018-08-03,0.0,4.1 and up
Messenger Pro,SOCIAL,4.4,13762,3.9,1000000.0,Free,0.0,Everyone,Social,2018-05-09,0.0,4.1 and up
FMVCFMP,SOCIAL,4.3,6086,3.1,1000000.0,Free,0.0,Teen,Social,2018-06-14,0.0,4.3 and up
TVMA,SOCIAL,4.4,1200,2.8,100000.0,Free,0.0,Everyone,Social,2018-08-02,0.0,4.1 and up
J-THA,SOCIAL,4.5,76480,20.0,1000000.0,Free,0.0,Mature 17+,Social,2018-08-06,0.0,5.0 and up
WVMFP-SV,SOCIAL,4.6,271445,9.9,5000000.0,Free,0.0,Everyone,Social,2018-06-24,0.0,4.0.3 and up
HS-PV,SOCIAL,4.6,225103,5.3,5000000.0,Free,0.0,Everyone,Social,2018-06-13,0.0,4.1 and up
Love Sticker,SOCIAL,4.6,33177,10.0,1000000.0,Free,0.0,Everyone,Social,2018-06-12,0.0,4.0 and up
WB&FE,SOCIAL,4.4,54768,2.6,5000000.0,Free,0.0,Everyone,Social,2018-05-16,0.0,4.0.3 and up
VA-SV&SD,SOCIAL,4.5,25562,31.0,5000000.0,Free,0.0,Teen,Social,2018-08-02,0.0,4.1 and up
Love Images,SOCIAL,4.3,16404,2.3,1000000.0,Free,0.0,Everyone,Social,2018-06-24,1.6,2.3 and up
WB(F&SWE,SOCIAL,4.4,2508,6.0,500000.0,Free,0.0,Everyone,Social,2017-11-20,0.0,4.0.3 and up
S-LRVC&MNP,SOCIAL,4.6,79658,17.0,5000000.0,Free,0.0,Mature 17+,Social,2018-08-06,0.0,4.3 and up
Golden telegram,SOCIAL,4.3,374,20.0,50000.0,Free,0.0,Everyone,Social,2018-07-30,0.0,4.1 and up
ACAC,SOCIAL,4.8,1259075,62.0,10000000.0,Free,0.0,Teen,Social,2018-07-20,0.0,4.0.3 and up
M–TTSURVC,SOCIAL,4.6,60562,15.0,5000000.0,Free,0.0,Mature 17+,Social,2018-08-06,0.0,4.3 and up
💘WSOLSAG,SOCIAL,4.6,22098,18.0,1000000.0,Free,0.0,Everyone,Social,2018-07-24,0.0,4.0.3 and up
PT:FL,SOCIAL,4.3,231325,5.4,10000000.0,Free,0.0,Everyone,Social,2018-08-02,4.81,4.0 and up
HSP-F,SOCIAL,3.6,13223,2.8,10000000.0,Free,0.0,Mature 17+,Social,2016-06-08,0.0,4.4 and up
P-LV,SOCIAL,4.0,479908,15.0,10000000.0,Free,0.0,Mature 17+,Social,2018-07-09,0.0,4.4 and up
Kate Mobile for VK,SOCIAL,4.4,540930,5.3,10000000.0,Free,0.0,Teen,Social,2018-07-23,50.2,2.2 and up
Moment,SOCIAL,4.5,19583,37.0,1000000.0,Free,0.0,Teen,Social,2018-08-01,0.0,4.4 and up
Meetup,SOCIAL,4.2,79129,23.0,5000000.0,Free,0.0,Teen,Social,2018-08-02,0.0,4.4 and up
TFT&C,SOCIAL,4.1,382120,28.0,10000000.0,Free,0.0,Everyone,Social,2018-07-26,0.0,4.1 and up
FPCFTSOFN,SOCIAL,4.5,412725,35.0,10000000.0,Free,0.0,Everyone,Social,2018-07-31,0.0,4.1 and up
MC&MNP,SOCIAL,4.2,1259849,76.0,50000000.0,Free,0.0,Mature 17+,Social,2018-08-03,0.0,4.1 and up
OVCM&S,SOCIAL,4.3,1157004,34.0,50000000.0,Free,0.0,Everyone,Social,2017-10-16,0.0,4.3 and up
Blogger,SOCIAL,3.7,138026,2.7,5000000.0,Free,0.0,Mature 17+,Social,2016-02-29,0.0,2.1 and up
BFA(,SOCIAL,3.7,4253,4.1,100000.0,Free,0.0,Teen,Social,2018-05-31,0.0,4.0.3 and up
YLSVC,SOCIAL,4.1,309872,85.0,10000000.0,Free,0.0,Teen,Social,2018-08-03,0.0,4.1 and up
P-LV,SOCIAL,4.0,479909,15.0,10000000.0,Free,0.0,Mature 17+,Social,2018-07-09,0.0,4.4 and up
MLSAA,SOCIAL,4.1,17955,89.0,500000.0,Free,0.0,Teen,Social,2018-08-02,0.0,4.1 and up
N-LNN&C,SOCIAL,4.3,51502,20.0,5000000.0,Free,0.0,Teen,Social,2018-07-25,2.69,5.0 and up
Banjo,SOCIAL,4.2,58341,9.3,1000000.0,Free,0.0,Everyone,Social,2015-07-25,0.0,2.3 and up
MC&MNP,SOCIAL,4.2,1259894,76.0,50000000.0,Free,0.0,Mature 17+,Social,2018-08-03,0.0,4.1 and up
OVCM&S,SOCIAL,4.3,1157003,34.0,50000000.0,Free,0.0,Everyone,Social,2017-10-16,0.0,4.3 and up
Timehop,SOCIAL,4.1,161610,16.0,5000000.0,Free,0.0,Teen,Social,2018-08-05,0.0,4.1 and up
C-RA,SOCIAL,4.0,33249,8.4,1000000.0,Free,0.0,Everyone,Social,2015-03-05,0.0,2.3 and up
N-LNN&C,SOCIAL,4.3,51504,20.0,5000000.0,Free,0.0,Teen,Social,2018-07-25,2.69,5.0 and up
LOVOO,SOCIAL,4.0,852455,68.0,10000000.0,Free,0.0,Mature 17+,Social,2018-08-03,27.0,4.2 and up
JDF&LV,SOCIAL,4.4,900064,13.0,10000000.0,Free,0.0,Mature 17+,Social,2018-07-31,0.0,4.1 and up
P-MPF,SOCIAL,4.0,3677,50.0,100000.0,Free,0.0,Mature 17+,Social,2018-06-21,0.0,5.0 and up
TFT&C,SOCIAL,4.1,382121,28.0,10000000.0,Free,0.0,Everyone,Social,2018-07-26,0.0,4.1 and up
UVAPOD,SOCIAL,4.0,2052,7.0,100000.0,Free,0.0,Teen,Social,2017-09-27,2.16,4.4 and up
Meetup,SOCIAL,4.2,79130,23.0,5000000.0,Free,0.0,Teen,Social,2018-08-02,0.0,4.4 and up
MSCRVCLM,SOCIAL,4.4,624557,56.0,10000000.0,Free,0.0,Mature 17+,Social,2018-07-27,0.0,4.3 and up
Amazon for Tablets,SHOPPING,4.0,141613,22.0,10000000.0,Free,0.0,Teen,Shopping,2018-07-31,0.0,4.4 and up
W-SMF,SHOPPING,4.5,6210998,15.0,100000000.0,Free,0.0,Everyone,Shopping,2018-08-03,0.0,4.1 and up
S-N1OS,SHOPPING,4.3,94294,30.0,10000000.0,Free,0.0,Everyone,Shopping,2018-07-23,0.0,4.1 and up
SNOS,SHOPPING,4.2,608753,30.0,10000000.0,Free,0.0,Everyone,Shopping,2018-07-23,0.0,4.1 and up
Kroger,SHOPPING,4.3,38961,27.0,5000000.0,Free,0.0,Everyone,Shopping,2018-08-02,0.0,5.0 and up
LB&SUSC&RE,SHOPPING,4.5,973270,20.0,50000000.0,Free,0.0,Teen,Shopping,2018-08-06,0.0,4.1 and up
Amazon Shopping,SHOPPING,4.3,909226,42.0,100000000.0,Free,0.0,Teen,Shopping,2018-07-31,0.0,4.4 and up
OLX - Buy and Sell,SHOPPING,4.2,857923,18.0,50000000.0,Free,0.0,Everyone,Shopping,2018-07-31,0.0,4.1 and up
The wall,SHOPPING,4.4,35563,4.2,1000000.0,Free,0.0,Everyone,Shopping,2018-07-23,0.0,4.1 and up
SSSSLBB,SHOPPING,4.2,106798,30.0,5000000.0,Free,0.0,Everyone,Shopping,2018-07-23,0.0,4.1 and up
LHSLH,SHOPPING,3.6,8820,33.0,5000000.0,Free,0.0,Everyone,Shopping,2018-07-25,0.0,4.0.3 and up
HFCR,SHOPPING,4.5,37186,7.9,1000000.0,Free,0.0,Everyone,Shopping,2018-06-30,0.0,4.0 and up
Jiji.ng,SHOPPING,4.4,25714,12.0,1000000.0,Free,0.0,Everyone,Shopping,2018-07-24,0.0,4.0.3 and up
GS SHOP,SHOPPING,3.8,44255,15.0,10000000.0,Free,0.0,Everyone,Shopping,2018-08-03,0.0,4.1 and up
CJmall,SHOPPING,3.6,18252,10.0,10000000.0,Free,0.0,Everyone,Shopping,2018-08-06,0.0,4.1 and up
H&S-OIA1O+1O,SHOPPING,4.2,42750,9.9,10000000.0,Free,0.0,Everyone,Shopping,2018-08-04,0.0,4.1 and up
EHS Dongsen Shopping,SHOPPING,3.6,3656,9.0,1000000.0,Free,0.0,Teen,Shopping,2018-08-03,0.0,4.1 and up
B-BASO,SHOPPING,4.4,662287,21.0,10000000.0,Free,0.0,Everyone,Shopping,2018-08-03,0.0,4.1 and up
Life market,SHOPPING,4.5,30834,13.0,1000000.0,Free,0.0,Everyone,Shopping,2018-07-17,0.0,4.0.3 and up
JOSA,SHOPPING,4.1,367290,11.0,10000000.0,Free,0.0,Everyone,Shopping,2018-07-20,0.0,4.0.3 and up
Family Dollar,SHOPPING,4.3,2588,21.0,1000000.0,Free,0.0,Everyone,Shopping,2018-07-23,0.0,4.1 and up
JOS,SHOPPING,4.3,162655,8.1,10000000.0,Free,0.0,Teen,Shopping,2018-07-10,0.0,4.4 and up
BOS,SHOPPING,4.2,171584,12.0,10000000.0,Free,0.0,Everyone,Shopping,2018-07-26,0.0,4.2 and up
CFEUP,SHOPPING,4.2,244141,7.3,10000000.0,Free,0.0,Everyone,Shopping,2018-08-06,0.0,4.3 and up
ZFS,SHOPPING,4.2,142512,15.0,10000000.0,Free,0.0,Everyone,Shopping,2018-07-25,0.0,4.1 and up
MLOS,SHOPPING,4.3,109124,22.0,10000000.0,Free,0.0,Everyone,Shopping,2018-08-02,0.0,4.1 and up
R-WF,SHOPPING,4.6,135043,11.0,10000000.0,Free,0.0,Everyone,Shopping,2018-07-30,0.0,4.2 and up
B-OAD,SHOPPING,4.4,108592,8.3,10000000.0,Free,0.0,Everyone,Shopping,2018-07-24,0.0,4.1 and up
11st,SHOPPING,3.8,48732,20.0,10000000.0,Free,0.0,Everyone,Shopping,2018-07-31,0.0,4.0 and up
Coupang,SHOPPING,4.6,308234,38.0,10000000.0,Free,0.0,Everyone,Shopping,2018-08-02,0.0,4.0.3 and up
W-SPR(/S/SA/C/S,SHOPPING,4.5,178497,9.1,10000000.0,Free,0.0,Everyone,Shopping,2018-08-02,0.0,4.0.3 and up
T-NWC,SHOPPING,4.1,68406,24.0,10000000.0,Free,0.0,Everyone,Shopping,2018-07-25,0.0,5.0 and up
Chilindo,SHOPPING,3.8,18364,29.0,1000000.0,Free,0.0,Everyone,Shopping,2018-08-04,29.14,4.2 and up
J-PGTGTJ,SHOPPING,3.3,9189,98.0,1000000.0,Free,0.0,Teen,Shopping,2018-08-01,0.0,4.0 and up
C🏆RA,SHOPPING,4.1,23187,25.0,1000000.0,Free,0.0,Everyone,Shopping,2018-06-21,4.89,4.3 and up
SnipSnap Coupon App,SHOPPING,4.2,9975,18.0,1000000.0,Free,0.0,Everyone,Shopping,2018-01-22,1.4,4.3 and up
Coupon Sherpa,SHOPPING,4.4,7793,6.1,500000.0,Free,0.0,Everyone,Shopping,2018-02-06,0.0,4.0.3 and up
G-MGCW,SHOPPING,4.1,9701,14.0,500000.0,Free,0.0,Everyone,Shopping,2018-07-25,0.0,4.4 and up
S-GC,SHOPPING,4.2,31519,21.0,1000000.0,Free,0.0,Everyone,Shopping,2018-06-12,0.0,4.0 and up
SFGCSR&D,SHOPPING,4.3,213735,43.0,10000000.0,Free,0.0,Everyone,Shopping,2018-07-24,0.0,4.4 and up
W-SMF,SHOPPING,4.5,6211039,15.0,100000000.0,Free,0.0,Everyone,Shopping,2018-08-03,0.0,4.1 and up
KRCC&S,SHOPPING,4.1,42871,23.0,1000000.0,Free,0.0,Everyone,Shopping,2018-07-27,0.0,4.1 and up
ICBSR&CA,SHOPPING,4.5,315908,52.0,10000000.0,Free,0.0,Everyone,Shopping,2018-08-01,0.0,4.1 and up
KSSP&S,SHOPPING,4.5,79261,57.0,5000000.0,Free,0.0,Everyone,Shopping,2018-08-03,7.36,4.4 and up
S-RCW,SHOPPING,4.6,284725,20.0,10000000.0,Free,0.0,Everyone,Shopping,2018-07-31,0.0,4.1 and up
Nike,SHOPPING,4.7,67071,40.0,1000000.0,Free,0.0,Everyone,Shopping,2018-08-01,0.0,4.4 and up
P-B&SF,SHOPPING,4.3,46153,17.0,10000000.0,Free,0.0,Everyone,Shopping,2018-08-04,0.0,4.4 and up
MTSA,SHOPPING,4.4,101883,13.0,10000000.0,Free,0.0,Everyone,Shopping,2018-08-03,0.0,5.0 and up
B-HFDOTI,SHOPPING,4.4,1659,33.0,50000.0,Free,0.0,Everyone,Shopping,2018-06-29,0.0,4.4 and up
L-LD,SHOPPING,4.1,28523,29.0,5000000.0,Free,0.0,Everyone,Shopping,2018-08-03,0.0,4.4 and up
ECBCR&S,SHOPPING,4.5,37253,31.0,1000000.0,Free,0.0,Everyone,Shopping,2018-08-03,0.0,4.4 and up
S-RCW,SHOPPING,4.6,284721,20.0,10000000.0,Free,0.0,Everyone,Shopping,2018-07-31,0.0,4.1 and up
RBCR,SHOPPING,4.3,3420,13.0,100000.0,Free,0.0,Everyone,Shopping,2018-02-27,0.0,4.1 and up
HauteLook,SHOPPING,4.1,7193,7.3,500000.0,Free,0.0,Everyone,Shopping,2018-07-13,0.0,4.4 and up
Nordstrom,SHOPPING,4.6,2278,12.0,500000.0,Free,0.0,Everyone,Shopping,2018-07-15,0.0,4.4 and up
M–UIWF&S,SHOPPING,4.2,5121,8.8,500000.0,Free,0.0,Everyone,Shopping,2018-07-13,0.0,4.1 and up
Fancy,SHOPPING,4.2,39735,18.0,5000000.0,Free,0.0,Teen,Shopping,2018-07-25,0.0,4.0 and up
TBSC,SHOPPING,4.2,1558,21.0,100000.0,Free,0.0,Everyone,Shopping,2015-07-29,0.0,2.3 and up
SPT,SHOPPING,4.2,16966,34.0,1000000.0,Free,0.0,Everyone,Shopping,2018-07-12,0.0,4.0.3 and up
LOS,SHOPPING,4.0,41986,26.0,5000000.0,Free,0.0,Teen,Shopping,2018-08-06,0.0,4.1 and up
Best Buy,SHOPPING,4.4,186116,34.0,5000000.0,Free,0.0,Everyone,Shopping,2018-08-03,0.0,4.4 and up
JMS,SHOPPING,4.0,13085,2.7,1000000.0,Free,0.0,Teen,Shopping,2017-11-08,5.1,4.0.3 and up
Z–SSMS,SHOPPING,4.5,44588,20.0,5000000.0,Free,0.0,Everyone,Shopping,2018-07-12,0.0,4.4 and up
Urban Outfitters,SHOPPING,4.2,4158,23.0,500000.0,Free,0.0,Teen,Shopping,2018-07-02,2.8,4.0.3 and up
Amazon Shopping,SHOPPING,4.3,909204,42.0,100000000.0,Free,0.0,Teen,Shopping,2018-07-31,0.0,4.4 and up
S-WA&D,SHOPPING,4.4,279428,16.0,10000000.0,Free,0.0,Everyone,Shopping,2018-08-03,0.0,4.4 and up
SC&S,SHOPPING,4.5,33583,12.0,1000000.0,Free,0.0,Everyone,Shopping,2018-07-30,3.9,4.4 and up
Wanelo Shopping,SHOPPING,4.6,94205,6.5,1000000.0,Free,0.0,Everyone,Shopping,2018-06-13,0.0,4.4 and up
EH&VG,SHOPPING,4.3,95520,15.0,10000000.0,Free,0.0,Teen,Shopping,2018-08-03,0.0,4.1 and up
ASOS,SHOPPING,4.7,181798,22.0,10000000.0,Free,0.0,Everyone,Shopping,2018-07-30,0.0,4.4 and up
F-LS,SHOPPING,4.0,4602,6.2,500000.0,Free,0.0,Everyone,Shopping,2017-12-22,0.0,4.1 and up
RH-RTC,SHOPPING,4.5,72596,19.0,1000000.0,Free,0.0,Teen,Shopping,2018-08-03,0.0,4.1 and up
SB&QS,SHOPPING,4.1,110425,27.0,10000000.0,Free,0.0,Everyone,Shopping,2018-06-18,0.0,4.0.3 and up
S-D,SHOPPING,4.4,2375,1.1,100000.0,Free,0.0,Everyone,Shopping,2016-11-02,3.1,2.3.3 and up
Newegg Mobile,SHOPPING,4.5,35497,16.0,1000000.0,Free,0.0,Everyone,Shopping,2018-07-11,0.0,4.4 and up
R–SOG,SHOPPING,4.4,3878,8.8,100000.0,Free,0.0,Everyone,Shopping,2018-05-08,0.0,4.1 and up
T-NWC,SHOPPING,4.1,68406,24.0,10000000.0,Free,0.0,Everyone,Shopping,2018-08-06,0.0,5.0 and up
The Home Depot,SHOPPING,4.3,44071,56.0,5000000.0,Free,0.0,Everyone,Shopping,2018-07-19,5.1,4.4 and up
W-SMF,SHOPPING,4.5,6212081,15.0,100000000.0,Free,0.0,Everyone,Shopping,2018-08-03,0.0,4.1 and up
LLDBS,SHOPPING,4.5,5123,14.0,500000.0,Free,0.0,Everyone,Shopping,2018-07-28,0.0,5.0 and up
ASOS,SHOPPING,4.7,181823,22.0,10000000.0,Free,0.0,Everyone,Shopping,2018-07-30,0.0,4.4 and up
TC&G,PHOTOGRAPHY,4.1,19232,28.0,1000000.0,Free,0.0,Everyone,Photography,2018-08-06,0.0,4.4 and up
SFPPBCG,PHOTOGRAPHY,4.6,98716,59.0,5000000.0,Free,0.0,Everyone,Photography,2018-08-01,0.0,5.0 and up
F–FPD,PHOTOGRAPHY,4.8,109500,37.0,1000000.0,Free,0.0,Everyone,Photography,2018-08-02,0.0,4.1 and up
GPB&G,PHOTOGRAPHY,4.0,21159,36.0,500000.0,Free,0.0,Everyone,Photography,2018-01-31,0.0,4.0.3 and up
ML-PPB&M™,PHOTOGRAPHY,4.7,1320,9.5,50000.0,Free,0.0,Everyone,Photography,2018-06-27,0.0,4.1 and up
LPYPPAM,PHOTOGRAPHY,4.7,50424,82.0,1000000.0,Free,0.0,Everyone,Photography,2018-08-02,584.0,4.1 and up
Snapfish,PHOTOGRAPHY,4.1,32398,28.0,1000000.0,Free,0.0,Everyone,Photography,2018-08-01,0.0,4.4 and up
HC-BCWF&P,PHOTOGRAPHY,4.5,38953,9.7,5000000.0,Free,0.0,Everyone,Photography,2018-07-26,0.0,4.2 and up
FFSE-SC,PHOTOGRAPHY,4.7,142634,22.0,10000000.0,Free,0.0,Everyone,Photography,2018-07-06,0.0,4.4 and up
LPE&PE,PHOTOGRAPHY,4.7,259450,17.0,10000000.0,Free,0.0,Everyone,Photography,2018-05-24,0.0,4.1 and up
HC-QSP&V,PHOTOGRAPHY,4.5,21841,7.7,1000000.0,Free,0.0,Everyone,Photography,2018-07-24,0.0,4.2 and up
WPF,PHOTOGRAPHY,4.5,10349,11.0,1000000.0,Free,0.0,Everyone,Photography,2017-07-29,0.0,2.3 and up
Photo frame,PHOTOGRAPHY,4.5,859,21.0,100000.0,Free,0.0,Everyone,Photography,2018-07-18,0.0,4.0.3 and up
Huji Cam,PHOTOGRAPHY,4.4,40289,19.0,5000000.0,Free,0.0,Everyone,Photography,2018-07-11,2.2,5.0 and up
HD Camera,PHOTOGRAPHY,4.3,49680,8.7,5000000.0,Free,0.0,Everyone,Photography,2018-07-11,0.0,4.2 and up
ME-PE&SC,PHOTOGRAPHY,4.5,3378,30.0,1000000.0,Free,0.0,Mature 17+,Photography,2018-07-25,1.7,4.1 and up
MPEMC&ME,PHOTOGRAPHY,4.4,10525,25.0,1000000.0,Free,0.0,Everyone,Photography,2018-07-27,0.0,4.0 and up
Moto Photo Editor,PHOTOGRAPHY,3.3,3492,17.0,5000000.0,Free,0.0,Everyone,Photography,2018-06-14,0.0,7.0 and up
GPF-GPE,PHOTOGRAPHY,4.4,1864,13.0,500000.0,Free,0.0,Everyone,Photography,2018-05-03,22.0,4.0.3 and up
Photo Frame,PHOTOGRAPHY,4.5,74476,23.0,10000000.0,Free,0.0,Everyone,Photography,2018-06-19,1.6,4.0 and up
SSL-LFSPE,PHOTOGRAPHY,4.5,3116,22.0,500000.0,Free,0.0,Everyone,Photography,2018-08-03,0.0,4.0.3 and up
SCBCPE,PHOTOGRAPHY,4.7,31985,9.1,1000000.0,Free,0.0,Everyone,Photography,2018-08-06,0.0,4.2 and up
Night Photo Frame,PHOTOGRAPHY,4.5,4400,8.3,1000000.0,Free,0.0,Everyone,Photography,2018-07-28,0.0,4.0.3 and up
Selfie Photo Editor,PHOTOGRAPHY,4.6,11677,19.0,1000000.0,Free,0.0,Everyone,Photography,2018-07-05,0.0,4.4 and up
B-EPE&SC,PHOTOGRAPHY,4.4,3158047,53.0,100000000.0,Free,0.0,Everyone,Photography,2018-07-31,0.0,4.1 and up
My Photo Keyboard,PHOTOGRAPHY,4.3,56114,17.0,10000000.0,Free,0.0,Everyone,Photography,2018-07-09,2.6,2.3 and up
Kids Photo Frames,PHOTOGRAPHY,4.6,15700,10.0,1000000.0,Free,0.0,Everyone,Photography,2018-07-07,2.3,4.0.3 and up
PMBPE&SC,PHOTOGRAPHY,4.5,26361,29.0,5000000.0,Free,0.0,Everyone,Photography,2018-07-25,5.3,4.1 and up
PC-LE,PHOTOGRAPHY,4.5,285788,46.0,10000000.0,Free,0.0,Everyone,Photography,2017-12-04,0.0,5.0 - 8.0
DCHUP,PHOTOGRAPHY,4.2,4410,4.5,1000000.0,Free,0.0,Everyone,Photography,2018-06-27,4.1,4.0.3 and up
Snap Cat Face Camera,PHOTOGRAPHY,4.0,5855,4.9,1000000.0,Free,0.0,Everyone,Photography,2018-07-12,1.6,2.3 and up
SC-SFBC,PHOTOGRAPHY,4.7,233039,24.0,10000000.0,Free,0.0,Everyone,Photography,2018-07-28,0.0,4.4 and up
Photo Frames,PHOTOGRAPHY,4.3,28578,23.0,10000000.0,Free,0.0,Everyone,Photography,2018-07-28,6.21,4.0 and up
SS-SCBCPE,PHOTOGRAPHY,4.6,1159058,25.0,100000000.0,Free,0.0,Everyone,Photography,2018-08-03,0.0,4.0.3 and up
CS-PELFC,PHOTOGRAPHY,4.4,53421,26.0,10000000.0,Free,0.0,Everyone,Photography,2018-08-06,0.0,4.0.3 and up
Open Camera,PHOTOGRAPHY,4.3,116880,2.0,10000000.0,Free,0.0,Everyone,Photography,2018-04-23,0.0,4.0.3 and up
BM–PM,PHOTOGRAPHY,4.3,21730,19.0,1000000.0,Free,0.0,Everyone,Photography,2018-05-23,0.0,4.0 and up
BIBE(PE,PHOTOGRAPHY,4.4,62421,9.6,5000000.0,Free,0.0,Everyone,Photography,2018-07-28,2.4,4.1 and up
M-SP&C,PHOTOGRAPHY,4.4,70189,13.0,5000000.0,Free,0.0,Teen,Photography,2015-08-11,0.0,4.0 and up
Q-PGWGDS,PHOTOGRAPHY,4.6,847159,4.2,10000000.0,Free,0.0,Everyone,Photography,2017-11-10,0.0,4.0 and up
Flickr,PHOTOGRAPHY,4.3,251951,16.0,10000000.0,Free,0.0,Mature 17+,Photography,2018-07-11,0.0,4.4 and up
Camera for Android,PHOTOGRAPHY,4.2,240475,9.5,10000000.0,Free,0.0,Everyone,Photography,2017-11-22,3.8,4.0 and up
B-EPE&SC,PHOTOGRAPHY,4.4,3157936,53.0,100000000.0,Free,0.0,Everyone,Photography,2018-07-31,0.0,4.1 and up
Photo Mixer,PHOTOGRAPHY,3.9,55427,6.6,10000000.0,Free,0.0,Everyone,Photography,2016-03-25,5.1,2.3.3 and up
Wondershare PowerCam,PHOTOGRAPHY,4.2,329160,27.0,10000000.0,Free,0.0,Everyone,Photography,2018-05-29,0.0,2.3 and up
love,PHOTOGRAPHY,4.3,42677,22.0,1000000.0,Free,0.0,Everyone,Photography,2018-06-15,1.28,4.0.3 and up
IPF&CE,PHOTOGRAPHY,4.3,811693,50.0,50000000.0,Free,0.0,Everyone,Photography,2018-08-02,0.0,4.4 and up
KC+SPFG,PHOTOGRAPHY,4.1,23440,30.0,1000000.0,Free,0.0,Everyone,Photography,2018-07-11,0.0,4.0 and up
Photo Editor,PHOTOGRAPHY,4.3,42079,17.0,1000000.0,Free,0.0,Everyone,Photography,2015-09-24,0.0,4.0.3 and up
C-ASC,PHOTOGRAPHY,4.0,29707,18.0,1000000.0,Free,0.0,Everyone,Photography,2015-02-10,0.0,4.0 and up
I-CFS,PHOTOGRAPHY,4.0,15098,10.0,1000000.0,Free,0.0,Everyone,Photography,2017-03-03,1.43,2.3 and up
"Phogy, 3D Camera",PHOTOGRAPHY,4.0,35724,9.9,1000000.0,Free,0.0,Everyone,Photography,2015-02-11,1.4,4.0 and up
Sweet Camera,PHOTOGRAPHY,4.4,71898,23.0,5000000.0,Free,0.0,Everyone,Photography,2017-10-10,0.0,4.0.3 and up
CSPEWFS,PHOTOGRAPHY,4.3,4865093,51.0,100000000.0,Free,0.0,Everyone,Photography,2018-08-06,0.0,4.0.3 and up
R-SE,PHOTOGRAPHY,4.1,106080,35.0,10000000.0,Free,0.0,Everyone,Photography,2018-06-27,0.0,4.1 and up
Mega Photo,PHOTOGRAPHY,4.2,44941,16.0,1000000.0,Free,0.0,Everyone,Photography,2016-10-19,0.0,3.0 and up
BIB,PHOTOGRAPHY,3.9,129272,11.0,10000000.0,Free,0.0,Everyone,Photography,2018-07-30,1.32,4.1 and up
MIX by Camera360,PHOTOGRAPHY,4.4,111066,74.0,5000000.0,Free,0.0,Everyone,Photography,2018-08-03,0.0,4.0.3 and up
Facetune - For Free,PHOTOGRAPHY,4.4,49553,48.0,1000000.0,Paid,5.99,Everyone,Photography,2018-07-25,0.0,4.1 and up
Camera FV-5 Lite,PHOTOGRAPHY,4.0,130081,5.6,10000000.0,Free,0.0,Everyone,Photography,2017-11-10,0.0,4.0 and up
HD Camera Ultra,PHOTOGRAPHY,4.3,462152,1.5,10000000.0,Free,0.0,Everyone,Photography,2015-10-17,0.0,Varies with device
CLFC,PHOTOGRAPHY,4.2,140917,5.7,10000000.0,Free,0.0,Everyone,Photography,2018-06-11,0.0,4.0 and up
CZF-F,PHOTOGRAPHY,4.0,88860,6.1,5000000.0,Free,0.0,Everyone,Photography,2017-04-06,0.0,2.3 and up
HCPFA,PHOTOGRAPHY,4.1,49211,1.9,1000000.0,Free,0.0,Everyone,Photography,2017-01-19,0.0,2.1 and up
HCFA,PHOTOGRAPHY,4.1,351254,4.0,10000000.0,Free,0.0,Everyone,Photography,2018-06-29,0.0,4.2 and up
G(C,PHOTOGRAPHY,4.0,157506,47.0,10000000.0,Free,0.0,Everyone,Photography,2018-05-24,0.0,5.0 and up
SSCA,PHOTOGRAPHY,4.0,34753,22.0,1000000.0,Free,0.0,Everyone,Photography,2018-07-03,0.0,4.2 and up
SI-PE&CM,PHOTOGRAPHY,4.4,635846,14.0,50000000.0,Free,0.0,Everyone,Photography,2018-05-23,0.0,4.0 and up
HC(,PHOTOGRAPHY,4.1,78140,10.0,5000000.0,Free,0.0,Everyone,Photography,2018-02-11,0.0,4.0.3 and up
LI•TL•P,PHOTOGRAPHY,4.3,12865,6.9,100000.0,Paid,2.99,Everyone,Photography,2014-11-06,4.7,2.2 and up
E-C&PF,PHOTOGRAPHY,4.2,215343,44.0,10000000.0,Free,0.0,Everyone,Photography,2018-07-14,0.0,4.0.3 and up
CSPEWFS,PHOTOGRAPHY,4.3,4865107,51.0,100000000.0,Free,0.0,Everyone,Photography,2018-08-06,0.0,4.0.3 and up
PPBPECM,PHOTOGRAPHY,4.4,852649,43.0,50000000.0,Free,0.0,Teen,Photography,2018-06-26,0.0,4.2 and up
Photo Effects Pro,PHOTOGRAPHY,4.4,1494491,21.0,50000000.0,Free,0.0,Everyone,Photography,2017-03-21,0.0,3.1 and up
NC&SFI,PHOTOGRAPHY,4.6,819774,25.0,10000000.0,Free,0.0,Everyone,Photography,2018-06-26,0.0,4.0 and up
Picture Grid Builder,PHOTOGRAPHY,4.0,33439,3.9,5000000.0,Free,0.0,Everyone,Photography,2016-07-18,3.2,2.3.3 and up
HCFA,PHOTOGRAPHY,4.1,351255,4.0,10000000.0,Free,0.0,Everyone,Photography,2018-06-29,0.0,4.2 and up
Photo Studio,PHOTOGRAPHY,4.2,477831,51.0,10000000.0,Free,0.0,Everyone,Photography,2018-07-28,0.0,4.0 and up
F-CE,PHOTOGRAPHY,4.6,126337,9.6,1000000.0,Free,0.0,Everyone,Photography,2017-03-15,0.0,4.0 and up
PS-#CM,PHOTOGRAPHY,4.2,15426,50.0,1000000.0,Free,0.0,Everyone,Photography,2018-07-24,0.0,5.1 and up
PEBA,PHOTOGRAPHY,4.4,1490732,21.0,50000000.0,Free,0.0,Everyone,Photography,2018-07-19,0.0,4.1 and up
P–FPE,PHOTOGRAPHY,4.4,1163232,31.0,50000000.0,Free,0.0,Everyone,Photography,2018-07-20,0.0,4.0.3 and up
Photo Editor,PHOTOGRAPHY,4.1,114680,27.0,10000000.0,Free,0.0,Everyone,Photography,2018-02-15,1.38,4.1 and up
B-EPE&SC,PHOTOGRAPHY,4.4,3158151,53.0,100000000.0,Free,0.0,Everyone,Photography,2018-07-31,0.0,4.1 and up
PPSCM&PE,PHOTOGRAPHY,4.5,7594559,34.0,100000000.0,Free,0.0,Teen,Photography,2018-08-06,0.0,4.0.3 and up
Color Touch Effects,PHOTOGRAPHY,3.8,167652,12.0,10000000.0,Free,0.0,Everyone,Photography,2018-04-23,4.5,4.1 and up
IPF&CE,PHOTOGRAPHY,4.3,811714,50.0,50000000.0,Free,0.0,Everyone,Photography,2018-08-02,0.0,4.4 and up
ZC-PEBSC,PHOTOGRAPHY,4.4,1075277,47.0,100000000.0,Free,0.0,Mature 17+,Photography,2018-08-03,4.21,4.1 and up
PVPS,PHOTOGRAPHY,4.2,93726,9.2,5000000.0,Free,0.0,Everyone,Photography,2018-07-08,0.0,4.3 and up
CSPEWFS,PHOTOGRAPHY,4.3,4865132,51.0,100000000.0,Free,0.0,Everyone,Photography,2018-08-06,0.0,4.0.3 and up
FSPTI,PHOTOGRAPHY,4.2,197295,24.0,10000000.0,Free,0.0,Everyone,Photography,2017-06-23,0.0,4.0 and up
Add Text To Photo,PHOTOGRAPHY,4.1,21578,1.6,1000000.0,Free,0.0,Everyone,Photography,2017-09-08,0.0,2.3 and up
P-TOP,PHOTOGRAPHY,4.3,307453,17.0,10000000.0,Free,0.0,Everyone,Photography,2017-10-26,0.0,4.0.3 and up
CSP,PHOTOGRAPHY,4.0,32896,31.0,5000000.0,Free,0.0,Everyone,Photography,2018-03-14,0.0,2.3.3 and up
SFPPBCG,PHOTOGRAPHY,4.6,98717,59.0,5000000.0,Free,0.0,Everyone,Photography,2018-08-01,0.0,5.0 and up
PC-I,PHOTOGRAPHY,4.3,542561,46.0,10000000.0,Free,0.0,Everyone,Photography,2018-01-02,0.0,4.0 and up
M–BCEPE,PHOTOGRAPHY,4.5,462702,45.0,10000000.0,Free,0.0,Everyone,Photography,2018-08-01,0.0,4.3 and up
Free Sports TV,SPORTS,4.3,1802,9.8,100000.0,Free,0.0,Everyone,Sports,2018-06-21,1.4,4.0.3 and up
TLSSNS&V,SPORTS,4.4,133825,34.0,10000000.0,Free,0.0,Everyone 10+,Sports,2018-07-25,0.0,4.4 and up
O-SS,SPORTS,4.7,911995,20.0,10000000.0,Free,0.0,Everyone,Sports,2018-08-01,0.0,4.4 and up
CRW,SPORTS,4.6,1733,19.0,500000.0,Free,0.0,Everyone,Sports,2018-07-17,2.1,4.1 and up
F-TSN&LS,SPORTS,4.2,342909,6.0,10000000.0,Free,0.0,Everyone,Sports,2018-08-03,0.0,4.4 and up
kicker football news,SPORTS,4.3,56270,15.0,5000000.0,Free,0.0,Everyone,Sports,2018-08-03,0.0,5.0 and up
Football Live Scores,SPORTS,4.5,107724,6.5,5000000.0,Free,0.0,Everyone,Sports,2018-07-31,1004.0,4.0 and up
P2-SAAB,SPORTS,4.6,101455,6.2,5000000.0,Free,0.0,Everyone,Sports,2018-08-03,0.0,4.0.3 and up
M-SLD,SPORTS,3.9,76346,14.0,5000000.0,Free,0.0,Everyone,Sports,2018-07-25,0.0,4.1 and up
FMTRNL,SPORTS,4.3,39878,6.1,1000000.0,Free,0.0,Everyone,Sports,2018-07-28,0.0,4.1 and up
AF-LN&V,SPORTS,4.6,152867,17.0,10000000.0,Free,0.0,Everyone,Sports,2018-08-03,0.0,4.1 and up
PL-OA,SPORTS,4.3,63580,24.0,5000000.0,Free,0.0,Everyone,Sports,2018-07-20,0.0,4.1 and up
beIN SPORTS TR,SPORTS,4.0,135763,13.0,10000000.0,Free,0.0,Everyone,Sports,2018-08-02,0.0,4.1 and up
ESPN Fantasy Sports,SPORTS,4.0,176448,10.0,5000000.0,Free,0.0,Everyone,Sports,2017-11-21,0.0,4.4 and up
AFGLSG,SPORTS,4.6,1981,10.0,100000.0,Free,0.0,Everyone,Sports,2018-06-21,0.0,4.1 and up
TMFN,SPORTS,4.3,16016,6.9,1000000.0,Free,0.0,Everyone,Sports,2016-01-07,0.0,4.2 and up
GLS,SPORTS,4.2,9992,31.0,1000000.0,Free,0.0,Everyone,Sports,2018-05-23,6.5,4.1 and up
Hovercraft Racer,SPORTS,4.0,218,28.0,100000.0,Free,0.0,Everyone,Sports,2018-07-19,5.0,4.1 and up
World Cup 2018,SPORTS,4.6,4011,2.6,500000.0,Free,0.0,Teen,Sports,2018-07-01,0.0,2.3 and up
GollerCepte 1903,SPORTS,4.7,25172,30.0,500000.0,Free,0.0,Everyone,Sports,2018-05-23,5.5,4.1 and up
League18,SPORTS,4.3,14123,13.0,500000.0,Free,0.0,Everyone,Sports,2018-08-01,0.0,4.0 and up
Speed Boat Racing,SPORTS,4.0,2487,27.0,1000000.0,Free,0.0,Everyone,Sports,2018-08-03,12.0,4.0.3 and up
LL-SSLO,SPORTS,4.5,180938,29.0,10000000.0,Free,0.0,Everyone,Sports,2018-07-24,0.0,4.0.3 and up
LMW,SPORTS,4.7,950,18.0,100000.0,Free,0.0,Everyone,Sports,2018-07-17,2.6,4.1 and up
Goal Live Scores,SPORTS,4.4,232423,35.0,5000000.0,Free,0.0,Everyone,Sports,2018-06-11,0.0,4.0.3 and up
The 5th Stand,SPORTS,4.8,1664,17.0,100000.0,Free,0.0,Everyone,Sports,2018-07-31,0.0,4.4 and up
U+PB,SPORTS,4.3,2486,18.0,500000.0,Free,0.0,Everyone,Sports,2018-07-30,0.0,4.4 and up
MFBM,SPORTS,4.4,697,3.0,100000.0,Free,0.0,Everyone,Sports,2017-03-16,1.1,4.1 and up
MLB Ballpark,SPORTS,3.9,5510,32.0,1000000.0,Free,0.0,Everyone,Sports,2018-07-16,0.0,4.2 and up
M-MUT,SPORTS,4.4,4549,24.0,500000.0,Free,0.0,Everyone,Sports,2018-08-01,0.0,4.1 and up
WatchESPN,SPORTS,4.1,288809,6.6,10000000.0,Free,0.0,Everyone,Sports,2017-09-27,0.0,4.4 and up
CBS Sports Fantasy,SPORTS,4.0,43611,27.0,1000000.0,Free,0.0,Everyone,Sports,2018-06-27,0.0,5.0 and up
NBC Sports,SPORTS,3.1,78442,25.0,5000000.0,Free,0.0,Everyone,Sports,2018-06-22,0.0,4.1 and up
NBC Sports Gold,SPORTS,2.9,3017,24.0,100000.0,Free,0.0,Everyone,Sports,2018-07-02,3.7,4.1 and up
TD-L,SPORTS,4.5,36255,25.0,1000000.0,Free,0.0,Everyone,Sports,2018-08-01,0.0,4.1 and up
S-LUG,SPORTS,4.3,752,33.0,100000.0,Free,0.0,Everyone,Sports,2018-07-10,0.0,4.1 and up
Golf Channel,SPORTS,4.1,19230,88.0,1000000.0,Free,0.0,Everyone,Sports,2018-05-30,0.0,4.1 and up
The Rules of Golf,SPORTS,4.3,926,9.3,100000.0,Free,0.0,Everyone,Sports,2018-01-17,5.9,4.1 and up
ZGSA,SPORTS,4.4,2020,84.0,100000.0,Free,0.0,Everyone,Sports,2018-05-24,0.0,5.0 and up
LGS-U&EG,SPORTS,4.2,798,4.7,50000.0,Free,0.0,Everyone 10+,Sports,2018-08-01,3.5,4.0 and up
GGG+TT,SPORTS,4.3,7543,25.0,500000.0,Free,0.0,Everyone,Sports,2018-07-11,0.0,4.1 and up
PGA TOUR LIVE,SPORTS,3.4,1845,12.0,100000.0,Free,0.0,Everyone,Sports,2017-06-07,0.0,4.2 and up
MGGF,SPORTS,4.2,1904,9.9,100000.0,Free,0.0,Everyone,Sports,2018-06-11,0.0,2.3 and up
GG+PB,SPORTS,4.0,11085,61.0,1000000.0,Free,0.0,Everyone,Sports,2018-06-21,0.0,4.0.3 and up
GPGG,SPORTS,4.1,3387,25.0,50000.0,Paid,29.99,Everyone,Sports,2018-07-11,0.0,4.1 and up
PGA TOUR,SPORTS,4.0,11151,52.0,1000000.0,Free,0.0,Everyone,Sports,2018-06-27,2018.6,5.0 and up
FDFS,SPORTS,4.6,29673,57.0,1000000.0,Free,0.0,Mature 17+,Sports,2018-08-06,0.0,5.0 and up
D-DFS,SPORTS,4.5,50017,41.0,1000000.0,Free,0.0,Adults only 18+,Sports,2018-07-24,0.0,4.4 and up
FFM(,SPORTS,4.4,63650,4.6,1000000.0,Free,0.0,Everyone,Sports,2018-08-03,0.0,4.1 and up
ESPN Fantasy Sports,SPORTS,4.0,176450,10.0,5000000.0,Free,0.0,Everyone,Sports,2017-11-21,0.0,4.4 and up
Fantasy Football,SPORTS,3.5,50179,23.0,1000000.0,Free,0.0,Everyone,Sports,2018-08-02,0.0,5.0 and up
UOTC2,SPORTS,4.0,9971,33.0,1000000.0,Free,0.0,Everyone,Sports,2018-06-05,7.1,5.0 and up
LTR/L,SPORTS,4.8,1660,4.7,10000.0,Free,0.0,Everyone,Sports,2018-06-05,3.9,4.0.3 and up
TLW,SPORTS,4.1,361,2.2,50000.0,Free,0.0,Everyone,Sports,2016-10-13,1.0,2.3 and up
TCW2,SPORTS,4.3,24082,95.0,1000000.0,Free,0.0,Everyone,Sports,2018-07-04,6.5,4.4 and up
TLSSNS&V,SPORTS,4.4,133833,34.0,10000000.0,Free,0.0,Everyone 10+,Sports,2018-07-25,0.0,4.4 and up
T2-TLS,SPORTS,4.6,990,9.4,100000.0,Free,0.0,Everyone,Sports,2018-07-18,0.0,4.1 and up
YS-SSN&H,SPORTS,4.5,32386,19.0,1000000.0,Free,0.0,Everyone,Sports,2018-08-01,0.0,5.1 and up
TNAS,SPORTS,4.3,101,3.9,10000.0,Free,0.0,Everyone,Sports,2018-07-15,5.4,4.1 and up
MS-S&S,SPORTS,4.5,35394,21.0,500000.0,Free,0.0,Everyone,Sports,2018-07-05,0.0,4.2 and up
FSLSS&N,SPORTS,4.0,28895,82.0,5000000.0,Free,0.0,Teen,Sports,2018-08-02,0.0,5.0 and up
NMML,SPORTS,4.1,34123,19.0,5000000.0,Free,0.0,Everyone,Sports,2018-03-30,0.0,5.0 and up
SFTN,SPORTS,3.5,4057,26.0,500000.0,Free,0.0,Everyone,Sports,2018-05-10,0.0,4.0.3 and up
Thuuz Sports,SPORTS,4.5,5517,5.2,500000.0,Free,0.0,Everyone,Sports,2018-04-03,0.0,2.3 and up
NCAA Sports,SPORTS,3.9,4272,16.0,500000.0,Free,0.0,Everyone,Sports,2018-04-23,0.0,4.1 and up
F-TSN&LS,SPORTS,4.2,342912,6.0,10000000.0,Free,0.0,Everyone,Sports,2018-08-03,0.0,4.4 and up
3-LS,SPORTS,4.6,666521,25.0,10000000.0,Free,0.0,Everyone,Sports,2018-07-29,0.0,4.1 and up
FF&NN,SPORTS,4.5,2943,8.1,100000.0,Free,0.0,Everyone,Sports,2018-05-15,0.0,2.3.3 and up
NBA,SPORTS,4.4,108318,35.0,10000000.0,Free,0.0,Everyone,Sports,2018-07-09,0.0,4.4 and up
NHL,SPORTS,4.0,68935,48.0,5000000.0,Free,0.0,Everyone,Sports,2018-06-27,0.0,4.2 and up
NASCAR MOBILE,SPORTS,4.2,80900,21.0,1000000.0,Free,0.0,Everyone,Sports,2018-07-25,0.0,4.4 and up
MLB Ballpark,SPORTS,3.9,5511,32.0,1000000.0,Free,0.0,Everyone,Sports,2018-07-16,0.0,4.2 and up
EHF&CRTD,TRAVEL_AND_LOCAL,4.1,136626,14.0,10000000.0,Free,0.0,Everyone,Travel & Local,2018-08-06,0.0,5.0 and up
TTO,TRAVEL_AND_LOCAL,4.4,49190,25.0,1000000.0,Free,0.0,Everyone,Travel & Local,2018-06-15,0.0,5.0 and up
CPTTGOM,TRAVEL_AND_LOCAL,4.3,64713,58.0,1000000.0,Free,0.0,Everyone,Travel & Local,2018-06-09,0.0,5.0 and up
KFH&C,TRAVEL_AND_LOCAL,4.5,216388,19.0,10000000.0,Free,0.0,Everyone,Travel & Local,2018-07-31,0.0,Varies with device
Skyscanner,TRAVEL_AND_LOCAL,4.5,481545,29.0,10000000.0,Free,0.0,Everyone,Travel & Local,2018-08-06,5.48,4.4 and up
WTGBT,TRAVEL_AND_LOCAL,4.4,6012,81.0,500000.0,Free,0.0,Everyone,Travel & Local,2018-03-05,0.0,4.0.3 and up
HH&CHTA,TRAVEL_AND_LOCAL,4.4,17878,28.0,1000000.0,Free,0.0,Everyone,Travel & Local,2018-07-16,0.0,4.1 and up
GPS Map Free,TRAVEL_AND_LOCAL,4.0,33782,7.6,5000000.0,Free,0.0,Everyone,Travel & Local,2018-07-11,4.6,4.0 and up
OM&N,TRAVEL_AND_LOCAL,4.7,192641,33.0,5000000.0,Free,0.0,Everyone,Travel & Local,2018-06-07,0.0,4.0.3 and up
GFCG,TRAVEL_AND_LOCAL,4.6,751551,42.0,10000000.0,Free,0.0,Mature 17+,Travel & Local,2018-08-02,0.0,4.4 and up
Southwest Airlines,TRAVEL_AND_LOCAL,3.9,24781,8.3,5000000.0,Free,0.0,Everyone,Travel & Local,2018-07-11,0.0,6.0 and up
ANMT,TRAVEL_AND_LOCAL,3.6,32862,14.0,10000000.0,Free,0.0,Everyone,Travel & Local,2016-12-06,0.0,4.1 and up
AirAsia,TRAVEL_AND_LOCAL,3.9,98585,37.0,10000000.0,Free,0.0,Everyone,Travel & Local,2018-07-16,0.0,4.4 and up
EHF&CRTD,TRAVEL_AND_LOCAL,4.1,136633,14.0,10000000.0,Free,0.0,Everyone,Travel & Local,2018-08-06,0.0,5.0 and up
Allegiant,TRAVEL_AND_LOCAL,3.1,5572,21.0,1000000.0,Free,0.0,Everyone,Travel & Local,2018-07-12,0.0,4.4 and up
Amtrak,TRAVEL_AND_LOCAL,3.7,16815,28.0,1000000.0,Free,0.0,Everyone,Travel & Local,2018-07-15,0.0,5.0 and up
J(AIF,TRAVEL_AND_LOCAL,3.4,2277,27.0,1000000.0,Free,0.0,Everyone,Travel & Local,2018-05-07,0.0,4.0.3 and up
VNFT,TRAVEL_AND_LOCAL,3.6,285,39.0,500000.0,Free,0.0,Everyone,Travel & Local,2018-01-22,0.0,4.2 and up
H-TRPAI,TRAVEL_AND_LOCAL,3.3,256,17.0,100000.0,Free,0.0,Everyone,Travel & Local,2018-08-01,0.0,5.0 and up
VNFGS,TRAVEL_AND_LOCAL,3.0,2750,39.0,5000000.0,Free,0.0,Everyone,Travel & Local,2018-01-22,0.0,4.2 and up
MAIN,TRAVEL_AND_LOCAL,3.6,7081,51.0,1000000.0,Free,0.0,Everyone,Travel & Local,2018-08-06,0.0,4.4 and up
YP-TLPCCPVAD,TRAVEL_AND_LOCAL,4.8,17882,86.0,1000000.0,Free,0.0,Everyone,Travel & Local,2018-08-03,0.0,5.0 and up
Y-FHBT&C,TRAVEL_AND_LOCAL,4.5,251037,26.0,10000000.0,Free,0.0,Everyone,Travel & Local,2018-08-05,0.0,4.1 and up
Fly Delta,TRAVEL_AND_LOCAL,3.7,27560,46.0,5000000.0,Free,0.0,Everyone,Travel & Local,2018-07-31,0.0,5.0 and up
Skyscanner,TRAVEL_AND_LOCAL,4.5,481546,29.0,10000000.0,Free,0.0,Everyone,Travel & Local,2018-08-06,5.48,4.4 and up
DHAF,TRAVEL_AND_LOCAL,4.4,150932,27.0,10000000.0,Free,0.0,Everyone,Travel & Local,2018-07-30,0.0,4.1 and up
Navigation Plus,TRAVEL_AND_LOCAL,4.1,928,14.0,1000000.0,Free,0.0,Everyone,Travel & Local,2018-01-09,0.0,4.1 and up
Poynt,TRAVEL_AND_LOCAL,4.0,26665,10.0,5000000.0,Free,0.0,Everyone,Travel & Local,2018-03-29,0.0,4.1 and up
Gaode Map,TRAVEL_AND_LOCAL,3.9,13275,71.0,1000000.0,Free,0.0,Everyone,Travel & Local,2018-07-03,0.0,4.0 and up
PHDRC&F,TRAVEL_AND_LOCAL,4.4,48930,15.0,5000000.0,Free,0.0,Everyone,Travel & Local,2018-07-26,0.0,4.4 and up
Free Radar Detector,TRAVEL_AND_LOCAL,4.3,15680,11.0,1000000.0,Free,0.0,Everyone,Travel & Local,2018-07-06,0.0,4.1 and up
WTT-THTTCTTT,TRAVEL_AND_LOCAL,4.2,5112,62.0,1000000.0,Free,0.0,Everyone,Travel & Local,2018-07-27,0.0,4.4 and up
United Airlines,TRAVEL_AND_LOCAL,3.5,30447,80.0,5000000.0,Free,0.0,Everyone,Travel & Local,2018-07-20,0.0,5.0 and up
NTES,TRAVEL_AND_LOCAL,4.3,165299,5.4,10000000.0,Free,0.0,Everyone,Travel & Local,2018-07-30,8.0,4.1 and up
WIMT:IR&PS,TRAVEL_AND_LOCAL,4.7,620534,9.8,10000000.0,Free,0.0,Everyone,Travel & Local,2018-07-30,0.0,4.0.3 and up
GFBR,TRAVEL_AND_LOCAL,4.3,34,7.6,1000.0,Free,0.0,Everyone,Travel & Local,2017-08-29,2.3,4.0.3 and up
FDRF,TRAVEL_AND_LOCAL,4.1,427,26.0,100000.0,Free,0.0,Everyone,Travel & Local,2016-03-21,0.0,4.1 and up
URR,TRAVEL_AND_LOCAL,4.2,35560,13.0,5000000.0,Free,0.0,Everyone,Travel & Local,2016-07-05,0.0,4.0.3 and up
Qatar Airways,TRAVEL_AND_LOCAL,4.3,11182,62.0,1000000.0,Free,0.0,Everyone,Travel & Local,2018-07-30,11.26,4.1 and up
HH&F,TRAVEL_AND_LOCAL,4.3,16734,10.0,1000000.0,Free,0.0,Everyone,Travel & Local,2018-07-31,0.0,5.0 and up
CWT To Go,TRAVEL_AND_LOCAL,4.4,20313,57.0,100000.0,Free,0.0,Everyone,Travel & Local,2018-08-05,0.0,4.4 and up
British Airways,TRAVEL_AND_LOCAL,4.2,25740,51.0,1000000.0,Free,0.0,Everyone,Travel & Local,2018-07-24,4.2,4.4 and up
CF&HM,TRAVEL_AND_LOCAL,4.2,42546,24.0,5000000.0,Free,0.0,Everyone,Travel & Local,2018-04-25,0.0,4.4 and up
JetBlue,TRAVEL_AND_LOCAL,4.4,24281,29.0,1000000.0,Free,0.0,Everyone,Travel & Local,2018-07-25,0.0,4.4 and up
Flights,TRAVEL_AND_LOCAL,4.4,18039,3.1,1000000.0,Free,0.0,Everyone,Travel & Local,2018-07-26,0.0,4.1 and up
The Emirates App,TRAVEL_AND_LOCAL,4.4,22748,55.0,1000000.0,Free,0.0,Everyone,Travel & Local,2018-08-06,0.0,5.0 and up
C–FS,TRAVEL_AND_LOCAL,4.4,47780,19.0,5000000.0,Free,0.0,Everyone,Travel & Local,2018-07-31,0.0,Varies with device
K-RDA,TRAVEL_AND_LOCAL,3.7,7705,40.0,1000000.0,Free,0.0,Everyone,Travel & Local,2018-08-06,0.0,4.1 and up
Lufthansa,TRAVEL_AND_LOCAL,3.6,14544,43.0,1000000.0,Free,0.0,Everyone,Travel & Local,2018-07-27,0.0,4.1 and up
easyJet: Travel App,TRAVEL_AND_LOCAL,4.4,134895,50.0,10000000.0,Free,0.0,Everyone,Travel & Local,2018-07-01,0.0,4.2 and up
LFHD,TRAVEL_AND_LOCAL,4.1,2419,13.0,1000000.0,Free,0.0,Everyone,Travel & Local,2018-05-29,0.0,4.1 and up
HOTEL DEALS,TRAVEL_AND_LOCAL,4.2,1609,4.0,100000.0,Free,0.0,Everyone,Travel & Local,2018-04-26,0.0,4.1 and up
IHD&R,TRAVEL_AND_LOCAL,4.3,18622,44.0,1000000.0,Free,0.0,Everyone,Travel & Local,2018-08-03,0.0,4.4 and up
SSH&R,TRAVEL_AND_LOCAL,4.2,8258,22.0,1000000.0,Free,0.0,Everyone,Travel & Local,2018-07-03,0.0,4.4 and up
HC-CD,TRAVEL_AND_LOCAL,4.1,17202,12.0,5000000.0,Free,0.0,Everyone,Travel & Local,2017-11-13,0.0,4.1 and up
T-BTCR,TRAVEL_AND_LOCAL,4.4,14114,46.0,1000000.0,Free,0.0,Everyone,Travel & Local,2018-08-04,0.0,5.0 and up
AV3VT,TRAVEL_AND_LOCAL,4.1,890,7.6,100000.0,Free,0.0,Everyone,Travel & Local;Action & Adventure,2017-08-09,0.0,4.4 and up
GPS Status & Toolbox,TRAVEL_AND_LOCAL,4.5,149723,4.1,10000000.0,Free,0.0,Everyone,Travel & Local,2018-06-13,0.0,4.0 and up
A+FTR,TRAVEL_AND_LOCAL,4.2,6762,8.5,1000000.0,Free,0.0,Everyone,Travel & Local,2015-07-14,8.0,4.0 and up
SGN&MU,TRAVEL_AND_LOCAL,4.2,120373,31.0,5000000.0,Free,0.0,Everyone,Travel & Local,2018-07-31,0.0,4.0.3 and up
Street Panorama View,TRAVEL_AND_LOCAL,4.2,40225,4.1,1000000.0,Free,0.0,Everyone,Travel & Local,2018-07-18,0.0,4.1 and up
DreamTrips,TRAVEL_AND_LOCAL,4.7,9971,22.0,500000.0,Free,0.0,Teen,Travel & Local,2018-08-06,0.0,5.0 and up
STGN,TRAVEL_AND_LOCAL,4.2,18294,28.0,1000000.0,Free,0.0,Everyone,Travel & Local,2018-08-02,0.0,4.0 and up
Moto File Manager,TOOLS,4.1,38655,5.9,10000000.0,Free,0.0,Everyone,Tools,2018-02-01,0.0,5.0 and up
Motorola Alert,TOOLS,4.2,24199,3.9,50000000.0,Free,0.0,Everyone,Tools,2014-11-21,0.0,4.4 and up
CCSB(&C,TOOLS,4.5,12759663,15.0,100000000.0,Free,0.0,Everyone,Tools,2018-07-25,0.0,4.0 and up
Moto Suggestions ™,TOOLS,4.6,308,4.3,1000000.0,Free,0.0,Everyone,Tools,2018-06-08,0.0,8.0 and up
myMetro,TOOLS,4.0,26189,5.3,10000000.0,Free,0.0,Everyone,Tools,2018-06-27,2.0430029,4.0 and up
My Telcel,TOOLS,3.1,45838,16.0,50000000.0,Free,0.0,Everyone,Tools,2018-07-25,0.0,4.1 and up
C-FCMCA,TOOLS,4.6,25592,7.5,10000000.0,Free,0.0,Everyone,Tools,2018-07-31,0.0,4.2 and up
"C-FC,CA",TOOLS,4.4,1236,5.8,100000.0,Free,0.0,Everyone,Tools,2018-07-06,0.0,4.2 and up
S-T&S,TOOLS,4.6,7790693,17.0,500000000.0,Free,0.0,Everyone,Tools,2018-07-30,0.0,4.1 and up
FGBGFUSOYP,TOOLS,4.6,315585,8.5,10000000.0,Free,0.0,Everyone,Tools,2018-07-18,0.0,5.0 and up
Nokia mobile support,TOOLS,4.4,12215,9.1,5000000.0,Free,0.0,Everyone,Tools,2018-08-01,0.0,7.0 and up
FM-TCOYFE,TOOLS,4.2,127223,7.6,10000000.0,Free,0.0,Everyone,Tools,2018-08-03,0.0,5.0 and up
Samsung Calculator,TOOLS,4.4,9602,2.5,100000000.0,Free,0.0,Everyone,Tools,2018-07-05,0.0,7.0 and up
Clear,TOOLS,3.1,24151,15.0,10000000.0,Free,0.0,Everyone,Tools,2018-08-06,0.0,4.1 and up
AT&T Smart Wi-Fi,TOOLS,3.9,18513,6.1,10000000.0,Free,0.0,Everyone,Tools,2018-04-26,3.2,4.1 and up
SRR&VCF,TOOLS,3.9,14552,17.0,10000000.0,Free,0.0,Everyone,Tools,2018-07-31,0.0,5.0 and up
TKFV,TOOLS,4.3,357,58.0,1000000.0,Free,0.0,Everyone,Tools,2018-05-30,0.0,4.0.3 and up
Google Assistant Go,TOOLS,3.7,315,4.6,500000.0,Free,0.0,Everyone,Tools,2018-07-27,0.0,8.0 and up
My love,TOOLS,3.5,163997,16.0,10000000.0,Free,0.0,Everyone,Tools,2018-08-05,5.36,4.2 and up
DuraSpeed,TOOLS,3.8,5431,1.3,10000000.0,Free,0.0,Everyone,Tools,2017-11-13,0.0,6.0 and up
HTC Sense Input-LV,TOOLS,3.6,59,2.3,50000.0,Free,0.0,Everyone,Tools,2014-04-22,0.0,4.1 and up
HTC Sense Input-CA,TOOLS,3.1,124,1.9,100000.0,Free,0.0,Everyone,Tools,2014-04-22,0.0,4.1 and up
HTC Sense Input-AR,TOOLS,3.8,1420,2.7,100000.0,Free,0.0,Everyone,Tools,2014-04-22,0.0,4.1 and up
Digital Alarm Clock,TOOLS,4.2,118439,16.0,10000000.0,Free,0.0,Everyone,Tools,2018-06-19,10.4,4.4 and up
Alarm Clock Free,TOOLS,4.0,59973,11.0,10000000.0,Free,0.0,Everyone,Tools,2018-03-16,0.0,4.0 and up
Puzzle Alarm Clock ⏰,TOOLS,4.3,32111,5.3,1000000.0,Free,0.0,Everyone,Tools,2018-08-03,0.0,4.4 and up
ICWUAC,TOOLS,4.5,70404,4.2,1000000.0,Free,0.0,Everyone,Tools,2018-05-25,0.0,4.0 and up
BF-LL,TOOLS,4.5,876866,9.1,50000000.0,Free,0.0,Everyone,Tools,2018-07-27,0.0,4.0.3 and up
LED Flashlight,TOOLS,4.4,207706,4.3,10000000.0,Free,0.0,Everyone,Tools,2017-07-10,2.4,3.0 and up
CF(S,TOOLS,4.4,166367,1.8,5000000.0,Free,0.0,Everyone,Tools,2018-05-25,0.0,2.3 and up
F-TLL,TOOLS,4.4,192661,8.5,10000000.0,Free,0.0,Everyone,Tools,2018-07-07,0.0,4.1 and up
SF+L,TOOLS,4.3,54207,4.4,5000000.0,Free,0.0,Everyone,Tools,2017-07-11,3.2,3.0 and up
BFF®,TOOLS,4.7,1335799,3.8,50000000.0,Free,0.0,Everyone,Tools,2017-10-27,0.0,4.2 and up
FCPF,TOOLS,4.5,148506,11.0,5000000.0,Free,0.0,Everyone,Tools,2018-07-15,0.0,Varies with device
CSCF,TOOLS,4.7,152692,11.0,5000000.0,Free,0.0,Everyone,Tools,2018-07-07,0.0,4.1 and up
CWP(,TOOLS,4.8,48211,7.4,1000000.0,Free,0.0,Everyone,Tools,2017-11-18,32.1,4.1 and up
Graphing Calculator,TOOLS,3.9,12388,5.3,1000000.0,Free,0.0,Everyone,Tools,2016-04-01,1.17,2.3 and up
Unit Converter,TOOLS,4.5,85387,5.4,1000000.0,Free,0.0,Everyone,Tools,2018-07-03,0.0,4.0 and up
Calculator ++,TOOLS,4.6,33509,3.6,1000000.0,Free,0.0,Everyone,Tools,2018-05-12,0.0,4.4 and up
C-UC,TOOLS,4.4,90831,4.3,10000000.0,Free,0.0,Everyone,Tools,2017-06-18,0.0,4.2 and up
Classic Calculator,TOOLS,4.0,85659,27.0,5000000.0,Free,0.0,Everyone,Tools,2018-02-25,1.51,3.0 and up
WCC,TOOLS,4.0,807,1.8,100000.0,Free,0.0,Everyone,Tools,2018-05-18,20180517.0,2.3 and up
Age Calculator,TOOLS,4.4,24265,3.3,1000000.0,Free,0.0,Everyone,Tools,2017-07-25,0.0,4.0.3 and up
EzCalculator,TOOLS,4.1,1657,2.0,100000.0,Free,0.0,Everyone,Tools,2017-09-17,0.0,5.0 and up
SFVC,TOOLS,4.3,576454,6.1,50000000.0,Free,0.0,Everyone,Tools,2018-02-05,0.0,4.0.3 and up
Hideman VPN,TOOLS,4.1,88675,9.6,5000000.0,Free,0.0,Everyone,Tools,2018-07-24,0.0,4.0 and up
Fast Secure VPN,TOOLS,4.3,56848,9.6,1000000.0,Free,0.0,Everyone,Tools,2018-05-18,0.0,4.1 and up
F&PV-F,TOOLS,4.2,19096,10.0,1000000.0,Free,0.0,Everyone,Tools,2018-07-05,0.0,4.1 and up
HSFVP&WS,TOOLS,4.2,1116393,8.2,50000000.0,Free,0.0,Everyone,Tools,2018-08-06,0.0,4.1 and up
OC–F&SSVC,TOOLS,4.2,154578,14.0,10000000.0,Free,0.0,Everyone,Tools,2018-05-25,0.0,4.1 and up
V-FS&UWWV,TOOLS,4.2,40676,25.0,1000000.0,Free,0.0,Everyone,Tools,2018-07-05,0.0,4.1 and up
FVUAWS,TOOLS,4.3,39833,9.9,1000000.0,Free,0.0,Everyone,Tools,2018-07-09,0.0,4.0.3 and up
SSAV,TOOLS,4.5,273283,22.0,5000000.0,Free,0.0,Everyone,Tools,2018-07-11,0.0,4.0.3 and up
VF-BHV&PB,TOOLS,4.5,801054,8.9,10000000.0,Free,0.0,Everyone,Tools,2018-08-01,0.0,4.1 and up
Smart Keyboard Trial,TOOLS,4.1,65597,2.4,10000000.0,Free,0.0,Everyone,Tools,2017-04-28,0.0,2.3 and up
EK-CEGS,TOOLS,4.4,1107320,25.0,50000000.0,Free,0.0,Everyone,Tools,2018-08-07,0.0,4.1 and up
Wifi Analyzer,TOOLS,4.4,335115,1.8,10000000.0,Free,0.0,Everyone,Tools,2018-04-07,0.0,6.0 and up
Network Signal Info,TOOLS,4.1,33926,17.0,1000000.0,Free,0.0,Everyone,Tools,2018-08-03,0.0,4.2 and up
OWFW,TOOLS,4.2,134203,4.1,10000000.0,Free,0.0,Everyone,Tools,2018-08-06,0.0,4.4 and up
WiFi Overview 360,TOOLS,4.1,15693,18.0,1000000.0,Free,0.0,Everyone,Tools,2018-08-03,0.0,4.2 and up
Speedcheck,TOOLS,4.6,48979,14.0,1000000.0,Free,0.0,Everyone,Tools,2018-08-04,0.0,4.0.3 and up
NWA,TOOLS,4.1,9496,696.0,1000000.0,Free,0.0,Everyone,Tools,2014-04-25,0.0,2.2 and up
Keypad Lock Screen,TOOLS,4.2,428581,4.7,10000000.0,Free,0.0,Everyone,Tools,2018-07-17,1.33,4.0 and up
PKL,TOOLS,4.1,225544,8.1,10000000.0,Free,0.0,Everyone,Tools,2018-07-17,0.0,4.0 and up
SL(L,TOOLS,4.5,474439,7.9,10000000.0,Free,0.0,Everyone,Tools,2018-06-26,0.0,4.2 and up
Lock Screen,TOOLS,4.0,41137,4.6,1000000.0,Free,0.0,Everyone,Tools,2017-11-15,0.0,3.2 and up
ZERO Lock Screen,TOOLS,3.5,75336,544.0,1000000.0,Free,0.0,Everyone,Tools,2016-02-05,1.3,4.0 and up
A-F,TOOLS,4.4,745245,3.5,10000000.0,Free,0.0,Everyone,Tools,2018-04-13,0.0,2.3 and up
Screen Off and Lock,TOOLS,4.1,172990,525.0,10000000.0,Free,0.0,Everyone,Tools,2017-12-02,0.0,2.2 and up
Screen Lock,TOOLS,4.2,68309,2.1,1000000.0,Free,0.0,Everyone,Tools,2017-11-23,3.9,4.0 and up
Funny Ringtones,PERSONALIZATION,4.4,7146,14.0,1000000.0,Free,0.0,Everyone 10+,Personalization,2018-02-02,1.1,4.0 and up
X-L,PERSONALIZATION,4.6,49657,8.7,5000000.0,Free,0.0,Everyone,Personalization,2018-08-06,0.0,4.4 and up
3LNWL,PERSONALIZATION,4.5,1724,21.0,100000.0,Free,0.0,Mature 17+,Personalization,2018-06-26,0.0,4.0.3 and up
Golden Launcher,PERSONALIZATION,4.4,32794,12.0,5000000.0,Free,0.0,Everyone,Personalization,2018-07-31,0.0,4.2 and up
Launcher,PERSONALIZATION,4.5,102923,18.0,1000000.0,Free,0.0,Everyone,Personalization,2018-07-10,0.0,5.0 and up
CL3-TWE,PERSONALIZATION,4.6,6702776,17.0,100000000.0,Free,0.0,Teen,Personalization,2018-08-03,0.0,4.0.3 and up
4WAUHB,PERSONALIZATION,4.6,7583,3.8,500000.0,Free,0.0,Everyone 10+,Personalization,2018-07-04,0.0,4.0.3 and up
BSR&W,PERSONALIZATION,4.6,5073,23.0,1000000.0,Free,0.0,Everyone 10+,Personalization,2017-09-25,1.1,4.0 and up
FACR,PERSONALIZATION,4.5,15633,14.0,1000000.0,Free,0.0,Everyone,Personalization,2017-03-09,1.1,4.0.3 and up
ZenUI Launcher,PERSONALIZATION,4.7,1141545,15.0,50000000.0,Free,0.0,Everyone,Personalization,2018-07-31,0.0,Varies with device
CC-CSLF,PERSONALIZATION,4.7,29485,9.9,1000000.0,Free,0.0,Everyone,Personalization,2018-07-20,0.0,4.0 and up
New Launcher 2018,PERSONALIZATION,4.4,142393,12.0,10000000.0,Free,0.0,Everyone,Personalization,2018-07-31,0.0,4.2 and up
DZLS,PERSONALIZATION,4.3,71688,12.0,10000000.0,Free,0.0,Everyone,Personalization,2018-06-11,3.5,4.1 and up
EK-CESE,PERSONALIZATION,4.7,114851,20.0,10000000.0,Free,0.0,Everyone,Personalization,2018-07-20,0.0,4.1 and up
3BGWKT,PERSONALIZATION,4.1,62209,7.4,10000000.0,Free,0.0,Everyone,Personalization,2018-07-01,0.0,4.0.3 and up
B(W,PERSONALIZATION,4.7,202474,3.0,10000000.0,Free,0.0,Teen,Personalization,2017-08-09,0.0,4.0 and up
New 2018 Keyboard,PERSONALIZATION,4.6,298321,14.0,10000000.0,Free,0.0,Everyone,Personalization,2018-08-05,0.0,4.2 and up
AL-TWHA,PERSONALIZATION,4.5,5783441,14.0,100000000.0,Free,0.0,Everyone,Personalization,2018-08-06,0.0,4.0.3 and up
ZT–ST,PERSONALIZATION,4.4,47393,7.2,10000000.0,Free,0.0,Everyone,Personalization,2018-05-24,0.0,5.0 and up
"K-W,P",PERSONALIZATION,4.4,55525,22.0,10000000.0,Free,0.0,Everyone,Personalization,2018-02-26,0.0,4.0 and up
LCPKCKT,PERSONALIZATION,4.3,2267,7.2,500000.0,Free,0.0,Everyone,Personalization,2018-07-09,0.0,4.0.3 and up
Microsoft Launcher,PERSONALIZATION,4.6,649568,26.0,10000000.0,Free,0.0,Everyone,Personalization,2018-08-01,0.0,4.2 and up
Goku Wallpaper Art,PERSONALIZATION,4.7,6342,38.0,1000000.0,Free,0.0,Everyone,Personalization,2018-07-13,1.8,4.1 and up
Door Lock Screen,PERSONALIZATION,4.3,5413,3.9,1000000.0,Free,0.0,Everyone,Personalization,2018-07-28,0.0,4.0 and up
CW&KBI,PERSONALIZATION,4.6,4724,5.4,1000000.0,Free,0.0,Everyone,Personalization,2018-07-30,1.2,4.0.3 and up
ACFZ2,PERSONALIZATION,4.4,43960,9.8,10000000.0,Free,0.0,Everyone,Personalization,2017-12-01,0.0,5.0 and up
HLT,PERSONALIZATION,4.5,3277209,7.6,100000000.0,Free,0.0,Everyone,Personalization,2018-05-09,0.0,4.0 and up
OIP-S,PERSONALIZATION,4.7,229,1.1,500000.0,Free,0.0,Everyone,Personalization,2018-05-23,0.0,5.0 and up
L3NBLHKT,PERSONALIZATION,4.3,6626,9.1,1000000.0,Free,0.0,Everyone,Personalization,2018-07-25,0.0,4.0.3 and up
PDPKT,PERSONALIZATION,3.7,10796,6.8,1000000.0,Free,0.0,Everyone,Personalization,2018-07-06,0.0,4.0.3 and up
WH4B,PERSONALIZATION,4.7,273994,12.0,10000000.0,Free,0.0,Everyone,Personalization,2018-07-23,0.0,4.4 and up
PLA-HP&V,PERSONALIZATION,4.5,29203,3.3,5000000.0,Free,0.0,Everyone,Personalization,2017-12-10,40.0,4.0 and up
RLPF,PERSONALIZATION,4.4,18918,12.0,5000000.0,Free,0.0,Everyone,Personalization,2018-06-19,1.14,4.0 and up
CGNBKT,PERSONALIZATION,4.3,2056,9.8,500000.0,Free,0.0,Everyone,Personalization,2018-07-25,0.0,4.0.3 and up
OnePlus Icon Pack,PERSONALIZATION,4.8,440,920.0,500000.0,Free,0.0,Everyone,Personalization,2018-05-23,0.0,5.0 and up
WGLW,PERSONALIZATION,4.6,66453,14.0,5000000.0,Free,0.0,Everyone,Personalization,2018-04-10,1.57,2.3 and up
WDKT,PERSONALIZATION,4.1,398,6.8,100000.0,Free,0.0,Everyone,Personalization,2018-06-29,0.0,4.0.3 and up
FK–EKS&G,PERSONALIZATION,4.7,12089,27.0,500000.0,Free,0.0,Everyone,Personalization,2018-07-03,0.0,4.0 and up
FLT,PERSONALIZATION,4.1,2828,7.4,100000.0,Free,0.0,Everyone,Personalization,2017-01-22,0.0,4.1 and up
R&WFM,PERSONALIZATION,4.2,89342,29.0,10000000.0,Free,0.0,Everyone,Personalization,2018-01-30,1.13,4.1 and up
Zooper Widget,PERSONALIZATION,4.0,30498,5.9,1000000.0,Free,0.0,Everyone,Personalization,2015-03-11,2.6,3.2 and up
BWP,PERSONALIZATION,4.2,97890,14.0,1000000.0,Paid,2.49,Everyone,Personalization,2016-08-24,0.0,2.3 and up
BWF,PERSONALIZATION,3.9,25037,14.0,1000000.0,Free,0.0,Everyone,Personalization,2016-10-20,0.0,2.3 and up
HD Widgets,PERSONALIZATION,4.3,58617,26.0,1000000.0,Paid,0.99,Everyone,Personalization,2016-12-07,0.0,4.4 and up
DashClock Widget,PERSONALIZATION,4.1,62301,1.9,1000000.0,Free,0.0,Everyone,Personalization,2016-05-11,0.0,4.2 and up
Fancy Widgets,PERSONALIZATION,4.2,37237,3.9,5000000.0,Free,0.0,Everyone,Personalization,2014-04-04,0.0,1.6 and up
KX(HW,PERSONALIZATION,4.4,1591,779.0,10000.0,Paid,0.99,Everyone,Personalization,2015-01-07,1.1,4.0.3 and up
Best Wallpapers QHD,PERSONALIZATION,4.4,294701,5.1,10000000.0,Free,0.0,Teen,Personalization,2018-03-17,2.85,4.0.3 and up
DLSW,PERSONALIZATION,4.3,63624,10.0,5000000.0,Free,0.0,Everyone,Personalization,2017-11-20,11.0,4.0.3 and up
WLW,PERSONALIZATION,4.1,112977,13.0,10000000.0,Free,0.0,Everyone,Personalization,2018-05-22,3.6,4.1 and up
GLW,PERSONALIZATION,4.2,58052,4.0,5000000.0,Free,0.0,Teen,Personalization,2017-09-14,0.0,2.3.3 and up
NLF(,PERSONALIZATION,4.1,12180,5.4,1000000.0,Free,0.0,Everyone,Personalization,2016-12-24,1.3,2.1 and up
FLW,PERSONALIZATION,4.1,118459,3.3,10000000.0,Free,0.0,Everyone,Personalization,2017-10-27,4.0,4.1 and up
P3LW,PERSONALIZATION,4.2,112479,4.3,10000000.0,Free,0.0,Everyone,Personalization,2018-07-25,0.0,4.2 and up
GCFW,PERSONALIZATION,4.1,69417,853.0,10000000.0,Free,0.0,Everyone,Personalization,2014-05-01,2.41,2.1 and up
LINE Launcher,PERSONALIZATION,4.4,733838,21.0,10000000.0,Free,0.0,Everyone,Personalization,2018-06-29,0.0,4.0.3 and up
A3LW,PERSONALIZATION,4.1,157495,6.4,10000000.0,Free,0.0,Everyone,Personalization,2018-07-24,0.0,4.4 and up
SRFLW,PERSONALIZATION,4.3,86481,8.6,10000000.0,Free,0.0,Everyone,Personalization,2018-01-31,0.0,4.0 and up
Wallpapers HD,PERSONALIZATION,4.6,484981,2.1,10000000.0,Free,0.0,Everyone,Personalization,2016-11-28,0.0,3.0 and up
Tiger Live Wallpaper,PERSONALIZATION,4.1,77724,7.1,5000000.0,Free,0.0,Teen,Personalization,2018-05-31,0.0,4.0 and up
PRLW,PERSONALIZATION,4.2,33074,3.3,1000000.0,Free,0.0,Everyone,Personalization,2018-05-04,4.1,4.1 and up
BLW,PERSONALIZATION,4.1,35771,3.5,5000000.0,Free,0.0,Everyone,Personalization,2018-05-04,4.1,4.1 and up
KFLW,PERSONALIZATION,4.2,290241,4.1,50000000.0,Free,0.0,Everyone,Personalization,2014-06-24,1.9,2.1 and up
Wallpaper,PERSONALIZATION,4.5,69488,9.7,1000000.0,Free,0.0,Everyone,Personalization,2018-07-08,6.07,4.1 and up
WLW,PERSONALIZATION,4.3,10401,3.3,1000000.0,Free,0.0,Everyone,Personalization,2017-10-27,7.5,4.1 and up
HLW,PERSONALIZATION,4.2,28806,7.1,1000000.0,Free,0.0,Everyone,Personalization,2018-05-22,18.0,4.1 and up
TBLW,PERSONALIZATION,4.0,11343,8.4,1000000.0,Free,0.0,Everyone,Personalization,2018-05-22,18.0,4.1 and up
GFLW,PERSONALIZATION,4.2,66730,7.0,5000000.0,Free,0.0,Everyone,Personalization,2018-05-21,18.0,4.1 and up
DLW,PERSONALIZATION,4.2,25807,5.5,1000000.0,Free,0.0,Everyone,Personalization,2017-10-29,15.0,4.1 and up
BLT,PERSONALIZATION,4.4,251616,13.0,10000000.0,Free,0.0,Everyone,Personalization,2017-11-13,0.0,4.0.3 and up
BIG Launcher,PERSONALIZATION,4.3,881,5.9,10000.0,Paid,9.99,Everyone,Personalization,2018-06-20,0.0,2.1 and up
I-EE,PERSONALIZATION,4.5,624924,24.0,10000000.0,Free,0.0,Everyone,Personalization,2018-08-01,0.0,4.1 and up
SNBFTKT,PERSONALIZATION,4.1,51145,6.2,10000000.0,Free,0.0,Everyone,Personalization,2018-06-28,1.0,4.0.3 and up
TPBT,PERSONALIZATION,4.2,7435,6.9,1000000.0,Free,0.0,Everyone,Personalization,2018-06-28,1.0,4.0.3 and up
LEKT,PERSONALIZATION,4.1,12008,6.1,1000000.0,Free,0.0,Everyone,Personalization,2016-05-27,5.0,4.0 and up
AC–SB&MB,PRODUCTIVITY,4.4,1188154,24.0,10000000.0,Free,0.0,Everyone,Productivity,2018-06-14,0.0,4.1 and up
QS&BS2,PRODUCTIVITY,3.8,8226,4.1,10000000.0,Free,0.0,Everyone,Productivity,2018-07-20,0.0,4.4 and up
Microsoft Outlook,PRODUCTIVITY,4.3,3252896,50.0,100000000.0,Free,0.0,Everyone,Productivity,2018-08-02,0.0,4.4 and up
My Claro Peru,PRODUCTIVITY,3.2,11200,11.0,5000000.0,Free,0.0,Everyone,Productivity,2018-07-23,0.0,4.4 and up
PB-JC&CC&B,PRODUCTIVITY,4.5,9653,5.1,1000000.0,Free,0.0,Everyone,Productivity,2018-08-06,0.0,4.1 and up
Google Assistant,PRODUCTIVITY,4.2,58675,1.3,10000000.0,Free,0.0,Everyone,Productivity,2018-03-09,0.0,5.0 and up
Archos File Manager,PRODUCTIVITY,4.0,2131,2.3,5000000.0,Free,0.0,Everyone,Productivity,2016-04-22,0.0,4.1 and up
EFEFM,PRODUCTIVITY,4.6,5383985,16.0,100000000.0,Free,0.0,Everyone,Productivity,2018-08-03,0.0,4.0 and up
MyMTN,PRODUCTIVITY,4.0,8550,15.0,1000000.0,Free,0.0,Everyone,Productivity,2018-07-25,0.0,4.0 and up
Dropbox,PRODUCTIVITY,4.4,1861310,61.0,500000000.0,Free,0.0,Everyone,Productivity,2018-08-01,0.0,Varies with device
ASUS Quick Memo,PRODUCTIVITY,4.5,23089,1.6,10000000.0,Free,0.0,Everyone,Productivity,2018-04-11,0.0,5.0 - 8.0
lifebox,PRODUCTIVITY,4.2,56403,49.0,5000000.0,Free,0.0,Everyone,Productivity,2018-07-27,0.0,4.4 and up
Content Transfer,PRODUCTIVITY,4.7,19302,7.2,5000000.0,Free,0.0,Everyone,Productivity,2018-06-28,0.0,4.0.3 and up
Advanced Task Killer,PRODUCTIVITY,4.4,577059,1.5,50000000.0,Free,0.0,Everyone,Productivity,2016-08-07,0.0,2.3.3 and up
Microsoft Translator,PRODUCTIVITY,4.6,209696,49.0,5000000.0,Free,0.0,Everyone,Productivity,2018-06-18,0.0,4.3 and up
MARPBWU,PRODUCTIVITY,4.3,1498393,14.0,50000000.0,Free,0.0,Everyone,Productivity,2018-08-02,0.0,4.2 and up
Hacker's Keyboard,PRODUCTIVITY,4.4,41418,1.2,1000000.0,Free,0.0,Everyone,Productivity,2016-12-11,0.0,2.2 and up
Security & Privacy,PRODUCTIVITY,4.0,212,10.0,1000000.0,Free,0.0,Everyone,Productivity,2018-04-26,0.0,4.1 and up
7W-H&GT,PRODUCTIVITY,4.4,6011,4.3,500000.0,Free,0.0,Everyone,Productivity,2015-12-19,0.0,4.1 and up
Loop - Habit Tracker,PRODUCTIVITY,4.7,17955,3.8,1000000.0,Free,0.0,Everyone,Productivity,2018-05-23,0.0,4.0.3 and up
KFPM&SV,PRODUCTIVITY,4.2,74146,32.0,10000000.0,Free,0.0,Everyone,Productivity,2018-07-16,0.0,4.4 and up
P-SOP,PRODUCTIVITY,4.5,176873,4.5,1000000.0,Free,0.0,Everyone,Productivity,2017-10-30,0.0,4.1 and up
PPO,PRODUCTIVITY,4.0,10270,8.4,1000000.0,Free,0.0,Everyone,Productivity,2018-03-23,0.0,4.0 and up
TTLFTM&E,PRODUCTIVITY,4.5,155999,12.0,10000000.0,Free,0.0,Everyone,Productivity,2018-08-05,0.0,4.4 and up
CFO,PRODUCTIVITY,4.4,56713,25.0,1000000.0,Free,0.0,Everyone,Productivity,2018-07-05,0.0,4.1 and up
Trello,PRODUCTIVITY,4.5,72513,12.0,5000000.0,Free,0.0,Everyone,Productivity,2018-07-18,0.0,5.0 and up
Easy Voice Recorder,PRODUCTIVITY,4.4,205191,7.1,10000000.0,Free,0.0,Everyone,Productivity,2018-06-20,0.0,4.1 and up
EFEFM,PRODUCTIVITY,4.6,5383971,16.0,100000000.0,Free,0.0,Everyone,Productivity,2018-08-03,0.0,4.0 and up
SEC,PRODUCTIVITY,4.5,49794,6.5,1000000.0,Free,0.0,Everyone,Productivity,2017-06-17,0.0,2.3 and up
FBBA(M,PRODUCTIVITY,4.3,609182,9.2,50000000.0,Free,0.0,Everyone,Productivity,2018-07-02,0.0,4.0 and up
File Explorer,PRODUCTIVITY,4.1,979,720.0,100000.0,Free,0.0,Everyone,Productivity,2013-09-30,0.0,2.2 and up
The Maner,PRODUCTIVITY,4.2,53015,2.2,5000000.0,Free,0.0,Everyone,Productivity,2017-11-12,0.0,2.3 and up
Smart File Manager,PRODUCTIVITY,4.2,17415,4.1,1000000.0,Free,0.0,Everyone,Productivity,2018-07-05,0.0,4.0 and up
PO-WDSSP,PRODUCTIVITY,4.3,549900,60.0,10000000.0,Free,0.0,Everyone,Productivity,2018-07-18,0.0,4.1 and up
WO-WDPNS&S,PRODUCTIVITY,4.5,1508137,37.0,100000000.0,Free,0.0,Everyone,Productivity,2018-07-30,0.0,4.0 and up
Simple Notepad,PRODUCTIVITY,4.3,12321,713.0,1000000.0,Free,0.0,Everyone,Productivity,2016-12-25,0.0,2.3 and up
KMN-N&M,PRODUCTIVITY,4.6,122424,4.7,5000000.0,Free,0.0,Everyone,Productivity,2018-03-16,0.0,2.3.3 and up
SN+:SN,PRODUCTIVITY,4.2,21507,6.6,1000000.0,Free,0.0,Everyone,Productivity,2017-08-31,13.4,4.0 and up
Notepad,PRODUCTIVITY,4.2,80581,2.5,10000000.0,Free,0.0,Everyone,Productivity,2016-10-16,2.4,2.3 and up
S-TN&MP,PRODUCTIVITY,4.2,37204,19.0,1000000.0,Free,0.0,Everyone,Productivity,2018-07-21,0.0,4.0 and up
Notepad & To do list,PRODUCTIVITY,4.3,226295,4.2,10000000.0,Free,0.0,Everyone,Productivity,2018-06-06,0.0,2.3.3 and up
J-WSN,PRODUCTIVITY,4.6,57904,11.0,1000000.0,Free,0.0,Everyone,Productivity,2018-07-01,0.0,4.2 and up
CSPA,PRODUCTIVITY,4.0,8985,5.7,1000000.0,Free,0.0,Everyone,Productivity,2017-01-16,0.0,4.0.3 and up
Today Calendar 2017,PRODUCTIVITY,4.2,16349,9.0,1000000.0,Free,0.0,Everyone,Productivity,2016-04-25,0.0,4.1 and up
New Calendar,PRODUCTIVITY,4.5,25985,6.9,1000000.0,Free,0.0,Everyone,Productivity,2018-07-20,0.0,4.0.3 and up
CWM+A,PRODUCTIVITY,4.2,60840,1.9,5000000.0,Free,0.0,Everyone,Productivity,2018-05-31,0.0,4.0.3 and up
Business Calendar 2,PRODUCTIVITY,4.6,102594,15.0,5000000.0,Free,0.0,Everyone,Productivity,2018-07-23,0.0,4.1 and up
U-CM,PRODUCTIVITY,4.1,6850,11.0,100000.0,Free,0.0,Everyone,Productivity,2016-08-08,0.0,4.1 and up
Dropbox,PRODUCTIVITY,4.4,1861309,61.0,500000000.0,Free,0.0,Everyone,Productivity,2018-08-01,0.0,Varies with device
Amazon Drive,PRODUCTIVITY,4.4,18669,4.1,1000000.0,Free,0.0,Everyone,Productivity,2018-01-08,0.0,4.2 and up
SugarSync,PRODUCTIVITY,4.1,16420,3.8,1000000.0,Free,0.0,Everyone,Productivity,2018-05-16,0.0,2.3.3 and up
MediaFire,PRODUCTIVITY,4.1,71432,3.8,5000000.0,Free,0.0,Everyone,Productivity,2017-11-01,0.0,4.1 and up
Baby Names,PARENTING,4.5,86,2.8,10000.0,Free,0.0,Everyone,Parenting,2018-08-03,1.7,4.0.3 and up
MBG(P,PARENTING,3.8,3614,3.3,1000000.0,Free,0.0,Everyone,Parenting;Brain Games,2018-05-28,0.0,4.0 and up
DOTCUTAY,PARENTING,4.6,1413,14.0,100000.0,Free,0.0,Mature 17+,Parenting,2018-07-20,0.0,4.1 and up
FCS,PARENTING,4.7,39,95.0,10000.0,Free,0.0,Everyone,Parenting,2018-07-06,0.0,4.2 and up
BPLS,PARENTING,4.0,3789,42.0,1000000.0,Free,0.0,Everyone,Parenting;Education,2018-06-21,0.0,4.0.3 and up
Mozart Baby Sleep,PARENTING,4.7,107,98.0,50000.0,Free,0.0,Teen,Parenting,2018-07-09,0.0,4.2 and up
Kids Videos,PARENTING,4.1,559,6.4,100000.0,Free,0.0,Everyone,Parenting,2018-05-20,0.0,4.1 and up
My baby firework,PARENTING,3.7,4976,2.8,1000000.0,Free,0.0,Everyone,Parenting;Education,2018-05-28,0.0,4.0 and up
BF-HR,PARENTING,4.1,44,3.6,10000.0,Free,0.0,Everyone,Parenting,2018-08-07,8.2,4.0.3 and up
My baby Phone,PARENTING,3.7,9293,2.4,1000000.0,Free,0.0,Everyone,Parenting,2018-05-28,0.0,4.0 and up
BSWNLFN,PARENTING,4.6,62386,3.4,1000000.0,Free,0.0,Everyone,Parenting,2018-06-12,2.7,4.0 and up
Arabic Chat - Chat,PARENTING,4.4,162,1.5,10000.0,Free,0.0,Everyone,Parenting,2018-05-01,1.0,4.1 and up
B-BD,PARENTING,4.6,1002,5.0,50000.0,Free,0.0,Everyone,Parenting,2016-08-18,3.0,4.0.3 and up
Kids Craft Ideas,PARENTING,4.1,99,6.6,10000.0,Free,0.0,Everyone,Parenting,2018-03-29,1.1,4.1 and up
HDITCOMC,PARENTING,4.8,190,6.8,100000.0,Free,0.0,Everyone,Parenting,2018-06-24,1.5,4.0 and up
Baby Name Together,PARENTING,4.0,464,24.0,100000.0,Free,0.0,Everyone,Parenting,2018-08-06,0.0,5.0 and up
White Noise for Baby,PARENTING,4.9,717,6.6,100000.0,Free,0.0,Everyone,Parenting,2017-12-30,0.0,4.1 and up
TFYOABL,PARENTING,4.8,7505,9.1,100000.0,Free,0.0,Everyone,Parenting,2017-01-07,0.0,2.3 and up
S–CPGLFYF,PARENTING,4.4,11501,11.0,1000000.0,Free,0.0,Everyone,Parenting,2018-07-30,0.0,4.0.3 and up
LTTSSOTFT,PARENTING,4.7,69,5.8,5000.0,Free,0.0,Everyone,Parenting,2018-07-10,0.0,4.0.3 and up
AF–KVB&TS,PARENTING,4.2,2715,24.0,500000.0,Free,0.0,Everyone,Parenting;Music & Video,2018-07-24,0.0,5.0 and up
KF-IVCSFTLC,PARENTING,4.6,349,4.4,100000.0,Free,0.0,Everyone,Parenting,2018-03-21,1.7,4.4 and up
PPS Online,PARENTING,4.6,37,16.0,10000.0,Free,0.0,Everyone,Parenting,2018-07-09,3.19,4.0.3 and up
JJYPNR-OV,PARENTING,4.5,806,11.0,500000.0,Free,0.0,Everyone,Parenting,2018-08-04,4.2,4.0.3 and up
LECV,PARENTING,4.6,60,4.9,10000.0,Free,0.0,Everyone,Parenting,2018-04-01,0.0,4.0.3 and up
Baby Care & Tracker,PARENTING,4.1,319,11.0,100000.0,Free,0.0,Everyone,Parenting,2018-07-12,5.3,4.0.3 and up
ULTS,PARENTING,3.8,824,53.0,1000000.0,Free,0.0,Everyone,Parenting,2018-08-02,8.9,4.0.3 and up
R-J&A,PARENTING,4.8,6668,20.0,100000.0,Free,0.0,Everyone,Parenting,2018-03-28,0.0,4.1 and up
CMFB,PARENTING,4.8,1940,38.0,100000.0,Free,0.0,Everyone,Parenting;Music & Video,2018-07-18,1.04,4.2 and up
MCFE,PARENTING,4.5,1025,17.0,100000.0,Free,0.0,Everyone,Parenting,2018-06-29,0.0,4.1 and up
BPMG,PARENTING,4.0,3346,37.0,1000000.0,Free,0.0,Everyone,Parenting;Music & Video,2018-06-15,0.0,4.0.3 and up
Baby Monitor,PARENTING,4.4,5343,5.2,1000000.0,Free,0.0,Everyone,Parenting,2018-03-30,0.0,4.1 and up
DTFP,PARENTING,4.7,247,28.0,100000.0,Free,0.0,Everyone,Parenting;Music & Video,2018-03-19,0.0,4.4 and up
Vegetable Fun,PARENTING,3.9,3182,46.0,1000000.0,Free,0.0,Everyone,Parenting;Education,2018-06-15,0.0,4.0.3 and up
It's open.,PARENTING,4.4,1528,16.0,100000.0,Free,0.0,Everyone,Parenting,2018-07-24,0.0,4.4 and up
CS2-TLCL,PARENTING,4.4,39,18.0,10000.0,Free,0.0,Everyone,Parenting;Music & Video,2017-10-31,1.2,4.0 and up
FB-BT,PARENTING,4.5,76795,18.0,1000000.0,Free,0.0,Everyone,Parenting,2018-08-01,0.0,4.1 and up
Weather forecast,WEATHER,4.8,159455,10.0,1000000.0,Free,0.0,Everyone,Weather,2018-05-08,0.0,4.4 and up
Live Weather Pro,WEATHER,4.8,892,17.0,10000.0,Free,0.0,Everyone,Weather,2018-07-17,1.1,4.4 and up
W-WF,WEATHER,4.7,11118,9.7,1000000.0,Free,0.0,Everyone,Weather,2018-04-26,30.0,4.0 and up
FLWOS,WEATHER,4.4,15370,21.0,1000000.0,Free,0.0,Everyone,Weather,2018-08-02,0.0,4.1 and up
Weather Radar Widget,WEATHER,4.3,18194,3.2,1000000.0,Free,0.0,Everyone,Weather,2017-06-28,0.0,3.0 and up
W–WF,WEATHER,4.4,40606,15.0,10000000.0,Free,0.0,Everyone,Weather,2018-08-05,0.0,5.0 and up
Weather Crave,WEATHER,4.2,133338,44.0,5000000.0,Free,0.0,Everyone,Weather,2018-06-26,0.0,4.1 and up
Klara weather,WEATHER,4.6,36900,4.8,500000.0,Free,0.0,Everyone,Weather,2018-07-28,0.0,4.0 and up
RTWF,WEATHER,4.4,4184,10.0,1000000.0,Free,0.0,Everyone,Weather,2018-03-26,0.0,5.0 and up
METEO FRANCE,WEATHER,3.9,100994,54.0,5000000.0,Free,0.0,Everyone,Weather,2018-07-13,0.0,4.1 and up
AW(LF,WEATHER,4.3,20008,9.1,5000000.0,Free,0.0,Everyone,Weather,2018-07-03,0.0,5.0 and up
LW&DLWF,WEATHER,4.5,13426,19.0,1000000.0,Free,0.0,Everyone,Weather,2018-07-17,0.0,4.1 and up
Weather,WEATHER,4.2,18773,12.0,10000000.0,Free,0.0,Everyone,Weather,2018-05-24,0.0,4.4 and up
K-SBW,WEATHER,3.6,7623,19.0,1000000.0,Free,0.0,Everyone,Weather,2018-07-11,0.0,4.4 and up
Info BMKG,WEATHER,4.3,21404,7.6,1000000.0,Free,0.0,Everyone,Weather,2017-06-15,2.2,4.4 and up
W-WAR,WEATHER,4.2,189313,38.0,10000000.0,Free,0.0,Everyone,Weather,2018-08-06,0.0,Varies with device
LWF&VW,WEATHER,4.5,3478,6.1,500000.0,Free,0.0,Everyone,Weather,2018-08-02,0.0,4.2 and up
WBT,WEATHER,4.2,24349,9.2,1000000.0,Free,0.0,Everyone,Weather,2018-05-14,0.0,4.1 and up
Weather Live Pro,WEATHER,4.8,17493,11.0,100000.0,Paid,4.49,Everyone,Weather,2018-04-20,1.3,4.4 and up
AEMET's time,WEATHER,3.8,15966,9.2,1000000.0,Free,0.0,Everyone,Weather,2017-07-17,2.0,2.3 and up
N2WA&W,WEATHER,4.5,2332,20.0,500000.0,Free,0.0,Teen,Weather,2018-08-03,0.0,4.1 and up
Météociel,WEATHER,4.5,29344,22.0,500000.0,Free,0.0,Everyone,Weather,2018-07-25,0.0,4.1 and up
ForecaWeather,WEATHER,4.2,18425,5.3,1000000.0,Free,0.0,Everyone,Weather,2017-07-29,0.0,4.1 and up
AVD2,VIDEO_PLAYERS,4.3,7557,5.6,1000000.0,Free,0.0,Everyone,Video Players & Editors,2018-07-25,0.0,4.4 and up
Video Downloader,VIDEO_PLAYERS,4.2,59089,5.4,10000000.0,Free,0.0,Everyone,Video Players & Editors,2018-08-03,0.0,4.4 and up
HD Video Player,VIDEO_PLAYERS,4.3,1551,2.9,1000000.0,Free,0.0,Everyone,Video Players & Editors,2018-07-25,1.1,4.1 and up
Iqiyi (for tablet),VIDEO_PLAYERS,3.6,12764,25.0,1000000.0,Free,0.0,Teen,Video Players & Editors,2018-07-11,7.1,4.0 and up
Motorola Gallery,VIDEO_PLAYERS,3.9,121916,23.0,100000000.0,Free,0.0,Everyone,Video Players & Editors,2016-01-25,0.0,Varies with device
Free TV series,VIDEO_PLAYERS,3.7,400,7.2,100000.0,Free,0.0,Teen,Video Players & Editors,2018-05-28,0.0,4.0.3 and up
VPAFFA,VIDEO_PLAYERS,4.6,3930,3.3,500000.0,Free,0.0,Everyone,Video Players & Editors,2018-07-26,0.0,4.0.3 and up
Vote for,VIDEO_PLAYERS,4.2,193381,17.0,50000000.0,Free,0.0,Teen,Video Players & Editors,2018-08-03,1.78,4.0.3 and up
XHVDVD,VIDEO_PLAYERS,4.1,7624,6.0,1000000.0,Free,0.0,Everyone,Video Players & Editors,2018-04-20,1.9,4.0.3 and up
OBJECTIVE,VIDEO_PLAYERS,3.8,19738,33.0,1000000.0,Free,0.0,Teen,Video Players & Editors,2018-08-07,0.0,4.0 and up
Music - Mp3 Player,VIDEO_PLAYERS,4.4,259605,3.1,10000000.0,Free,0.0,Everyone,Video Players & Editors,2018-08-03,0.0,4.0.3 and up
HMVP,VIDEO_PLAYERS,4.5,18699,4.1,1000000.0,Free,0.0,Everyone,Video Players & Editors,2018-03-27,1.0,4.0.3 and up
Y-VE&VMNW,VIDEO_PLAYERS,4.6,98819,27.0,5000000.0,Free,0.0,Everyone,Video Players & Editors,2018-08-06,0.0,4.3 and up
VEVV,VIDEO_PLAYERS,4.7,53006,44.0,1000000.0,Free,0.0,Everyone,Video Players & Editors,2018-08-03,0.0,4.4 and up
VPFA,VIDEO_PLAYERS,4.5,351168,13.0,10000000.0,Free,0.0,Everyone,Video Players & Editors,2016-10-18,0.0,2.3 and up
HTC Service － DLNA,VIDEO_PLAYERS,3.9,3484,3.0,10000000.0,Free,0.0,Everyone,Video Players & Editors,2015-12-03,0.0,5.0 and up
SVL,VIDEO_PLAYERS,4.4,25922,6.1,50000000.0,Free,0.0,Everyone,Video Players & Editors,2018-05-09,0.0,7.0 and up
OnePlus Gallery,VIDEO_PLAYERS,3.8,5555,64.0,1000000.0,Free,0.0,Everyone,Video Players & Editors,2018-07-12,0.0,7.1 and up
L–MVM&C,VIDEO_PLAYERS,4.6,921868,47.0,50000000.0,Free,0.0,Teen,Video Players & Editors,2018-08-04,0.0,4.0 and up
Play Tube,VIDEO_PLAYERS,4.3,15874,5.4,1000000.0,Free,0.0,Everyone,Video Players & Editors,2018-07-05,1.2,4.1 and up
V-VM,VIDEO_PLAYERS,4.6,36969,27.0,1000000.0,Free,0.0,Everyone,Video Players & Editors,2018-08-06,0.0,4.3 and up
PVEA4SM&M,VIDEO_PLAYERS,4.5,714665,50.0,10000000.0,Free,0.0,Everyone,Video Players & Editors,2018-07-24,0.0,4.3 and up
Video Status,VIDEO_PLAYERS,4.3,6685,4.0,1000000.0,Free,0.0,Everyone,Video Players & Editors,2018-08-02,0.0,4.1 and up
TV-STWN,VIDEO_PLAYERS,3.5,13205,44.0,1000000.0,Free,0.0,Teen,Video Players & Editors,2018-07-31,0.0,3.0 and up
Casper Ssinema,VIDEO_PLAYERS,3.3,1261,2.5,10000.0,Free,0.0,Everyone,Video Players & Editors,2014-10-30,1.0,2.3 and up
A-GKVC,VIDEO_PLAYERS,4.3,1215,23.0,100000.0,Free,0.0,Everyone 10+,Video Players & Editors,2018-07-20,0.0,4.1 and up
Video Editor,VIDEO_PLAYERS,4.1,159622,23.0,5000000.0,Free,0.0,Everyone,Video Players & Editors;Creativity,2018-07-17,0.0,4.3 and up
OA-SMP,VIDEO_PLAYERS,4.4,169965,14.0,10000000.0,Free,0.0,Teen,Video Players & Editors,2018-08-02,0.0,4.3 and up
VVE&C,VIDEO_PLAYERS,4.4,38630,89.0,1000000.0,Free,0.0,Everyone,Video Players & Editors,2018-08-05,0.0,4.4 and up
B+-IN,NEWS_AND_MAGAZINES,4.3,42624,16.0,1000000.0,Free,0.0,Everyone 10+,News & Magazines,2018-08-01,0.0,4.0 and up
daily News,NEWS_AND_MAGAZINES,4.5,26411,26.0,1000000.0,Free,0.0,Everyone,News & Magazines,2018-03-26,0.0,4.1 and up
FTSATSEM,NEWS_AND_MAGAZINES,4.6,29706,11.0,1000000.0,Free,0.0,Teen,News & Magazines,2018-08-02,2.71,4.1 and up
Wireless news,NEWS_AND_MAGAZINES,3.5,6066,56.0,1000000.0,Free,0.0,Everyone,News & Magazines,2018-04-16,0.0,4.4 and up
CBU&WN,NEWS_AND_MAGAZINES,4.0,293080,25.0,10000000.0,Free,0.0,Everyone 10+,News & Magazines,2018-08-06,5.17,4.4 and up
BaBe - Read News,NEWS_AND_MAGAZINES,4.3,355921,17.0,10000000.0,Free,0.0,Teen,News & Magazines,2018-08-01,0.0,4.0 and up
NNN,NEWS_AND_MAGAZINES,4.3,37882,9.1,1000000.0,Free,0.0,Teen,News & Magazines,2018-06-01,0.0,4.0.3 and up
D-L&MCN,NEWS_AND_MAGAZINES,4.1,190888,11.0,10000000.0,Free,0.0,Teen,News & Magazines,2018-07-13,0.0,4.1 and up
BL-RQSN,NEWS_AND_MAGAZINES,4.5,9548,15.0,1000000.0,Free,0.0,Everyone,News & Magazines,2018-08-01,0.0,4.0 and up
ARY NEWS URDU,NEWS_AND_MAGAZINES,4.4,1071,9.7,500000.0,Free,0.0,Everyone,News & Magazines,2018-07-25,0.0,4.1 and up
BN-TFL,NEWS_AND_MAGAZINES,4.0,11908,5.5,1000000.0,Free,0.0,Everyone,News & Magazines,2018-07-01,8.3,4.1 and up
RLNIGAP,NEWS_AND_MAGAZINES,4.1,185058,6.7,10000000.0,Free,0.0,Teen,News & Magazines,2018-08-01,0.0,4.1 and up
BP|BFN,NEWS_AND_MAGAZINES,4.3,978,2.9,100000.0,Free,0.0,Everyone,News & Magazines,2018-05-12,0.0,4.0.3 and up
Google News,NEWS_AND_MAGAZINES,3.9,877635,13.0,1000000000.0,Free,0.0,Teen,News & Magazines,2018-08-01,0.0,4.4 and up
ON-TNAV,NEWS_AND_MAGAZINES,4.5,51684,8.5,10000000.0,Free,0.0,Teen,News & Magazines,2018-07-31,0.0,Varies with device
TBNV&FG,NEWS_AND_MAGAZINES,4.7,175110,25.0,10000000.0,Free,0.0,Mature 17+,News & Magazines,2018-08-06,0.0,4.0 and up
PN-WNU,NEWS_AND_MAGAZINES,4.5,357944,12.0,10000000.0,Free,0.0,Everyone,News & Magazines,2018-07-12,9.1,4.1 and up
ASD,NEWS_AND_MAGAZINES,3.1,735,6.3,500000.0,Free,0.0,Everyone,News & Magazines,2018-07-25,0.0,4.0.3 and up
BNLNAAAF,NEWS_AND_MAGAZINES,4.7,2543,6.3,500000.0,Free,0.0,Everyone,News & Magazines,2018-07-19,0.0,4.1 and up
Sky News,NEWS_AND_MAGAZINES,4.0,30287,19.0,1000000.0,Free,0.0,Everyone 10+,News & Magazines,2018-08-03,0.0,4.1 and up
Microsoft News,NEWS_AND_MAGAZINES,4.2,31504,31.0,1000000.0,Free,0.0,Everyone 10+,News & Magazines,2018-07-30,0.0,5.0 and up
VT-RONTHN2,NEWS_AND_MAGAZINES,4.2,21147,9.0,5000000.0,Free,0.0,Teen,News & Magazines,2018-08-06,0.0,4.0.3 and up
ADAN,NEWS_AND_MAGAZINES,3.4,41490,25.0,5000000.0,Free,0.0,Teen,News & Magazines,2018-07-24,0.0,4.1 and up
TRFB-CN,NEWS_AND_MAGAZINES,4.6,2090,4.6,50000.0,Free,0.0,Everyone,News & Magazines,2018-08-05,0.0,4.1 and up
РИА Новости,NEWS_AND_MAGAZINES,4.5,44274,8.0,1000000.0,Free,0.0,Everyone,News & Magazines,2018-08-06,0.0,4.4 and up
Tencent News,NEWS_AND_MAGAZINES,4.0,7006,23.0,1000000.0,Free,0.0,Everyone,News & Magazines,2018-07-31,0.0,4.0 and up
ARY NEWS,NEWS_AND_MAGAZINES,4.4,2959,9.8,1000000.0,Free,0.0,Everyone,News & Magazines,2018-08-04,0.0,4.1 and up
K-RTLN,NEWS_AND_MAGAZINES,4.2,40167,8.7,1000000.0,Free,0.0,Everyone,News & Magazines,2018-07-30,0.0,4.4 and up
L-CLN,NEWS_AND_MAGAZINES,4.0,4332,12.0,1000000.0,Free,0.0,Everyone,News & Magazines,2018-03-16,0.0,4.1 and up
Podcast Addict,NEWS_AND_MAGAZINES,4.6,413999,10.0,5000000.0,Free,0.0,Teen,News & Magazines,2018-08-03,0.0,4.1 and up
PAF&OPBPF,NEWS_AND_MAGAZINES,4.6,66384,19.0,1000000.0,Free,0.0,Teen,News & Magazines,2018-07-25,0.0,4.0 and up
SPR,NEWS_AND_MAGAZINES,4.5,17703,6.6,500000.0,Free,0.0,Teen,News & Magazines,2018-06-07,0.0,4.4 and up
DMRR,NEWS_AND_MAGAZINES,4.3,350,14.0,10000.0,Free,0.0,Everyone,News & Magazines,2018-07-22,0.0,4.2 and up
I-RMCN,NEWS_AND_MAGAZINES,4.4,74425,8.6,1000000.0,Free,0.0,Everyone,News & Magazines,2018-07-18,0.0,4.0.3 and up
BNTQ,NEWS_AND_MAGAZINES,4.3,131028,13.0,5000000.0,Free,0.0,Teen,News & Magazines,2018-07-30,5.38,4.4 and up
LTYCN,NEWS_AND_MAGAZINES,3.6,3311,10.0,100000.0,Free,0.0,Everyone,News & Magazines,2018-04-24,0.0,4.2 and up
World Newspapers,NEWS_AND_MAGAZINES,4.4,185884,7.5,1000000.0,Free,0.0,Mature 17+,News & Magazines,2017-09-17,0.0,4.1 and up
TWSJB&MN,NEWS_AND_MAGAZINES,4.1,40975,36.0,1000000.0,Free,0.0,Everyone 10+,News & Magazines,2018-08-02,0.0,4.1 and up
Financial Times,NEWS_AND_MAGAZINES,4.2,27104,8.2,1000000.0,Free,0.0,Everyone 10+,News & Magazines,2018-08-03,0.0,4.4 and up
The Guardian,NEWS_AND_MAGAZINES,4.7,247992,22.0,5000000.0,Free,0.0,Teen,News & Magazines,2018-07-25,0.0,4.1 and up
N-LN,NEWS_AND_MAGAZINES,3.9,63647,23.0,10000000.0,Free,0.0,Everyone 10+,News & Magazines,2018-08-01,0.0,4.4 and up
RN(T,NEWS_AND_MAGAZINES,4.6,56524,14.0,1000000.0,Free,0.0,Teen,News & Magazines,2018-08-06,0.0,4.0.3 and up
Reuters News,NEWS_AND_MAGAZINES,4.3,13169,25.0,1000000.0,Free,0.0,Everyone 10+,News & Magazines,2018-06-06,0.0,4.1 and up
BM&FN,NEWS_AND_MAGAZINES,4.2,61692,27.0,10000000.0,Free,0.0,Everyone,News & Magazines,2018-07-25,0.0,4.4 and up
AN-U&WN,NEWS_AND_MAGAZINES,4.0,18976,35.0,1000000.0,Free,0.0,Everyone 10+,News & Magazines,2018-06-06,0.0,5.0 and up
Sync for reddit,NEWS_AND_MAGAZINES,4.6,62740,8.6,500000.0,Free,0.0,Mature 17+,News & Magazines,2018-06-16,16.3,4.1 and up
AM-BN,NEWS_AND_MAGAZINES,4.5,76677,4.6,1000000.0,Free,0.0,Everyone 10+,News & Magazines,2017-05-25,0.0,4.0 and up
HuffPost - News,NEWS_AND_MAGAZINES,4.2,78154,12.0,1000000.0,Free,0.0,Everyone 10+,News & Magazines,2018-08-03,0.0,4.4 and up
News Republic,NEWS_AND_MAGAZINES,4.3,479594,18.0,10000000.0,Free,0.0,Teen,News & Magazines,2018-07-28,0.0,4.0 and up
SBNH,NEWS_AND_MAGAZINES,4.2,233305,3.1,10000000.0,Free,0.0,Everyone,News & Magazines,2018-08-03,0.0,2.2 and up
A-T&NFA,NEWS_AND_MAGAZINES,4.2,23292,14.0,1000000.0,Free,0.0,Everyone 10+,News & Magazines,2018-05-24,0.0,4.1 and up
CBS News,NEWS_AND_MAGAZINES,4.3,23641,23.0,1000000.0,Free,0.0,Everyone 10+,News & Magazines,2018-06-29,0.0,4.1 and up
NPR One,NEWS_AND_MAGAZINES,3.9,13217,8.8,1000000.0,Free,0.0,Teen,News & Magazines,2018-08-03,0.0,5.0 and up
Pocket,NEWS_AND_MAGAZINES,4.5,256680,12.0,10000000.0,Free,0.0,Everyone,News & Magazines,2018-07-24,0.0,4.0.3 and up
Google News,NEWS_AND_MAGAZINES,3.9,877643,13.0,1000000000.0,Free,0.0,Teen,News & Magazines,2018-08-01,0.0,4.4 and up
YTGFTOITS,MAPS_AND_NAVIGATION,4.4,104800,22.0,10000000.0,Free,0.0,Everyone,Maps & Navigation,2018-07-26,0.0,4.0 and up
M-C&HOM,MAPS_AND_NAVIGATION,4.5,56443,43.0,1000000.0,Free,0.0,Everyone,Maps & Navigation,2018-06-26,0.0,4.1 and up
GN&OMS,MAPS_AND_NAVIGATION,4.4,1421884,33.0,50000000.0,Free,0.0,Everyone,Maps & Navigation,2018-07-26,0.0,4.0.3 and up
Map and Router Badge,MAPS_AND_NAVIGATION,4.4,3652,32.0,500000.0,Free,0.0,Everyone,Maps & Navigation,2018-07-25,0.0,4.1 and up
Air Traffic,MAPS_AND_NAVIGATION,4.3,14110,6.8,1000000.0,Free,0.0,Everyone,Maps & Navigation,2018-07-24,4.3,5.0 and up
Speed Cameras Radar,MAPS_AND_NAVIGATION,4.4,18710,4.0,1000000.0,Free,0.0,Everyone,Maps & Navigation,2018-08-03,0.0,4.0.3 and up
Compass,MAPS_AND_NAVIGATION,4.3,286454,3.7,10000000.0,Free,0.0,Everyone,Maps & Navigation,2016-08-09,0.0,2.3 and up
Gps Route Finder,MAPS_AND_NAVIGATION,4.4,652,3.4,100000.0,Free,0.0,Everyone,Maps & Navigation,2018-05-26,116.0,4.1 and up
Sygic Car Navigation,MAPS_AND_NAVIGATION,4.7,162049,48.0,5000000.0,Free,0.0,Everyone,Maps & Navigation,2018-08-07,0.0,4.4 and up
CPTI,MAPS_AND_NAVIGATION,4.3,26014,7.7,1000000.0,Free,0.0,Everyone,Maps & Navigation,2017-11-06,0.0,4.0.3 and up
KG-ON,MAPS_AND_NAVIGATION,4.5,53562,60.0,1000000.0,Free,0.0,Everyone,Maps & Navigation,2018-05-04,0.0,5.0 and up
Circle ratio,MAPS_AND_NAVIGATION,3.7,10562,60.0,1000000.0,Free,0.0,Everyone,Maps & Navigation,2018-08-03,0.0,4.4 and up
SMMF,MAPS_AND_NAVIGATION,4.3,21589,5.6,1000000.0,Free,0.0,Everyone,Maps & Navigation,2018-08-01,0.0,4.0 and up
SIM,MAPS_AND_NAVIGATION,4.1,2909,5.2,100000.0,Free,0.0,Everyone,Maps & Navigation,2018-06-26,1.39,4.1 and up
Snapp,MAPS_AND_NAVIGATION,4.5,37937,25.0,1000000.0,Free,0.0,Everyone,Maps & Navigation,2018-08-01,0.0,4.0.3 and up
GSAO,MAPS_AND_NAVIGATION,4.8,15865,3.3,1000000.0,Free,0.0,Everyone,Maps & Navigation,2018-08-03,10.0,4.1 and up
GTSRPBV,MAPS_AND_NAVIGATION,4.3,63920,29.0,5000000.0,Free,0.0,Everyone,Maps & Navigation,2018-07-28,0.0,4.0.3 and up
TP–TS&WS,MAPS_AND_NAVIGATION,4.7,38375,49.0,1000000.0,Free,0.0,Everyone,Maps & Navigation,2018-07-26,0.0,4.1 and up
Map Coordinates,MAPS_AND_NAVIGATION,4.3,16657,3.6,1000000.0,Free,0.0,Everyone,Maps & Navigation,2018-07-17,0.0,4.0.3 and up
Grab Driver,MAPS_AND_NAVIGATION,4.2,301413,48.0,5000000.0,Free,0.0,Everyone,Maps & Navigation,2018-08-01,0.0,4.1 and up
GSDM,MAPS_AND_NAVIGATION,4.6,16094,5.4,1000000.0,Free,0.0,Everyone,Maps & Navigation,2018-07-31,0.0,4.0 and up
Blitzer.de,MAPS_AND_NAVIGATION,4.5,65590,18.0,5000000.0,Free,0.0,Everyone,Maps & Navigation,2018-07-09,0.0,4.0 and up
GS-TM-A,MAPS_AND_NAVIGATION,4.3,32225,3.2,1000000.0,Free,0.0,Everyone,Maps & Navigation,2018-07-26,0.0,4.2 and up
RFSCD&S,MAPS_AND_NAVIGATION,4.5,44348,11.0,5000000.0,Free,0.0,Everyone,Maps & Navigation,2018-07-06,0.0,4.1 and up
FindShip,MAPS_AND_NAVIGATION,4.2,23279,8.5,1000000.0,Free,0.0,Everyone,Maps & Navigation,2018-04-26,0.0,4.1 and up
ÖBB Scotty,MAPS_AND_NAVIGATION,4.2,12572,24.0,1000000.0,Free,0.0,Everyone,Maps & Navigation,2018-02-19,5.43,4.0 and up
STSS,MAPS_AND_NAVIGATION,4.3,70556,26.0,10000000.0,Free,0.0,Everyone,Maps & Navigation,2018-07-17,4.76,4.0 and up
A-OSS,MAPS_AND_NAVIGATION,4.3,1240,14.0,100000.0,Free,0.0,Everyone,Maps & Navigation,2017-11-02,0.0,4.1 and up
hum app,MAPS_AND_NAVIGATION,4.4,10218,78.0,1000000.0,Free,0.0,Everyone,Maps & Navigation,2018-07-31,0.0,4.2 and up
NRE,MAPS_AND_NAVIGATION,3.5,18857,7.0,1000000.0,Free,0.0,Everyone,Maps & Navigation,2018-05-24,0.0,4.0.3 and up
IC&BT,MAPS_AND_NAVIGATION,4.2,11838,9.2,1000000.0,Free,0.0,Everyone,Maps & Navigation,2018-04-09,0.0,4.0.3 and up
Flashlight,TOOLS,4.5,162335,4.9,10000000.0,Free,0.0,Everyone,Tools,2018-07-06,0.0,4.0 and up
aa,FAMILY,4.2,886418,6.5,50000000.0,Free,0.0,Everyone,Strategy,2018-06-30,0.0,4.1 and up
ACFSC,FAMILY,3.9,3720,11.0,1000000.0,Free,0.0,Everyone,Entertainment,2016-12-04,0.0,4.0.3 and up
RHROAL,GAME,4.3,9951,96.0,1000000.0,Free,0.0,Mature 17+,Arcade,2016-08-26,1.0,2.3 and up
A Word A Day,FAMILY,3.7,2398,2.9,500000.0,Free,0.0,Everyone,Education,2017-01-05,5.8,4.0 and up
DASE2F,GAME,4.3,213340,24.0,10000000.0,Free,0.0,Everyone,Adventure,2018-06-14,0.0,4.0 and up
Akinator,FAMILY,4.3,1805398,55.0,50000000.0,Free,0.0,Teen,Entertainment,2018-06-11,0.0,4.4 and up
DSORAF,FAMILY,4.6,94989,74.0,5000000.0,Free,0.0,Teen,Simulation,2018-04-22,8.6,4.0 and up
Pou,FAMILY,4.3,10483141,24.0,500000000.0,Free,0.0,Everyone,Casual,2018-05-25,0.0,4.0 and up
Agar.io,GAME,4.2,3815614,32.0,100000000.0,Free,0.0,Everyone,Action,2018-07-23,0.0,4.0.3 and up
CBN-DSPA,FAMILY,4.6,10247,15.0,1000000.0,Free,0.0,Everyone,Entertainment,2018-07-27,0.0,4.1 and up
A+ Mobile,FINANCE,3.9,730,6.3,10000.0,Free,0.0,Everyone,Finance,2018-06-26,0.0,4.4 and up
Angry Birds Classic,GAME,4.4,5565856,97.0,100000000.0,Free,0.0,Everyone,Arcade,2018-05-24,0.0,4.1 and up
Build a Bridge!,FAMILY,4.6,263454,74.0,10000000.0,Free,0.0,Everyone,Puzzle,2018-08-02,0.0,4.1 and up
FAWAP,FAMILY,4.8,39480,14.0,500000.0,Free,0.0,Everyone,Puzzle,2017-06-16,0.0,4.1 and up
CAPP,FAMILY,4.3,1311,14.0,10000.0,Free,0.0,Everyone,Education,2018-07-11,0.0,4.4 and up
CA2&2,FAMILY,4.4,174,5.7,10000.0,Free,0.0,Everyone,Education,2018-04-19,0.0,4.1 and up
CASH,FAMILY,3.3,8642,19.0,500000.0,Free,0.0,Teen,Casual,2017-12-30,0.0,2.3 and up
Bubble Shooter,GAME,4.5,43576,50.0,5000000.0,Free,0.0,Everyone,Arcade,2017-09-13,4.4,2.3 and up
Subway Surfers,GAME,4.5,27711703,76.0,1000000000.0,Free,0.0,Everyone 10+,Arcade,2018-07-12,0.0,4.1 and up
Super Mario Run,GAME,3.7,1221896,70.0,100000000.0,Free,0.0,Everyone,Action,2018-07-12,0.0,4.2 and up
STARDOM: THE A-LIST,GAME,4.5,152658,29.0,1000000.0,Free,0.0,Teen,Adventure,2014-09-12,0.0,2.1 and up
LDOALS,COMMUNICATION,4.1,14766,16.0,500000.0,Free,0.0,Teen,Communication,2017-09-20,0.81,4.0.3 and up
Photo Warp,FAMILY,3.7,353342,13.0,50000000.0,Free,0.0,Everyone,Entertainment,2017-11-24,0.0,4.0 and up
LJC&C,FAMILY,4.1,672089,73.0,50000000.0,Free,0.0,Everyone,Educational;Action & Adventure,2018-01-19,0.0,4.1 and up
CET,FAMILY,4.8,3053,17.0,50000.0,Free,0.0,Everyone,Education,2018-07-03,1.7,4.2 and up
Pokémon GO,GAME,4.1,10421284,85.0,100000000.0,Free,0.0,Everyone,Adventure,2018-07-23,0.0,4.4 and up
My Talking Angela,FAMILY,4.5,9876369,99.0,100000000.0,Free,0.0,Everyone,Casual,2018-07-03,0.0,4.1 and up
Asphalt 8: Airborne,GAME,4.5,8389714,92.0,100000000.0,Free,0.0,Teen,Racing,2018-07-04,0.0,4.0.3 and up
PAC-MAN,GAME,4.2,685450,37.0,100000000.0,Free,0.0,Everyone,Arcade,2018-05-15,0.0,4.1 and up
Basketball Stars,SPORTS,4.4,867920,45.0,10000000.0,Free,0.0,Everyone,Sports,2018-07-14,0.0,4.0.3 and up
Lep's World 2 🍀🍀,GAME,4.3,798522,57.0,100000000.0,Free,0.0,Everyone 10+,Arcade,2018-06-07,0.0,4.1 and up
W-BAW,FAMILY,3.8,6760,26.0,500000.0,Free,0.0,Everyone,Entertainment,2015-06-11,0.0,3.2 and up
LOCAPM,GAME,4.5,13118,47.0,500000.0,Free,0.0,Teen,Adventure,2018-06-25,0.0,4.0.3 and up
Real City Car Driver,GAME,3.7,413609,22.0,10000000.0,Free,0.0,Mature 17+,Racing,2018-08-01,2.8,4.1 and up
Toca Kitchen 2,FAMILY,4.5,1013465,56.0,50000000.0,Free,0.0,Everyone,Educational;Pretend Play,2017-06-29,0.0,4.1 and up
Rolling Sky,GAME,4.5,1117212,50.0,50000000.0,Free,0.0,Everyone,Board,2018-08-03,0.0,4.0.3 and up
Amazon Shopping,SHOPPING,4.3,908525,42.0,100000000.0,Free,0.0,Teen,Shopping,2018-07-31,0.0,4.4 and up
GS-SYWTG,FAMILY,4.6,305765,34.0,10000000.0,Free,0.0,Everyone,Role Playing,2018-07-31,0.0,4.1 and up
SBAS,FAMILY,4.4,98324,70.0,1000000.0,Free,0.0,Everyone,Simulation,2018-07-28,0.0,4.1 and up
Chick-fil-A,FOOD_AND_DRINK,4.3,27931,17.0,5000000.0,Free,0.0,Everyone,Food & Drink,2018-08-03,0.0,5.0 and up
4 in a row,GAME,4.3,47698,4.1,5000000.0,Free,0.0,Everyone,Board,2016-04-12,0.0,1.5 and up
Four In A Line Free,GAME,4.3,133195,11.0,5000000.0,Free,0.0,Everyone,Board,2018-06-11,1.58,4.1 and up
Flow Free,FAMILY,4.3,1295293,11.0,100000000.0,Free,0.0,Everyone,Puzzle,2018-04-11,4.0,4.1 and up
Like A Boss,FAMILY,4.4,17069,94.0,500000.0,Free,0.0,Everyone 10+,Role Playing,2018-08-01,0.0,5.0 and up
A-DV&E,PRODUCTIVITY,4.2,145088,24.0,10000000.0,Free,0.0,Everyone,Productivity,2018-07-23,0.0,4.4 and up
HHDATOSS,FAMILY,4.9,46253,56.0,500000.0,Free,0.0,Everyone 10+,Simulation,2018-02-07,0.0,4.0 and up
DSOBAD,FAMILY,4.6,111741,66.0,5000000.0,Free,0.0,Teen,Simulation,2018-02-27,5.4,4.0 and up
Alto's Adventure,GAME,4.6,515240,63.0,10000000.0,Free,0.0,Everyone,Action,2018-06-05,0.0,4.0 and up
FC-AFA,FINANCE,4.6,49275,91.0,500000.0,Free,0.0,Everyone,Finance,2018-07-17,0.0,4.4 and up
Draw A Stickman,GAME,3.4,29265,17.0,1000000.0,Free,0.0,Everyone,Adventure,2017-05-19,0.0,4.0.3 and up
Be A Legend: Soccer,SPORTS,3.8,85763,21.0,1000000.0,Free,0.0,Everyone,Sports,2015-08-24,0.0,3.0 and up
CSOPWC,FAMILY,4.6,137198,81.0,5000000.0,Free,0.0,Everyone 10+,Simulation,2018-04-22,3.7,4.0 and up
Four In A Line,GAME,3.8,22191,3.0,1000000.0,Free,0.0,Everyone,Board,2015-05-04,1.1,2.3 and up
TT-IM,SOCIAL,4.4,5637451,59.0,100000000.0,Free,0.0,Teen,Social,2018-08-03,0.0,4.1 and up
DMTBO,FAMILY,3.9,31061,83.0,1000000.0,Free,0.0,Everyone,Health & Fitness;Action & Adventure,2018-06-16,0.0,4.2 and up
BVC,SOCIAL,4.1,12495,19.0,1000000.0,Free,0.0,Mature 17+,Social,2017-08-19,0.0,2.3 and up
B-CS,PHOTOGRAPHY,4.5,512996,23.0,10000000.0,Free,0.0,Everyone,Photography,2018-08-02,0.0,4.1 and up
B,FINANCE,3.7,800,32.0,50000.0,Free,0.0,Everyone,Finance,2018-06-21,0.0,4.4 and up
BL-LS,SOCIAL,4.4,2349421,39.0,100000000.0,Free,0.0,Teen,Social,2018-07-27,0.0,4.0 and up
BC3BSGFF,FAMILY,4.5,944661,57.0,50000000.0,Free,0.0,Everyone,Simulation,2018-03-05,0.0,4.0.3 and up
8 Ball Pool,SPORTS,4.5,14184910,52.0,100000000.0,Free,0.0,Everyone,Sports,2018-07-31,0.0,4.0.3 and up
B-BLE(BLE4.0 Scan),TOOLS,3.8,159,7.5,10000.0,Free,0.0,Everyone,Tools,2018-04-20,5.5,5.0 and up
Cardi B Piano Game,GAME,3.1,50,7.4,10000.0,Free,0.0,Everyone,Music,2017-11-15,2.0,4.0 and up
VF-BHV&PB,TOOLS,4.5,799206,8.9,10000000.0,Free,0.0,Everyone,Tools,2018-08-01,0.0,4.1 and up
ADS-B Driver,TOOLS,5.0,2,6.3,100.0,Paid,1.99,Everyone,Tools,2018-05-15,1.19,4.4 and up
MORTAL KOMBAT X,GAME,4.4,3039889,18.0,10000000.0,Free,0.0,Mature 17+,Action,2018-06-27,0.0,4.0 and up
B.GOOD,FOOD_AND_DRINK,2.9,155,20.0,10000.0,Free,0.0,Everyone,Food & Drink,2018-04-04,0.0,4.1 and up
Oral-B App,HEALTH_AND_FITNESS,3.3,14210,96.0,1000000.0,Free,0.0,Everyone,Health & Fitness,2018-07-19,0.0,5.0 and up
SLTBG,PERSONALIZATION,4.1,291,35.0,5000.0,Paid,1.99,Everyone,Personalization,2016-10-22,2.2,2.0 and up
NL3TH,PERSONALIZATION,4.4,83,8.6,1000.0,Paid,1.7,Everyone,Personalization,2015-08-16,1.05,2.2 and up
PG3SS&BR,GAME,4.5,4487182,55.0,50000000.0,Free,0.0,Teen,Action,2018-07-04,0.0,4.0.3 and up
BSOGD,GAME,4.3,12,29.0,100.0,Paid,0.99,Everyone,Arcade,2017-09-02,0.0,2.3 and up
SUPB,TOOLS,4.3,668,13.0,50000.0,Free,0.0,Everyone,Tools,2016-03-31,0.0,2.1 and up
EMT-B Pocket Prep,MEDICAL,4.5,2948,16.0,50000.0,Free,0.0,Everyone,Medical,2018-07-11,0.0,4.4 and up
ATCB,TRAVEL_AND_LOCAL,2.2,83,6.7,50000.0,Free,0.0,Everyone,Travel & Local,2018-07-05,0.0,4.4 and up
HSE,GAME,4.5,6071542,100.0,100000000.0,Free,0.0,Teen,Arcade,2018-07-25,0.0,4.1 and up
Hay Day,FAMILY,4.5,10053186,94.0,100000000.0,Free,0.0,Everyone,Casual,2018-06-28,13993.0,4.0.3 and up
Diary with lock,LIFESTYLE,4.6,815280,4.4,10000000.0,Free,0.0,Everyone,Lifestyle,2018-06-30,4.9,4.1 and up
B-Grade Renegade,GAME,3.9,24,64.0,1000.0,Paid,1.99,Teen,Action,2017-10-17,0.0,3.2 and up
CARDI B WALLPAPERS,PERSONALIZATION,4.1,8,4.5,1000.0,Free,0.0,Everyone,Personalization,2018-05-21,3.1,4.0.3 and up
Plan B,MAPS_AND_NAVIGATION,3.3,19,6.0,5000.0,Free,0.0,Everyone,Maps & Navigation,2017-07-12,1.2,4.3 and up
B Tiff Viewer,PHOTOGRAPHY,4.1,283,7.4,100000.0,Free,0.0,Everyone,Photography,2018-05-12,0.0,4.0 and up
Cardi B Wallpaper,ART_AND_DESIGN,4.8,253,3.7,50000.0,Free,0.0,Everyone,Art & Design,2017-11-01,0.0,4.0 and up
A & B Taxi,MAPS_AND_NAVIGATION,4.1,41,25.0,1000.0,Free,0.0,Everyone,Maps & Navigation,2018-07-04,0.0,4.0.3 and up
CBHWLS,PERSONALIZATION,4.5,2,10.0,500.0,Free,0.0,Mature 17+,Personalization,2018-06-10,1.3,4.0.3 and up
Clash of Clans,FAMILY,4.6,44881447,98.0,100000000.0,Free,0.0,Everyone 10+,Strategy,2018-07-15,0.0,4.1 and up
Clash Royale,FAMILY,4.6,23125280,97.0,100000000.0,Free,0.0,Everyone 10+,Strategy,2018-06-27,0.0,4.1 and up
C Programming,FAMILY,4.3,22248,1.8,1000000.0,Free,0.0,Everyone,Education,2015-06-28,3.0,2.3 and up
Learn C [NEW],FAMILY,4.5,349,11.0,50000.0,Free,0.0,Everyone,Education,2018-03-16,0.0,4.0 and up
MC[CC],FAMILY,4.3,4624,78.0,100000.0,Free,0.0,Everyone,Education,2018-07-07,0.0,4.0.3 and up
Critical Ops,GAME,4.4,1397944,50.0,10000000.0,Free,0.0,Teen,Action,2018-07-31,0.0,4.4 and up
Candy Crush Saga,FAMILY,4.4,22419455,74.0,500000000.0,Free,0.0,Everyone,Casual,2018-07-05,0.0,4.1 and up
CM-CFC,SHOPPING,4.4,27275,8.3,1000000.0,Free,0.0,Teen,Shopping,2018-07-30,27500000.0,4.1 and up
C Locker Pro,PERSONALIZATION,4.2,1531,7.7,10000.0,Paid,2.99,Everyone,Personalization,2017-12-05,0.0,4.1 and up
CPAR,BOOKS_AND_REFERENCE,4.2,873,2.5,50000.0,Free,0.0,Everyone,Books & Reference,2014-07-31,2.2,2.1 and up
Learn C++,FAMILY,4.6,73404,5.3,1000000.0,Free,0.0,Everyone,Education,2017-12-25,0.0,4.0 and up
C Programming Zone,FAMILY,4.6,1218,4.0,50000.0,Free,0.0,Everyone,Education,2017-05-13,3.0,4.0.3 and up
C Offline Tutorial,BOOKS_AND_REFERENCE,4.7,88,4.2,1000.0,Free,0.0,Everyone,Books & Reference,2017-12-08,0.0,4.1 and up
NGC-IP,PERSONALIZATION,4.8,557,74.0,10000.0,Paid,0.99,Everyone,Personalization,2018-07-27,0.0,4.0.3 and up
All C Programs,FAMILY,4.7,2387,6.9,100000.0,Free,0.0,Everyone,Education,2018-06-09,0.0,4.1 and up
C by GE,LIFESTYLE,1.7,686,6.6,10000.0,Free,0.0,Everyone,Lifestyle,2018-07-11,0.0,4.3 and up
CFC-OL,LIFESTYLE,4.5,8096,16.0,1000000.0,Free,0.0,Mature 17+,Lifestyle,2018-08-03,0.0,4.1 and up
Alt-C,PRODUCTIVITY,4.0,499,4.7,10000.0,Free,0.0,Everyone,Productivity,2017-01-27,1.37,4.0 and up
C-SPAN Radio,FAMILY,3.6,608,5.4,100000.0,Free,0.0,Everyone,Entertainment,2018-05-17,0.0,4.1 and up
B-GMS,TOOLS,2.0,24,35.0,1000.0,Free,0.0,Everyone,Tools,2017-12-29,1.7,6.0 and up
Community by C Space,LIFESTYLE,4.7,707,26.0,5000.0,Free,0.0,Everyone,Lifestyle,2018-07-17,0.0,4.4 and up
My C Spire,PRODUCTIVITY,4.1,376,32.0,50000.0,Free,0.0,Everyone,Productivity,2018-07-23,0.0,4.4 and up
learn c in hindi,FAMILY,4.3,109,2.7,5000.0,Free,0.0,Everyone,Education,2017-06-24,4.1,4.0 and up
LCP((,FAMILY,4.3,43,3.7,10000.0,Free,0.0,Everyone,Education,2017-12-16,0.0,4.1 and up
CP-LCT&D,FAMILY,4.5,2751,7.0,100000.0,Free,0.0,Everyone,Education,2018-06-15,0.0,4.0.3 and up
ECP-LCCE,FAMILY,4.4,77,6.9,5000.0,Free,0.0,Everyone,Education,2018-01-05,0.0,5.0 and up
Hill Climb Racing,GAME,4.4,8921451,63.0,100000000.0,Free,0.0,Everyone,Racing,2018-07-02,0.0,4.2 and up
C-C,FAMILY,4.6,130,2.2,10000.0,Free,0.0,Everyone,Education,2016-04-04,0.0,4.0.3 and up
BRC,FAMILY,3.7,452,30.0,100000.0,Free,0.0,Everyone,Entertainment,2018-02-02,0.0,4.4 and up
CPPF,FAMILY,4.5,4115,5.8,100000.0,Free,0.0,Everyone,Education,2018-07-08,0.0,4.0 and up
C Programs Handbook,BOOKS_AND_REFERENCE,4.0,459,3.1,50000.0,Free,0.0,Everyone,Books & Reference,2017-11-16,0.0,4.0 and up
C Functions,FAMILY,4.8,55,1.5,1000.0,Free,0.0,Everyone,Education,2015-09-26,1.0,4.0.3 and up
LC-.-CSPTA,FAMILY,4.0,1320,8.6,100000.0,Free,0.0,Everyone,Education,2018-06-03,0.0,4.1 and up
LBC-FB,FAMILY,4.7,27,772.0,5000.0,Free,0.0,Everyone,Education,2016-01-20,1.0,3.0 and up
C Prowess,FAMILY,4.8,306,3.3,5000.0,Free,0.0,Everyone,Education,2017-06-03,1.2,4.1 and up
1CPP,FAMILY,4.6,498,5.0,50000.0,Free,0.0,Everyone,Education,2017-10-15,2.0,4.0.3 and up
LUC-EP,FAMILY,4.3,36,1.1,5000.0,Free,0.0,Everyone,Education,2017-08-30,1.2,3.0 and up
C Examples,FAMILY,4.2,1002,4.4,10000.0,Free,0.0,Everyone,Education,2016-08-31,3.9,4.0 and up
C BOOK-C PROGRAMS,FAMILY,4.8,138,2.1,10000.0,Free,0.0,Everyone,Education,2017-09-22,1.0,3.0 and up
100+ C Programs,FAMILY,4.2,20,1.6,5000.0,Free,0.0,Everyone,Education,2017-01-03,1.0,4.0 and up
Dubsmash,VIDEO_PLAYERS,4.2,1971777,29.0,100000000.0,Free,0.0,Teen,Video Players & Editors,2018-05-11,0.0,4.1 and up
D-CFG,COMMUNICATION,4.5,305347,39.0,10000000.0,Free,0.0,Teen,Communication,2018-07-27,0.0,4.1 and up
Hitman Sniper,GAME,4.6,408292,29.0,10000000.0,Paid,0.99,Mature 17+,Action,2018-07-12,0.0,4.1 and up
FCD,GAME,4.5,1736105,14.0,10000000.0,Free,0.0,Mature 17+,Action,2014-05-16,0.0,2.1 and up
Fruit Ninja®,GAME,4.3,5091448,41.0,100000000.0,Free,0.0,Everyone,Arcade,2018-07-12,0.0,4.1 and up
DR–SRVEL,VIDEO_PLAYERS,4.8,2588730,9.7,50000000.0,Free,0.0,Everyone,Video Players & Editors,2018-07-30,0.0,5.0 and up
Crossy Road,GAME,4.5,4229977,60.0,100000000.0,Free,0.0,Everyone,Action,2018-08-01,0.0,5.0 and up
Temple Run 2,GAME,4.3,8116142,62.0,500000000.0,Free,0.0,Everyone,Action,2018-07-05,0.0,4.0 and up
Beach Buggy Blitz,GAME,4.2,640974,47.0,50000000.0,Free,0.0,Everyone,Racing,2018-06-05,1.5,4.0.3 and up
Vector,GAME,4.4,3058687,89.0,100000000.0,Free,0.0,Everyone 10+,Arcade,2016-07-18,0.0,4.0 and up
Dr. Driving,GAME,4.5,4972230,9.9,100000000.0,Free,0.0,Everyone,Racing,2018-03-02,1.52,4.0.3 and up
DDWWICSS,GAME,4.2,951,64.0,100000.0,Free,0.0,Teen,Action,2018-05-25,1.2,4.1 and up
GDM,GAME,4.6,1591129,48.0,50000000.0,Free,0.0,Everyone,Arcade,2017-12-22,1.01,4.0 and up
Koi Live Wallpaper,PERSONALIZATION,4.6,14026,12.0,100000.0,Paid,0.99,Everyone,Personalization,2014-06-24,1.9,2.2 and up
Dropbox,PRODUCTIVITY,4.4,1860844,61.0,500000000.0,Free,0.0,Everyone,Productivity,2018-08-01,0.0,Varies with device
K–PVE,VIDEO_PLAYERS,4.5,1013867,32.0,50000000.0,Free,0.0,Everyone,Video Players & Editors,2018-08-03,0.0,4.1 and up
BCW+SE,FAMILY,4.5,762706,28.0,10000000.0,Free,0.0,Teen,Simulation,2018-03-30,0.0,4.0 and up
DSS-DDCT,FAMILY,4.4,91171,36.0,1000000.0,Free,0.0,Everyone,Role Playing,2018-08-03,0.0,4.1 and up
3D Bowling,SPORTS,4.1,1076243,13.0,100000000.0,Free,0.0,Everyone,Sports,2018-01-18,3.1,2.0.1 and up
PVZF,FAMILY,4.4,4064868,69.0,100000000.0,Free,0.0,Everyone 10+,Strategy,2018-07-06,0.0,4.1 and up
DLS2,SPORTS,4.6,9873470,74.0,100000000.0,Free,0.0,Everyone,Sports,2018-07-16,5.064,4.4 and up
Mind Games Pro,FAMILY,4.6,15301,18.0,100000.0,Paid,2.99,Everyone,Puzzle;Brain Games,2018-07-18,0.0,2.3 and up
ZRP2,PERSONALIZATION,4.5,10158,3.6,500000.0,Free,0.0,Everyone,Personalization,2018-03-01,1.5,4.0.3 and up
Smash Hit,GAME,4.5,4147718,79.0,100000000.0,Free,0.0,Everyone,Arcade,2015-11-26,0.0,2.3 and up
Bad Piggies,FAMILY,4.3,1168959,66.0,50000000.0,Free,0.0,Everyone,Puzzle,2017-05-03,0.0,4.1 and up
Temple Run,GAME,4.3,4000433,42.0,100000000.0,Free,0.0,Everyone,Arcade,2018-08-02,0.0,4.0 and up
Broken Screen Prank,FAMILY,3.3,23682,9.8,1000000.0,Free,0.0,Teen,Casual,2018-06-14,6.2,4.0 and up
SL-WFS,TOOLS,3.7,338449,2.8,10000000.0,Free,0.0,Everyone,Tools,2018-06-19,8.6,2.3.3 and up
CPG3-RCDC,FAMILY,4.4,187892,40.0,5000000.0,Free,0.0,Everyone,Simulation,2018-05-10,0.0,4.0 and up
E!,FAMILY,3.1,740,20.0,100000.0,Free,0.0,Teen,Entertainment,2018-05-24,0.0,4.4 and up
E! News,NEWS_AND_MAGAZINES,4.0,15443,25.0,1000000.0,Free,0.0,Teen,News & Magazines,2018-06-19,0.0,4.4 and up
CESU,FAMILY,3.9,94910,44.0,10000000.0,Free,0.0,Everyone,Action;Action & Adventure,2017-01-10,1.12,4.3 and up
E-DPE&NF,FAMILY,4.4,63773,8.8,5000000.0,Free,0.0,Everyone,Entertainment,2018-07-30,0.0,5.0 and up
EFEFM,PRODUCTIVITY,4.6,5378795,16.0,100000000.0,Free,0.0,Everyone,Productivity,2018-08-03,0.0,4.0 and up
Eternium,FAMILY,4.8,1506783,89.0,10000000.0,Free,0.0,Teen,Role Playing,2018-07-18,0.0,4.0 and up
E*TRADE Mobile,FINANCE,3.9,10657,58.0,1000000.0,Free,0.0,Everyone,Finance,2018-08-02,0.0,4.4 and up
WWE,FAMILY,4.5,736824,20.0,10000000.0,Free,0.0,Teen,Entertainment,2018-01-19,0.0,4.1 and up
E-cigarette for free,FAMILY,3.6,1354,4.8,500000.0,Free,0.0,Mature 17+,Entertainment,2017-10-23,1.0,2.3 and up
MLFMX&E[,LIFESTYLE,3.4,4082,318.0,500000.0,Free,0.0,Everyone,Lifestyle,2014-10-16,1.0,4.2 and up
LS&A,TOOLS,4.4,951413,13.0,100000000.0,Free,0.0,Everyone,Tools,2018-07-31,0.0,4.4 and up
WHQE,FAMILY,4.4,1657,4.9,100000.0,Free,0.0,Everyone,Education;Education,2018-07-17,1.35,4.1 and up
GC&W,SOCIAL,4.5,17350,12.0,500000.0,Free,0.0,Everyone,Social,2018-07-18,1.078,Varies with device
Microsoft Edge,COMMUNICATION,4.3,27156,66.0,5000000.0,Free,0.0,Everyone,Communication,2018-07-28,0.0,4.4 and up
Microsoft Outlook,PRODUCTIVITY,4.3,3249518,50.0,100000000.0,Free,0.0,Everyone,Productivity,2018-08-02,0.0,4.4 and up
ClassDojo,FAMILY,4.4,148536,59.0,10000000.0,Free,0.0,Everyone,Education;Education,2018-08-03,0.0,4.1 and up
theScore esports,SPORTS,4.5,16257,14.0,500000.0,Free,0.0,Everyone 10+,Sports,2017-02-03,2.8,4.1 and up
EFEFM,PRODUCTIVITY,4.0,4660,5.9,1000000.0,Free,0.0,Everyone,Productivity,2016-10-06,1.0,4.0 and up
AEHFN,BOOKS_AND_REFERENCE,4.3,1476,41.0,100000.0,Free,0.0,Everyone,Books & Reference,2017-02-21,1.0,3.0 and up
Aldiko Book Reader,BOOKS_AND_REFERENCE,4.2,210534,22.0,10000000.0,Free,0.0,Everyone,Books & Reference,2018-06-13,0.0,4.0 and up
W-SMF,SHOPPING,4.5,6200739,15.0,100000000.0,Free,0.0,Everyone,Shopping,2018-08-03,0.0,4.1 and up
Synd e-Passbook,FINANCE,4.3,9400,6.1,1000000.0,Free,0.0,Everyone,Finance,2016-05-12,1.09,2.2 and up
VDFF,TOOLS,4.6,894435,3.1,50000000.0,Free,0.0,Teen,Tools,2018-07-01,0.0,4.0 and up
F-Stop Gallery Pro,PHOTOGRAPHY,4.4,1302,58.0,10000.0,Paid,4.99,Everyone,Photography,2015-08-05,3.2,2.2 and up
OPTF,FAMILY,4.3,4551,79.0,500000.0,Free,0.0,Everyone,Simulation,2017-12-26,1.0,2.3 and up
F-Stop Gallery,PHOTOGRAPHY,4.2,12726,15.0,1000000.0,Free,0.0,Everyone,Photography,2018-07-21,0.0,4.1 and up
Talking Tom Cat 2,FAMILY,4.3,3213548,55.0,100000000.0,Free,0.0,Everyone 10+,Entertainment,2018-07-25,0.0,4.1 and up
FlashLight F.Light,TOOLS,4.3,3943,11.0,100000.0,Free,0.0,Everyone,Tools,2018-05-23,0.0,5.0 and up
F-Secure SENSE,TOOLS,4.6,57,13.0,5000.0,Free,0.0,Everyone,Tools,2018-07-04,0.0,5.0 and up
SCFMFM,GAME,3.6,214,4.9,50000.0,Free,0.0,Everyone,Adventure,2018-07-19,0.0,4.2 and up
FKPM,TOOLS,4.2,2588,7.6,100000.0,Free,0.0,Everyone,Tools,2018-06-27,0.0,4.0 and up
IPC+Z,PRODUCTIVITY,4.2,1117,3.0,50000.0,Free,0.0,Everyone,Productivity,2017-10-18,0.0,5.0 and up
C-STRW,PRODUCTIVITY,4.4,607,37.0,50000.0,Free,0.0,Everyone,Productivity,2016-07-24,1.1,4.0.3 and up
F-Secure SAFE,TOOLS,4.3,9433,9.3,500000.0,Free,0.0,Everyone,Tools,2018-07-30,0.0,5.0 and up
MHD F-Series,AUTO_AND_VEHICLES,4.9,73,23.0,1000.0,Free,0.0,Everyone,Auto & Vehicles,2018-06-05,0.994,3.2 and up
F-Secure AV Test,TOOLS,4.5,1250,241.0,50000.0,Free,0.0,Everyone,Tools,2018-03-06,0.0,4.0.3 and up
FMS,TOOLS,4.2,13096,9.2,500000.0,Free,0.0,Everyone,Tools,2018-07-30,0.0,5.0 and up
f'east,LIFESTYLE,3.8,38,4.8,5000.0,Free,0.0,Everyone,Lifestyle,2018-04-17,0.0,4.0 and up
Speech Therapy: F,FAMILY,1.0,1,16.0,10.0,Paid,2.99,Everyone,Education,2016-10-07,1.0,2.3.3 and up
H-AW,WEATHER,4.4,6495,40.0,100000.0,Free,0.0,Teen,Weather,2018-07-12,0.0,4.4 and up
F & M Mobile Banking,FINANCE,4.0,43,13.0,5000.0,Free,0.0,Everyone,Finance,2018-02-20,0.0,4.0 and up
REOAF,FAMILY,4.4,20368,31.0,500000.0,Free,0.0,Teen,Role Playing,2016-12-15,0.0,2.3 and up
R+F PULSE,BUSINESS,3.4,58,3.0,10000.0,Free,0.0,Everyone,Business,2017-04-21,1.0,4.4 and up
FFFB,BUSINESS,3.8,183,9.9,50000.0,Free,0.0,Everyone,Business,2018-07-16,0.0,4.0.3 and up
F(R,HEALTH_AND_FITNESS,3.7,5559,3.7,500000.0,Free,0.0,Everyone,Health & Fitness,2016-03-15,22.0,4.0.3 and up
AFP,PHOTOGRAPHY,4.1,41,11.0,500.0,Paid,1.49,Everyone,Photography,2016-07-19,3.1,4.4 and up
Geometry Dash World,GAME,4.6,759838,63.0,10000000.0,Free,0.0,Everyone,Arcade,2017-12-22,1.03,4.0 and up
CDCTFO°T°,TOOLS,4.4,51,2.1,5000.0,Free,0.0,Everyone,Tools,2018-05-21,0.0,4.0 and up
F-Gas Solutions,BUSINESS,4.2,127,1.4,10000.0,Free,0.0,Everyone,Business,2016-10-07,0.0,4.0 and up
PUBG MOBILE,GAME,4.4,3697174,36.0,50000000.0,Free,0.0,Teen,Action,2018-07-24,0.0,4.3 and up
GV-MG,GAME,4.5,4830407,32.0,50000000.0,Free,0.0,Mature 17+,Action,2018-05-25,0.0,Varies with device
Granny,GAME,4.5,1128805,59.0,50000000.0,Free,0.0,Teen,Arcade,2018-05-29,0.0,4.0 and up
Offroad Car G,FAMILY,4.3,64884,37.0,5000000.0,Free,0.0,Everyone,Simulation,2016-07-12,1.0,2.3.3 and up
Google Now Launcher,TOOLS,4.2,857215,7.9,100000000.0,Free,0.0,Everyone,Tools,2017-12-07,0.0,4.1 - 7.1.1
Rolling G Sky,GAME,3.6,2065,25.0,100000.0,Free,0.0,Everyone,Adventure,2017-01-25,1.0,2.3.3 and up
G-Switch 2,GAME,4.4,12683,19.0,1000000.0,Free,0.0,Everyone,Action,2018-02-05,1.1,2.3 and up
G-Switch 3,GAME,4.6,3656,39.0,100000.0,Free,0.0,Everyone,Action,2018-03-15,0.0,3.0 and up
GCABK*R,TOOLS,4.5,1034,196.0,5000.0,Paid,4.99,Everyone,Tools,2013-09-08,1.1,2.2 and up
SG-IS-WA,SOCIAL,4.4,120,2.3,10000.0,Free,0.0,Teen,Social,2017-10-05,1.0,4.0.3 and up
NL3TH,PERSONALIZATION,4.2,59,8.1,1000.0,Paid,1.7,Everyone,Personalization,2015-08-16,1.05,2.2 and up
WR3,SPORTS,4.3,989344,51.0,50000000.0,Free,0.0,Teen,Sports,2018-07-23,1.64,4.0 and up
G-Playlists,TOOLS,1.8,53,3.4,1000.0,Paid,1.49,Everyone,Tools,2018-05-19,1.91,4.0.3 and up
G-Switch,GAME,3.8,4116,8.8,100000.0,Free,0.0,Everyone,Action,2015-09-01,0.0,2.3 and up
Offroad G-Class 2018,FAMILY,4.4,7715,28.0,500000.0,Free,0.0,Everyone,Simulation,2018-06-29,1.7,4.1 and up
R-CLGT,PRODUCTIVITY,3.4,5,11.0,100.0,Paid,2.99,Everyone,Productivity,2016-09-26,2.0,3.2 and up
GDA,SPORTS,4.6,10,6.1,100.0,Paid,3.88,Everyone,Sports,2013-04-10,1.0,2.3.3 and up
My G:,MAPS_AND_NAVIGATION,3.7,96,14.0,10000.0,Free,0.0,Everyone,Maps & Navigation,2017-11-14,0.0,4.1 and up
G-SHOCK Connected,LIFESTYLE,3.0,543,94.0,50000.0,Free,0.0,Everyone,Lifestyle,2018-07-02,0.0,5.0 and up
Go,PERSONALIZATION,4.6,89,11.0,5000.0,Paid,0.99,Everyone,Personalization,2017-10-21,0.0,4.0.3 and up
G-Homa,LIFESTYLE,3.1,777,14.0,50000.0,Free,0.0,Everyone,Lifestyle,2018-05-04,0.0,4.0 and up
G-NetTrack Pro,TOOLS,4.3,255,1.6,5000.0,Paid,14.99,Everyone,Tools,2018-07-25,14.6,4.0 and up
GT2FLVLG,PERSONALIZATION,4.3,25,15.0,500.0,Paid,1.49,Everyone,Personalization,2017-12-13,0.0,7.0 and up
SWGM,TOOLS,3.8,415,2.7,50000.0,Free,0.0,Everyone,Tools,2017-06-01,7.0,2.3 and up
AWFAWSW,LIFESTYLE,4.5,231,5.7,5000.0,Paid,0.99,Everyone,Lifestyle,2017-12-24,0.0,4.3 and up
Radial-G : Infinity,GAME,3.6,517,47.0,50000.0,Free,0.0,Everyone,Arcade,2015-12-07,1.4,4.1 and up
DTGBG,PERSONALIZATION,4.2,33,857.0,500.0,Paid,1.49,Everyone,Personalization,2016-01-01,2.0,4.0 and up
G-REMOTE,HOUSE_AND_HOME,4.5,30,25.0,1000.0,Free,0.0,Everyone,House & Home,2018-08-01,2.4,4.0.3 and up
Car G-Force Meter,TOOLS,4.2,184,1.3,10000.0,Free,0.0,Everyone,Tools,2017-07-29,2.23,4.0 and up
G-NetWiFi Pro,TOOLS,3.3,6,1.5,100.0,Paid,5.99,Everyone,Tools,2018-06-18,3.2,4.0 and up
Helix Jump,GAME,4.2,1485806,33.0,100000000.0,Free,0.0,Everyone,Action,2018-04-09,0.0,4.1 and up
HT(B,TOOLS,4.3,99290,3.9,5000000.0,Free,0.0,Everyone,Tools,2017-12-05,3.12,2.3 and up
Offroad Car H,FAMILY,4.2,1960,87.0,100000.0,Free,0.0,Everyone,Simulation,2017-10-06,1.4,2.3 and up
H&M,LIFESTYLE,3.7,41917,14.0,10000000.0,Free,0.0,Everyone,Lifestyle,2018-07-30,0.0,4.4 and up
Guns - Shot Sounds,FAMILY,3.8,29544,10.0,10000000.0,Free,0.0,Everyone,Entertainment,2018-07-25,3.15,4.0 and up
HPlus,HEALTH_AND_FITNESS,2.9,1786,5.9,100000.0,Free,0.0,Everyone,Health & Fitness,2018-06-12,0.0,4.4 and up
Geometry Dash Lite,GAME,4.5,6181640,58.0,100000000.0,Free,0.0,Everyone,Arcade,2017-12-22,2.2,4.0 and up
DC-B(,TOOLS,4.3,123,1.9,5000.0,Free,0.0,Everyone,Tools,2017-09-30,1.2,4.0 and up
H*nest Meditation,LIFESTYLE,4.9,145,48.0,5000.0,Paid,1.99,Mature 17+,Lifestyle,2016-04-07,1.0,4.0.3 and up
CDSD,GAME,4.4,19816,57.0,1000000.0,Free,0.0,Everyone,Racing,2017-11-03,0.0,4.4 and up
D-HCDH,COMMUNICATION,4.4,9,51.0,500.0,Paid,3.99,Everyone,Communication,2017-02-08,3.6,2.2 and up
صور حرف H,ART_AND_DESIGN,4.4,13,4.5,1000.0,Free,0.0,Everyone,Art & Design,2018-03-27,2.0,4.0.3 and up
H Band 2.0,HEALTH_AND_FITNESS,2.9,4031,8.9,500000.0,Free,0.0,Everyone,Health & Fitness,2018-06-15,0.0,4.4 and up
H!LooK - Dating,DATING,4.2,46,26.0,10000.0,Free,0.0,Mature 17+,Dating,2018-07-29,0.0,5.0 and up
H-Connect,HEALTH_AND_FITNESS,4.0,50,15.0,5000.0,Free,0.0,Everyone,Health & Fitness,2018-07-03,2.14,4.4 and up
MEA(,FAMILY,4.3,6,1.5,100.0,Paid,399.99,Everyone,Entertainment,2018-07-16,1.0,7.0 and up
AntennaPict β,COMMUNICATION,4.3,15439,2.2,1000000.0,Free,0.0,Everyone,Communication,2016-11-07,0.0,2.3 and up
EC4F,FAMILY,3.9,38,42.0,5000.0,Free,0.0,Everyone,Entertainment,2018-04-06,0.0,4.1 and up
H TV,FAMILY,4.3,103064,5.6,5000000.0,Free,0.0,Everyone,Entertainment,2018-07-05,0.0,2.3.3 and up
H Band,HEALTH_AND_FITNESS,4.0,214,8.9,10000.0,Free,0.0,Everyone,Health & Fitness,2018-06-13,0.0,4.4 and up
TWEWY,GAME,4.6,4108,13.0,10000.0,Paid,17.99,Everyone 10+,Arcade,2015-12-14,0.0,4.0 and up
MJX H,FAMILY,3.7,126,13.0,10000.0,Free,0.0,Everyone,Entertainment,2017-08-22,1.020170819,4.1 and up
H-TX,PERSONALIZATION,4.6,621,5.4,50000.0,Free,0.0,Everyone,Personalization,2017-12-01,0.2,4.4 and up
RCPHTR,GAME,4.4,3250,27.0,1000000.0,Free,0.0,Everyone,Racing,2018-07-19,1.2,4.0 and up
"A""PLS",PERSONALIZATION,4.5,2,3.0,100.0,Free,0.0,Everyone,Personalization,2017-12-21,1.0,4.1 and up
Ohio State Fair 4-H,FAMILY,3.0,4,19.0,1000.0,Free,0.0,Everyone,Entertainment,2018-02-07,0.0,4.1 and up
LHMA,PRODUCTIVITY,3.1,67,8.3,10000.0,Free,0.0,Everyone,Productivity,2018-07-18,0.0,4.0.3 and up
Talking Ben the Dog,FAMILY,4.3,1633565,57.0,100000000.0,Free,0.0,Everyone,Entertainment,2018-07-03,0.0,4.1 and up
Add-On: Alcatel (h),PRODUCTIVITY,4.5,107,1.2,50000.0,Free,0.0,Everyone,Productivity,2015-05-19,0.0,4.0 and up
MADS&H,FAMILY,4.5,681,2.8,50000.0,Free,0.0,Everyone,Education,2015-11-20,1.1,2.3 and up
ADMIRALTY H-Note,BUSINESS,4.5,176,19.0,10000.0,Free,0.0,Everyone,Business,2016-10-25,2.0,5.0 and up
Force LTE Only,TOOLS,4.1,10426,7.2,1000000.0,Free,0.0,Everyone,Tools,2018-02-04,1.4,4.0 and up
Talking Ginger,FAMILY,4.2,1752017,52.0,100000000.0,Free,0.0,Everyone,Entertainment,2018-07-05,0.0,4.1 and up
MDS3,GAME,3.9,178723,65.0,10000000.0,Free,0.0,Everyone,Racing,2016-12-25,4.1,2.3.3 and up
Helix,GAME,3.9,2454,37.0,500000.0,Free,0.0,Everyone,Arcade,2017-09-10,1.2,4.0 and up
MNT,TOOLS,3.9,19758,2.9,5000000.0,Free,0.0,Everyone,Tools,2018-01-14,2.7,4.0 and up
IAND-MN,FAMILY,4.2,3133,34.0,500000.0,Free,0.0,Everyone,Casual,2016-01-04,0.0,3.1 and up
WWIIMPL,FAMILY,3.7,7453,6.5,1000000.0,Free,0.0,Everyone,Entertainment,2017-12-19,2.1,4.1 and up
How Old am I?,FAMILY,2.8,4635,3.9,1000000.0,Free,0.0,Everyone,Entertainment,2018-01-01,1.7,4.0 and up
I Screen Dialer,TOOLS,4.1,8137,3.9,1000000.0,Free,0.0,Everyone,Tools,2018-02-25,1.11,4.3 and up
WMWF,FAMILY,4.4,1372013,57.0,100000000.0,Free,0.0,Everyone,Puzzle;Brain Games,2017-11-21,0.0,4.1 and up
How Do I Look,PHOTOGRAPHY,2.7,3032,2.8,500000.0,Free,0.0,Everyone,Photography,2017-12-08,1.3,3.0 and up
Solitaire!,GAME,4.7,403911,23.0,10000000.0,Free,0.0,Everyone,Card,2018-06-24,0.0,4.1 and up
IP-OGA,GAME,4.2,249308,55.0,10000000.0,Free,0.0,Everyone,Arcade,2017-09-07,5.26,2.3 and up
Sonic Dash,GAME,4.5,3777822,75.0,100000000.0,Free,0.0,Everyone,Arcade,2018-07-26,0.0,4.1 and up
IPPK:,SPORTS,4.4,29864,40.0,1000000.0,Free,0.0,Everyone,Sports,2018-07-26,2.5,4.1 and up
LINE I Love Coffee,FAMILY,4.0,250257,50.0,5000000.0,Free,0.0,Everyone,Simulation,2016-11-16,0.0,2.3.3 and up
TFTC&PN,COMMUNICATION,4.1,132015,25.0,10000000.0,Free,0.0,Everyone,Communication,2018-07-18,6.1,4.2 and up
Instachat 😜,SOCIAL,4.0,80987,25.0,5000000.0,Free,0.0,Teen,Social,2018-07-30,0.0,4.4 and up
FBFRFL,SOCIAL,4.7,896118,6.6,5000000.0,Free,0.0,Everyone,Social,2017-10-09,0.0,4.1 and up
NinJump,GAME,4.3,421000,36.0,10000000.0,Free,0.0,Everyone,Arcade,2018-06-13,0.0,4.1 and up
Zombie Catchers,GAME,4.7,989158,75.0,10000000.0,Free,0.0,Everyone,Action,2018-05-24,0.0,4.1 and up
FFI,SOCIAL,4.4,90082,8.8,1000000.0,Free,0.0,Everyone,Social,2018-05-22,2.44,4.1 and up
I LOVE PASTA,FAMILY,4.0,83875,43.0,1000000.0,Free,0.0,Everyone,Simulation,2017-09-08,0.0,2.3.3 and up
Fidget Spinner,GAME,4.2,307398,9.9,10000000.0,Free,0.0,Everyone,Arcade,2017-11-30,0.0,2.1 and up
Jetpack Joyride,GAME,4.4,4637439,96.0,100000000.0,Free,0.0,Everyone 10+,Arcade,2018-07-19,0.0,4.1 and up
J Touch,TOOLS,4.6,2176,953.0,100000.0,Free,0.0,Everyone,Tools,2018-08-01,0.0,4.1 and up
J-Novel Club,FAMILY,3.3,162,9.0,10000.0,Free,0.0,Teen,Entertainment,2017-10-22,1.2,4.1 and up
AOS5:Z,GAME,4.5,547644,23.0,50000000.0,Free,0.0,Teen,Action,2018-08-03,0.0,2.3 and up
J - Style Pro,HEALTH_AND_FITNESS,2.3,74,2.6,10000.0,Free,0.0,Everyone,Health & Fitness,2016-01-20,1.1,4.3 and up
Cook Baked Lasagna,FAMILY,4.2,56259,23.0,10000000.0,Free,0.0,Everyone,Casual,2018-03-14,4.0,4.0 and up
Tom's Love Letters,FAMILY,4.1,705805,35.0,50000000.0,Free,0.0,Everyone,Entertainment,2018-04-30,0.0,4.1 and up
CTRFF,FAMILY,4.4,2122705,49.0,100000000.0,Free,0.0,Everyone,Puzzle,2018-07-05,0.0,4.1 and up
Mali J,SOCIAL,3.2,185,4.7,10000.0,Free,0.0,Teen,Social,2017-10-20,0.0,4.1 and up
Cut the Rope GOLD,FAMILY,4.6,61264,43.0,1000000.0,Paid,0.99,Everyone,Puzzle,2018-06-19,0.0,4.1 and up
Turbo FAST,FAMILY,4.3,1329008,97.0,50000000.0,Free,0.0,Everyone,Racing;Action & Adventure,2017-10-04,0.0,2.3.3 and up
JCRWH,PERSONALIZATION,4.1,8,3.1,1000.0,Free,0.0,Everyone,Personalization,2018-01-11,1.0,4.1 and up
KFSXJ,PERSONALIZATION,4.1,797,6.7,50000.0,Free,0.0,Everyone,Personalization,2018-07-29,0.0,4.0.3 and up
Harris J Lyrics,FAMILY,4.7,36,7.1,1000.0,Free,0.0,Everyone,Entertainment,2018-03-12,1.3,4.0.3 and up
Smart TV Remote,TOOLS,3.5,81747,9.1,10000000.0,Free,0.0,Everyone,Tools,2018-05-26,0.0,4.1 and up
J.ME Fly,FAMILY,3.9,28,98.0,1000.0,Free,0.0,Everyone,Entertainment,2018-05-31,0.0,4.4 and up
JVVG,GAME,4.1,609,13.0,10000.0,Free,0.0,Everyone,Action,2014-05-14,1.7,2.2 and up
2BJHKPG,FAMILY,4.7,17,2.4,1000.0,Free,0.0,Everyone,Puzzle,2017-09-26,1.0,2.3.3 and up
JCA(,FAMILY,4.6,7,7.3,1000.0,Free,0.0,Mature 17+,Entertainment,2018-04-11,1.3,4.0.3 and up
JDIST,PERSONALIZATION,4.5,164,33.0,10000.0,Free,0.0,Everyone,Personalization,2018-07-19,4.3,6.0 and up
BJWKFH,PERSONALIZATION,4.7,98,3.4,10000.0,Free,0.0,Everyone,Personalization,2018-05-19,0.0,4.0 and up
BJLLT,PERSONALIZATION,4.9,934,3.8,10000.0,Free,0.0,Everyone,Personalization,2014-10-17,4.1,4.0.3 and up
K Health,HEALTH_AND_FITNESS,4.1,290,40.0,50000.0,Free,0.0,Teen,Health & Fitness,2018-07-22,0.0,4.1 and up
CIRCLE K,SHOPPING,4.4,9140,14.0,500000.0,Free,0.0,Everyone,Shopping,2018-07-31,0.0,4.4 and up
KKH,GAME,4.3,1017408,34.0,10000000.0,Free,0.0,Teen,Adventure,2018-07-16,0.0,4.0 and up
SWPTG,FAMILY,4.4,1185,40.0,100000.0,Free,0.0,Everyone,Educational;Education,2018-06-17,0.0,4.1 and up
[KFK,PERSONALIZATION,4.5,14,11.0,1000.0,Free,0.0,Everyone,Personalization,2018-07-31,31.0,7.0 and up
KAFKF,SOCIAL,4.6,4046,63.0,100000.0,Free,0.0,Teen,Social,2018-07-13,0.0,4.0.3 and up
K keyboard - Myanmar,TOOLS,4.8,1955,14.0,100000.0,Free,0.0,Everyone,Tools,2018-03-17,0.0,4.1 and up
ZKMG,FAMILY,4.3,1065,61.0,100000.0,Free,0.0,Everyone,Educational;Education,2018-05-13,0.0,4.1 and up
KAFKE,SOCIAL,4.8,19047,63.0,100000.0,Free,0.0,Teen,Social,2018-07-13,0.0,4.0.3 and up
K.MOJI,FAMILY,4.8,16,8.9,500.0,Paid,1.99,Everyone,Entertainment,2017-05-09,1.0,4.2 and up
K-Chiing VPN (Free),TOOLS,3.7,43,10.0,5000.0,Free,0.0,Mature 17+,Tools,2018-07-24,0.0,4.1 and up
Preschool All-In-One,FAMILY,4.1,9019,44.0,1000000.0,Free,0.0,Everyone,Casual;Education,2018-03-28,6.6,4.0 and up
OST),FAMILY,3.7,4444,10.0,500000.0,Free,0.0,Everyone,Entertainment,2018-07-06,0.0,4.1 and up
KMQ(G,FAMILY,4.2,6418,59.0,100000.0,Free,0.0,Everyone,Casual,2017-05-08,1.3,4.1 and up
Radio K - KUOM,FAMILY,4.5,39,7.4,1000.0,Free,0.0,Everyone,Entertainment,2018-03-09,0.0,4.1 and up
MGFP-G4,FAMILY,4.6,28,23.0,1000.0,Paid,1.99,Everyone,Education;Education,2014-01-13,1.02,2.2 and up
PVEA4SM&M,VIDEO_PLAYERS,4.5,712737,50.0,10000000.0,Free,0.0,Everyone,Video Players & Editors,2018-07-24,0.0,4.3 and up
FNPNF,FAMILY,4.7,21,44.0,1000.0,Paid,5.99,Everyone,Education;Education,2017-07-21,1.3,4.1 and up
K-Otic Universe,FAMILY,4.9,55,40.0,1000.0,Free,0.0,Everyone,Puzzle,2018-08-03,108.0,4.1 and up
MT-TE(,GAME,4.4,2351,62.0,100000.0,Free,0.0,Everyone,Music,2018-07-25,1009001.0,4.0 and up
CKMES,FAMILY,4.6,60,2.1,10000.0,Free,0.0,Everyone,Education,2016-05-01,1.0,2.2 and up
NCKANS,LIFESTYLE,4.0,42,26.0,5000.0,Free,0.0,Everyone,Lifestyle,2018-07-06,0.0,4.4 and up
KTKA,FAMILY,4.8,39,3.6,1000.0,Free,0.0,Everyone,Education,2017-02-09,1.53,4.0.3 and up
MQFGK,FAMILY,4.3,159,13.0,10000.0,Free,0.0,Everyone,Education;Education,2015-02-03,1.0,4.0 and up
KM(,COMMUNICATION,4.4,64,4.5,5000.0,Free,0.0,Teen,Communication,2017-03-27,5.206,5.0 and up
DKPE,FAMILY,4.2,11263,35.0,1000000.0,Free,0.0,Everyone,Entertainment;Music & Video,2018-05-03,0.0,4.0.3 and up
MT-BE(,GAME,4.6,4304,71.0,100000.0,Free,0.0,Everyone,Music,2018-06-20,1900001.0,4.0 and up
Anna.K Tarot,FAMILY,4.8,17,23.0,100.0,Paid,3.99,Mature 17+,Entertainment,2017-01-16,0.0,4.0.3 and up
K-pop Music,FAMILY,4.0,369,3.5,10000.0,Free,0.0,Everyone,Entertainment,2017-01-11,0.0,2.3 and up
Daily K-Talk,FAMILY,4.3,264,60.0,10000.0,Free,0.0,Everyone,Education,2018-07-31,0.0,2.3 and up
KDK1,GAME,4.7,703,40.0,10000.0,Free,0.0,Everyone 10+,Word,2017-11-17,0.0,4.1 and up
Talking Tom Gold Run,GAME,4.6,2694969,78.0,100000000.0,Free,0.0,Everyone,Action,2018-07-31,0.0,4.1 and up
LB&SUSC&RE,SHOPPING,4.5,972256,20.0,50000000.0,Free,0.0,Teen,Shopping,2018-08-02,0.0,4.1 and up
L-엘[포멤적사모카쿠롯,LIFESTYLE,4.0,45224,49.0,5000000.0,Free,0.0,Everyone,Lifestyle,2018-08-01,0.0,4.1 and up
Love Balls,FAMILY,4.2,357049,40.0,50000000.0,Free,0.0,Everyone,Puzzle,2018-07-31,0.0,4.1 and up
SpongeBob Diner Dash,FAMILY,4.0,576210,48.0,50000000.0,Free,0.0,Everyone,Casual,2013-08-22,0.0,2.3.3 and up
LDOES,GAME,4.5,2308916,87.0,10000000.0,Free,0.0,Teen,Action,2018-08-01,0.0,4.1 and up
"Messenger L SMS, MMS",PERSONALIZATION,4.0,6263,20.0,500000.0,Free,0.0,Everyone,Personalization,2018-07-12,7.46,2.3 and up
Tom Loves Angela,FAMILY,4.1,1111915,50.0,100000000.0,Free,0.0,Everyone,Entertainment,2018-04-30,0.0,4.1 and up
EXO-L,FAMILY,4.6,67410,865.0,1000000.0,Free,0.0,Everyone,Entertainment,2017-11-02,0.0,2.2 and up
Lie Detector,FAMILY,3.1,306,2.9,50000.0,Free,0.0,Everyone,Simulation,2017-04-04,0.0,4.0.3 and up
EAFEF,SOCIAL,4.9,5677,67.0,50000.0,Free,0.0,Teen,Social,2018-07-13,0.0,4.0.3 and up
Calculator L,PRODUCTIVITY,4.5,2965,2.4,100000.0,Free,0.0,Everyone,Productivity,2015-05-10,0.0,4.3 and up
MT-CP,FAMILY,4.0,155276,61.0,10000000.0,Free,0.0,Everyone,Role Playing;Pretend Play,2018-06-18,0.0,4.1 and up
EALK,PRODUCTIVITY,4.0,11535,6.8,1000000.0,Free,0.0,Everyone,Productivity,2017-12-07,1.42,4.0 and up
LKLP,PERSONALIZATION,3.6,5525,2.6,500000.0,Free,0.0,Everyone,Personalization,2016-06-06,1.6,2.3 and up
FTES-ALA,FAMILY,4.5,4251,13.0,1000000.0,Free,0.0,Everyone,Education,2018-04-27,23.0,4.0.3 and up
ASBBC&FG,GAME,4.2,1185148,29.0,100000000.0,Free,0.0,Everyone,Arcade,2018-08-01,9.55,4.0.3 and up
CT3-GS,GAME,4.3,90415,84.0,10000000.0,Free,0.0,Everyone,Arcade,2018-07-24,0.0,4.1 and up
Clock L,PERSONALIZATION,3.9,2852,5.4,100000.0,Free,0.0,Everyone,Personalization,2015-09-07,1.3,4.0 and up
Dialer theme Droid L,PERSONALIZATION,4.3,1734,2.8,100000.0,Free,0.0,Mature 17+,Personalization,2016-04-02,4.0,4.0.3 and up
SPEED L,SHOPPING,4.3,85,2.9,50000.0,Free,0.0,Everyone,Shopping,2018-06-26,1.24,4.4 and up
LDTP,FAMILY,4.4,222308,6.9,10000000.0,Free,0.0,Everyone,Entertainment,2018-07-31,0.0,4.4 and up
Xbox,FAMILY,4.3,556659,46.0,10000000.0,Free,0.0,Everyone,Entertainment,2018-06-20,0.0,4.1 and up
JPA-ALAC,FAMILY,4.4,499,27.0,100000.0,Free,0.0,Everyone,Education,2018-03-13,2.4,4.0.3 and up
MSRFS,VIDEO_PLAYERS,4.4,953894,37.0,10000000.0,Free,0.0,Everyone,Video Players & Editors,2018-04-26,0.0,Varies with device
MapleStory M,FAMILY,3.5,31538,82.0,1000000.0,Free,0.0,Everyone 10+,Role Playing,2018-07-24,0.0,4.4 and up
M-Files,BUSINESS,4.4,236,44.0,10000.0,Free,0.0,Everyone,Business,2018-06-26,0.0,4.4 and up
ML-6,PERSONALIZATION,4.4,37234,7.3,1000000.0,Free,0.0,Everyone,Personalization,2018-03-22,0.0,4.1 and up
MSRFL-RC,VIDEO_PLAYERS,4.5,58820,37.0,1000000.0,Free,0.0,Everyone,Video Players & Editors,2018-04-26,0.0,4.4 and up
M-YOVMA,PHOTOGRAPHY,4.4,758780,53.0,50000000.0,Free,0.0,Everyone,Photography,2018-08-03,0.0,4.0.3 and up
MR2,GAME,4.4,596,44.0,100000.0,Free,0.0,Everyone,Arcade,2017-02-12,101.0,4.0 and up
360-M Flight,TOOLS,3.9,84,24.0,10000.0,Free,0.0,Everyone,Tools,2017-12-14,2.18,4.0.3 and up
M3CR,GAME,3.9,1202,34.0,100000.0,Free,0.0,Everyone,Racing,2018-06-28,1.6,4.1 and up
M+,NEWS_AND_MAGAZINES,4.9,198,9.1,10000.0,Free,0.0,Everyone,News & Magazines,2018-05-29,0.0,5.0 and up
SHMCR,GAME,3.7,303,38.0,100000.0,Free,0.0,Everyone,Arcade,2017-07-12,1.6,4.0.3 and up
M-Sight Pro,VIDEO_PLAYERS,3.3,30,15.0,5000.0,Free,0.0,Everyone,Video Players & Editors,2018-07-25,0.0,4.0 and up
💎 I'm rich,LIFESTYLE,3.8,718,26.0,10000.0,Paid,399.99,Everyone,Lifestyle,2018-03-11,0.0,4.4 and up
DHMISS,GAME,3.5,901,63.0,50000.0,Free,0.0,Everyone,Adventure,2018-06-08,0.0,2.3 and up
GTS-M,TOOLS,4.2,38,251.0,5000.0,Free,0.0,Everyone,Tools,2017-01-26,1.4,1.6 and up
M star Dialer,COMMUNICATION,3.5,400,4.2,100000.0,Free,0.0,Everyone,Communication,2017-03-20,0.0,2.2 and up
IR-TE,LIFESTYLE,3.6,275,7.3,10000.0,Paid,400.0,Everyone,Lifestyle,2018-05-03,0.0,4.1 and up
IE-PA,HEALTH_AND_FITNESS,4.6,71266,49.0,1000000.0,Free,0.0,Everyone,Health & Fitness,2018-03-30,0.0,4.0.3 and up
Free WiFi Connect,COMMUNICATION,3.9,167229,9.7,10000000.0,Free,0.0,Everyone,Communication,2018-03-31,8.1,4.1 and up
MNFML,TOOLS,4.2,2803,1.4,100000.0,Free,0.0,Everyone,Tools,2017-02-15,0.0,4.0 and up
MT-DGIP,PERSONALIZATION,4.2,202,4.9,10000.0,Free,0.0,Everyone,Personalization,2016-11-16,0.0,3.0 and up
m-Faisaa,FINANCE,4.0,142,6.2,10000.0,Free,0.0,Everyone,Finance,2018-07-13,5.3,4.0.3 and up
m:go BiH,COMMUNICATION,3.2,559,6.0,10000.0,Free,0.0,Everyone,Communication,2018-07-25,3.4,3.0 and up
LS(A,MEDICAL,2.4,102,1.2,10000.0,Free,0.0,Everyone,Medical,2017-07-09,1.2,4.4 and up
M-YMA,AUTO_AND_VEHICLES,4.5,189,16.0,10000.0,Free,0.0,Everyone,Auto & Vehicles,2018-07-03,0.0,6.0 and up
Rope'n'Fly 4,GAME,4.1,234606,59.0,10000000.0,Free,0.0,Everyone,Action,2018-01-29,3.1,2.3 and up
NLNT,PERSONALIZATION,4.2,128,7.7,10000.0,Free,0.0,Everyone,Personalization,2017-06-13,1.0,4.1 and up
DICNP,FAMILY,3.7,10035,30.0,1000000.0,Free,0.0,Teen,Simulation,2018-05-23,2.07,4.1 and up
NLP-N7,PERSONALIZATION,4.3,2538,6.4,100000.0,Paid,2.99,Everyone,Personalization,2018-03-23,0.0,4.1 and up
CNR-FMG,GAME,4.2,156862,64.0,5000000.0,Free,0.0,Everyone 10+,Action,2018-07-31,0.0,4.1 and up
Cops N Robbers 2,GAME,4.1,63680,46.0,1000000.0,Free,0.0,Everyone 10+,Adventure,2018-06-02,0.0,4.1 and up
H'GS,FAMILY,3.9,19727,76.0,1000000.0,Free,0.0,Teen,Simulation,2018-07-03,32.0,4.1 and up
HNS:MG,GAME,3.8,4719,54.0,500000.0,Free,0.0,Everyone,Action,2018-07-08,0.0,4.1 and up
NL-N7,PERSONALIZATION,4.4,32597,8.4,1000000.0,Free,0.0,Everyone,Personalization,2018-05-24,0.0,4.1 and up
Cook'n Recipe App,LIFESTYLE,3.4,552,22.0,10000.0,Free,0.0,Everyone,Lifestyle,2018-08-02,0.0,4.4 and up
R3-DTD,GAME,4.0,166033,23.0,10000000.0,Free,0.0,Everyone 10+,Arcade,2018-01-31,3.6,2.3 and up
Tap N Pay,PRODUCTIVITY,4.4,253,8.2,10000.0,Free,0.0,Everyone,Productivity,2018-07-31,0.0,4.1 and up
N-Com Wizard,COMMUNICATION,3.3,960,3.8,50000.0,Free,0.0,Everyone,Communication,2017-09-21,0.0,2.3.3 and up
Drag'n'Boom,GAME,4.8,133180,54.0,1000000.0,Free,0.0,Everyone 10+,Arcade,2018-01-12,0.0,4.4 and up
Traps n' Gemstones,GAME,4.5,413,9.1,1000.0,Paid,4.99,Everyone,Adventure,2017-05-17,1.04,4.0.3 and up
Shop 'n Save,SHOPPING,3.4,620,40.0,100000.0,Free,0.0,Everyone,Shopping,2018-03-13,0.0,4.1 and up
DN-BG,FAMILY,4.3,817,28.0,100000.0,Free,0.0,Everyone,Educational,2018-05-25,0.0,4.1 and up
NF-FM&E,PRODUCTIVITY,4.3,369,11.0,10000.0,Free,0.0,Everyone,Productivity,2018-07-18,0.0,4.1 and up
GZP,FAMILY,4.1,313,34.0,5000.0,Paid,2.99,Everyone 10+,Strategy,2016-07-15,0.0,2.3.3 and up
Cops N Robbers,GAME,4.0,37789,58.0,1000000.0,Free,0.0,Teen,Adventure,2018-06-06,0.0,4.1 and up
Guns'n'Glory Premium,FAMILY,4.4,3570,21.0,100000.0,Paid,2.99,Everyone 10+,Strategy,2017-09-22,0.0,2.3.3 and up
MSNSF,FAMILY,3.8,48929,45.0,5000000.0,Free,0.0,Everyone,Educational;Education,2017-09-08,0.0,4.0 and up
Guns'n'Glory,FAMILY,4.4,89947,22.0,5000000.0,Free,0.0,Everyone 10+,Strategy,2018-02-09,0.0,4.0 and up
GGM,GAME,3.8,466,28.0,10000.0,Paid,0.99,Everyone,Arcade,2017-03-28,0.0,4.1 and up
Mopar Drag N Brag,GAME,4.2,30630,17.0,1000000.0,Free,0.0,Everyone,Racing,2015-05-25,0.0,4.1 and up
RUKB,FAMILY,3.8,7462,31.0,1000000.0,Free,0.0,Everyone,Education;Music & Video,2018-02-16,3.42,2.3 and up
DISTFAN&O,PERSONALIZATION,4.8,133,59.0,1000.0,Paid,2.49,Everyone,Personalization,2018-08-03,15.6,7.0 and up
FCM'C,FAMILY,4.7,8600,91.0,500000.0,Free,0.0,Everyone,Puzzle,2018-07-27,0.0,4.0.3 and up
Eat'n Park,LIFESTYLE,3.5,292,20.0,50000.0,Free,0.0,Everyone,Lifestyle,2017-12-18,0.0,4.0 and up
DNGM,GAME,3.9,29505,69.0,1000000.0,Free,0.0,Everyone,Word,2018-04-04,0.0,4.0.3 and up
CPCND,FAMILY,4.2,106,71.0,50000.0,Free,0.0,Everyone,Simulation,2018-02-26,1.8,4.0.3 and up
L'RP-AF,GAME,4.6,169,13.0,1000.0,Paid,0.99,Everyone,Card,2015-07-01,0.0,2.3.3 and up
RNCCS-VSG,GAME,4.7,6187,33.0,100000.0,Free,0.0,Teen,Casino,2018-07-27,0.0,4.0.3 and up
AOCNA,FAMILY,4.5,659,3.3,10000.0,Paid,3.99,Everyone,Strategy,2018-08-04,0.0,1.5 and up
Sketch 'n' go,VIDEO_PLAYERS,3.8,3965,6.4,100000.0,Free,0.0,Everyone,Video Players & Editors,2018-03-26,0.0,4.1 and up
GWP,FAMILY,4.5,4656,20.0,100000.0,Paid,2.99,Everyone 10+,Strategy,2017-12-08,0.0,4.0 and up
RNRMQG,GAME,3.7,80,7.6,10000.0,Free,0.0,Everyone,Trivia,2018-06-06,5.0,4.1 and up
C'LSK,FAMILY,3.5,205,62.0,50000.0,Free,0.0,Everyone,Educational;Education,2017-03-06,0.0,4.3 and up
Jump'N'Shoot Attack,GAME,4.1,155,32.0,1000.0,Paid,2.49,Everyone,Arcade,2018-05-26,1.2,4.1 and up
GGM,GAME,3.9,168,49.0,5000.0,Paid,1.99,Everyone 10+,Arcade,2017-05-18,0.0,4.1 and up
N-Back,FAMILY,4.1,413,930.0,10000.0,Free,0.0,Everyone,Puzzle,2016-02-15,1.6,2.1 and up
ON'T,GAME,4.6,1475,34.0,10000.0,Paid,4.99,Teen,Action,2018-01-02,0.0,5.0 and up
Knights N Squires,FAMILY,4.4,148826,49.0,1000000.0,Free,0.0,Teen,Role Playing,2018-06-19,0.0,4.0.3 and up
Planet O - Icon Pack,PERSONALIZATION,4.6,354,24.0,10000.0,Paid,0.99,Everyone,Personalization,2018-06-13,0.0,4.1 and up
The Noise-O-Meter,FAMILY,4.0,1699,72.0,100000.0,Free,0.0,Everyone,Entertainment;Music & Video,2017-10-18,0.0,4.3 and up
OL8FAOOL,TOOLS,4.4,11393,8.7,1000000.0,Free,0.0,Everyone,Tools,2018-07-27,3.9,4.4 and up
Stand O’Food® (Full),FAMILY,4.4,925,40.0,10000.0,Paid,1.99,Everyone,Casual,2014-12-26,1.5,2.3.3 and up
WiFi-o-Matic,PRODUCTIVITY,4.0,736,6.8,50000.0,Free,0.0,Everyone,Productivity,2018-02-01,0.0,4.1 and up
D(2,FAMILY,3.8,45,47.0,10000.0,Paid,2.49,Everyone,Entertainment,2018-07-16,1.2,5.0 and up
O Shopping,SHOPPING,3.9,671,3.6,100000.0,Free,0.0,Everyone,Shopping,2018-07-23,0.0,4.0.3 and up
ARFOG-NF,TOOLS,3.7,274,26.0,50000.0,Free,0.0,Everyone,Tools,2018-07-30,0.0,4.2 and up
O'Route Orienteering,SPORTS,4.2,6,1.3,100.0,Paid,3.02,Everyone,Sports,2017-12-27,0.0,3.0 and up
DTDG,GAME,4.1,140,45.0,50000.0,Free,0.0,Mature 17+,Card,2017-05-31,1.64,4.0.3 and up
MOK+E,PRODUCTIVITY,4.3,30443,540.0,1000000.0,Free,0.0,Everyone,Productivity,2018-07-03,0.0,2.1 and up
Google I/O 2018,BOOKS_AND_REFERENCE,4.3,22401,4.6,500000.0,Free,0.0,Everyone,Books & Reference,2018-05-07,0.0,5.0 and up
PKFNLOL&,PERSONALIZATION,4.1,324,313.0,5000.0,Paid,6.99,Everyone,Personalization,2017-08-20,5.1,5.1 and up
OLFAO8OL,PERSONALIZATION,4.4,14832,8.6,1000000.0,Free,0.0,Everyone,Personalization,2018-08-03,4.6,4.0 and up
Band O'Clock,LIFESTYLE,3.8,1140,746.0,100000.0,Free,0.0,Everyone,Lifestyle,2011-12-03,0.11,2.1 and up
O Launcher,TOOLS,4.3,2059,10.0,100000.0,Free,0.0,Everyone,Tools,2018-05-22,0.0,5.0 and up
Verdad o Reto,SOCIAL,3.8,826,5.1,500000.0,Free,0.0,Teen,Social,2018-05-10,2.0,4.1 and up
Pixlr-o-matic,PHOTOGRAPHY,4.5,180697,6.1,10000000.0,Free,0.0,Everyone,Photography,2017-04-25,0.0,2.1 and up
OPP&S(T2,FAMILY,3.8,589,28.0,100000.0,Free,0.0,Everyone,Education,2018-06-11,0.0,4.0.3 and up
OM-ACDAT,TOOLS,3.9,145,5.2,50000.0,Free,0.0,Everyone,Tools,2018-05-15,0.0,4.1 and up
The Maze Runner,GAME,4.0,428268,22.0,10000000.0,Free,0.0,Everyone,Action,2015-09-14,0.0,2.3 and up
PPSCM&PE,PHOTOGRAPHY,4.5,7590099,34.0,100000000.0,Free,0.0,Teen,Photography,2018-07-31,0.0,4.0.3 and up
PIPFP,PERSONALIZATION,4.4,38,51.0,1000.0,Free,0.0,Everyone,Personalization,2018-05-06,0.0,4.1 and up
AP|XT4I,PERSONALIZATION,4.6,29,39.0,100.0,Paid,1.99,Everyone,Personalization,2018-05-16,0.0,6.0 and up
P-Home for KLWP,PERSONALIZATION,5.0,4,12.0,100.0,Paid,0.99,Everyone,Personalization,2018-05-15,0.0,5.0 and up
SPLFAP9LT,TOOLS,4.4,2026,7.5,100000.0,Free,0.0,Everyone,Tools,2018-08-03,1.9,4.0 and up
pixiv,SOCIAL,4.2,86956,24.0,1000000.0,Free,0.0,Mature 17+,Social,2018-08-03,0.0,4.4 and up
[PP-E8T,PERSONALIZATION,4.0,13,19.0,100.0,Paid,0.99,Everyone,Personalization,2018-07-20,0.0,7.0 and up
TAPDFLV,PERSONALIZATION,4.2,35,5.2,500.0,Paid,1.49,Everyone,Personalization,2018-04-26,1.33,7.0 and up
TAPFLG&V,PERSONALIZATION,4.6,5,4.5,100.0,Paid,1.49,Everyone,Personalization,2018-07-07,1.1,8.0 and up
VSLAPVC,TOOLS,4.1,1129,1.7,10000.0,Paid,0.99,Everyone,Tools,2018-06-30,1.28,4.1 and up
PLFA9,PERSONALIZATION,3.9,35,6.3,5000.0,Free,0.0,Everyone,Personalization,2018-07-01,0.0,5.0 and up
TAPBDFLV,PERSONALIZATION,4.4,8,6.2,100.0,Paid,1.49,Everyone,Personalization,2018-04-06,1.1,7.0 and up
PLTFA9,PERSONALIZATION,3.9,213,28.0,10000.0,Free,0.0,Everyone,Personalization,2018-05-18,1.4,4.0 and up
TAPBFLG&V,PERSONALIZATION,4.6,5,4.3,100.0,Paid,1.49,Everyone,Personalization,2018-07-31,1.3,7.0 and up
PTFAP9SL,PERSONALIZATION,4.5,216,5.7,50000.0,Free,0.0,Everyone,Personalization,2018-04-13,1.4,4.1 and up
Android P 9.0,PERSONALIZATION,3.0,12,4.9,500.0,Free,0.0,Everyone,Personalization,2018-05-30,2.0,4.0.3 and up
Android P Wallpapers,PERSONALIZATION,3.6,53,2.0,5000.0,Free,0.0,Everyone,Personalization,2018-02-12,1.0,4.0.3 and up
PXT|DFS🎨,PERSONALIZATION,4.4,147,16.0,10000.0,Free,0.0,Everyone,Personalization,2018-05-28,0.0,4.4 and up
PS-MA&TF,PERSONALIZATION,4.6,3062845,7.4,100000000.0,Free,0.0,Everyone,Personalization,2018-08-03,0.0,4.0.3 and up
PL-A9PLS,TOOLS,4.3,1162,7.3,100000.0,Free,0.0,Everyone,Tools,2018-07-06,2.5,4.1 and up
APSIP,PERSONALIZATION,5.0,1,60.0,100.0,Paid,0.99,Everyone,Personalization,2018-06-16,1.0,4.1 and up
APSW,PERSONALIZATION,4.5,16,3.7,1000.0,Free,0.0,Everyone,Personalization,2018-08-01,0.0,5.0 and up
G[PDE8T,PERSONALIZATION,4.1,169,24.0,10000.0,Free,0.0,Everyone,Personalization,2018-03-25,7.0,4.4 and up
G[PE8T,PERSONALIZATION,4.1,720,10.0,100000.0,Free,0.0,Everyone,Personalization,2018-03-13,12.0,4.4 and up
AMGE8T,PERSONALIZATION,4.5,61,7.5,10000.0,Free,0.0,Everyone,Personalization,2018-04-04,4.0,4.4 and up
MPW,PERSONALIZATION,4.8,24,3.6,1000.0,Free,0.0,Everyone,Personalization,2018-08-03,2.244,5.0 and up
Android P Rotation,TOOLS,4.5,502,2.0,10000.0,Free,0.0,Everyone,Tools,2018-07-15,1.5,5.0 and up
APL9L,TOOLS,4.0,164,2.3,10000.0,Free,0.0,Everyone,Tools,2018-04-23,1.0,5.0 and up
PODWAU-IP,PERSONALIZATION,4.8,18,16.0,5000.0,Paid,1.49,Everyone,Personalization,2018-06-21,5.1,4.0.3 and up
PEPP,COMMUNICATION,3.7,21,20.0,500.0,Paid,0.99,Everyone,Communication,2018-07-30,0.0,5.0 and up
QAQDNR+,NEWS_AND_MAGAZINES,4.7,143,26.0,5000.0,Paid,0.99,Mature 17+,News & Magazines,2018-07-26,0.0,4.1 and up
TQ-LTGN,GAME,2.7,1486,14.0,100000.0,Free,0.0,Everyone,Trivia,2018-08-03,0.0,5.0 and up
Fossil Q,LIFESTYLE,2.9,6627,18.0,500000.0,Free,0.0,Everyone,Lifestyle,2018-08-01,0.0,4.4 and up
Q,FAMILY,4.2,69126,60.0,1000000.0,Free,0.0,Everyone,Puzzle,2018-04-19,0.0,4.0 and up
Q Cat Live Wallpaper,PERSONALIZATION,4.2,4383,7.1,500000.0,Free,0.0,Teen,Personalization,2015-03-16,2.7,2.3.3 and up
Fossil Q Legacy,LIFESTYLE,2.6,680,60.0,50000.0,Free,0.0,Everyone,Lifestyle,2017-09-19,0.0,4.4 and up
Offroad Car Q,FAMILY,4.1,24668,40.0,1000000.0,Free,0.0,Everyone,Simulation,2016-08-04,0.0,2.3.3 and up
Q*bert: Rebooted,GAME,4.3,13788,55.0,1000000.0,Free,0.0,Everyone,Arcade,2017-04-01,1.1,4.4 and up
Gun Shoot War Q,GAME,4.2,26893,20.0,1000000.0,Free,0.0,Teen,Arcade,2017-03-01,0.0,2.3 and up
FaceQ,FAMILY,4.4,591411,19.0,10000000.0,Free,0.0,Teen,Entertainment,2017-05-16,0.0,3.0 and up
Q Link Wireless Zone,PRODUCTIVITY,4.0,2194,17.0,500000.0,Free,0.0,Everyone,Productivity,2018-03-08,0.0,4.4 and up
QA(M,COMICS,4.4,2012,3.6,100000.0,Free,0.0,Everyone,Comics,2017-03-04,0.0,2.3 and up
QD:DYSMV,FAMILY,4.1,41,4.5,1000.0,Free,0.0,Everyone,Entertainment,2018-06-21,0.0,4.0.3 and up
Q Avatar Pro,FAMILY,4.8,4,3.6,100.0,Paid,1.49,Teen,Entertainment,2017-03-04,0.0,2.3 and up
Q-See Plus,VIDEO_PLAYERS,2.2,32,33.0,5000.0,Free,0.0,Everyone,Video Players & Editors,2018-07-09,0.0,4.0.3 and up
Q Wunder,FAMILY,3.8,156,43.0,10000.0,Free,0.0,Everyone,Education;Education,2018-06-30,0.0,4.1 and up
Q-See QC View,TOOLS,3.1,657,21.0,100000.0,Free,0.0,Everyone,Tools,2018-01-19,0.0,4.0.3 and up
Leica Q,PHOTOGRAPHY,3.1,133,2.3,10000.0,Free,0.0,Everyone,Photography,2018-05-08,0.0,4.0 and up
Q Remote Control,TOOLS,3.8,4264,14.0,500000.0,Free,0.0,Everyone,Tools,2014-07-12,0.0,2.3 and up
Q-Ticketing,MAPS_AND_NAVIGATION,3.8,114,19.0,10000.0,Free,0.0,Everyone,Maps & Navigation,2017-12-18,0.0,4.3 and up
DTQ-MG,GAME,4.3,21107,95.0,100000.0,Free,0.0,Everyone,Music,2018-07-30,0.0,4.0.3 and up
myQ,TOOLS,3.6,3642,29.0,100000.0,Free,0.0,Everyone,Tools,2018-07-23,0.0,4.0.3 and up
QR Code Reader,TOOLS,4.0,495971,2.7,50000000.0,Free,0.0,Everyone,Tools,2016-03-16,2.3,2.3.3 and up
Q-slope,TOOLS,4.5,2,3.9,50.0,Paid,1.76,Everyone,Tools,2017-12-03,5.0,4.3 and up
Q-Tech Companion App,FOOD_AND_DRINK,1.8,17,3.1,10000.0,Free,0.0,Everyone,Food & Drink,2017-03-08,0.0,4.4 and up
Q Mobile Banking,FINANCE,4.7,460,12.0,10000.0,Free,0.0,Everyone,Finance,2018-06-26,0.0,5.0 and up
Q Quiz SK,FAMILY,3.9,159,39.0,5000.0,Free,0.0,Everyone,Education,2015-12-08,2.3,2.3 and up
Big Q Car Service,MAPS_AND_NAVIGATION,4.4,75,26.0,5000.0,Free,0.0,Everyone,Maps & Navigation,2017-05-15,3.002,4.0.3 and up
Q-See QT View,TOOLS,3.6,7357,19.0,100000.0,Free,0.0,Everyone,Tools,2018-07-12,0.0,5.0 and up
ROBLOX,FAMILY,4.5,4443407,67.0,100000000.0,Free,0.0,Everyone 10+,Adventure;Action & Adventure,2018-07-31,0.0,4.1 and up
D-LRP&S,FAMILY,4.4,944,12.0,100000.0,Free,0.0,Everyone,Education,2018-08-01,0.0,4.1 and up
RLRG,BOOKS_AND_REFERENCE,3.9,54,2.8,10000.0,Free,0.0,Everyone,Books & Reference,2017-12-24,1.11,4.0 and up
RRS-OSDA,FAMILY,3.9,8,6.2,1000.0,Free,0.0,Everyone,Education,2018-04-04,1.1226,2.2 and up
RPL,FAMILY,3.8,39,2.9,1000.0,Free,0.0,Everyone,Education,2017-12-21,1.0,4.2 and up
RPPG,FAMILY,4.2,5369,60.0,500000.0,Free,0.0,Everyone,Puzzle,2018-04-19,0.0,4.3 and up
R Instructor,FAMILY,4.1,135,4.9,1000.0,Paid,4.84,Everyone,Education,2014-02-21,2.03,3.0 and up
GRDS,FAMILY,4.4,1852,62.0,100000.0,Free,0.0,Everyone,Simulation,2017-10-31,1.0,2.3 and up
OPTR,FAMILY,4.4,6367,96.0,1000000.0,Free,0.0,Everyone,Simulation,2017-07-14,1.4,2.3 and up
RPOT,BOOKS_AND_REFERENCE,5.0,4,3.9,1000.0,Free,0.0,Everyone,Books & Reference,2018-03-15,0.0,4.1 and up
LRLEW,FAMILY,4.1,17,2.2,10000.0,Free,0.0,Everyone,Education,2017-09-24,1.22,4.0.3 and up
.R,TOOLS,4.5,259,203.0,10000.0,Free,0.0,Everyone,Tools,2014-09-16,0.0,1.5 and up
R-TYPE II,GAME,4.3,5682,37.0,50000.0,Paid,1.99,Everyone,Arcade,2017-03-02,0.0,2.3.3 and up
RPS,FAMILY,3.9,169,7.7,10000.0,Free,0.0,Everyone,Education,2016-06-20,0.0,4.0 and up
LR-PC,FAMILY,3.5,6,2.9,1000.0,Free,0.0,Everyone,Education,2017-04-25,0.0,4.0.3 and up
CPNGRS,FAMILY,3.2,513,34.0,100000.0,Free,0.0,Everyone,Simulation,2017-12-05,1.0,4.0 and up
R-net for Android,PRODUCTIVITY,3.3,48,58.0,5000.0,Free,0.0,Everyone,Productivity,2013-08-07,1.0,3.1 and up
R File Manager,TOOLS,4.8,17,6.7,50.0,Free,0.0,Everyone,Tools,2018-05-05,2.0,4.4 and up
R-TYPE,GAME,4.5,7687,23.0,100000.0,Paid,1.99,Everyone,Arcade,2017-02-27,0.0,2.3.3 and up
R Studio,SHOPPING,3.7,23,8.9,5000.0,Free,0.0,Everyone,Shopping,2016-07-08,0.0,4.0.3 and up
Day R Premium,FAMILY,4.8,51068,57.0,100000.0,Paid,4.99,Teen,Role Playing,2018-06-21,1.574,4.0.3 and up
JRCE,SOCIAL,4.7,144,12.0,1000.0,Free,0.0,Teen,Social,2017-01-31,0.0,4.0.3 and up
R Bank,FINANCE,4.3,90,13.0,5000.0,Free,0.0,Everyone,Finance,2018-05-30,0.0,5.0 and up
EKRP,FAMILY,3.8,2925,93.0,50000.0,Paid,4.77,Teen,Role Playing,2018-08-01,0.0,4.1 and up
Wonder5 Masters R,FAMILY,4.1,1655,83.0,100000.0,Free,0.0,Everyone,Role Playing,2018-08-02,0.0,4.3 and up
Neon-R (Red),PERSONALIZATION,4.7,25,41.0,100.0,Paid,0.99,Everyone,Personalization,2015-03-12,1.0,4.0.3 and up
RLEOS,FAMILY,4.2,1696,2.7,100000.0,Free,0.0,Mature 17+,Entertainment,2012-09-19,1.4,2.1 and up
S-T&S,TOOLS,4.6,7775146,17.0,500000000.0,Free,0.0,Everyone,Tools,2018-07-30,0.0,4.1 and up
SLFGT,PERSONALIZATION,4.2,11244,2.2,1000000.0,Free,0.0,Everyone,Personalization,2018-06-12,0.0,4.1 and up
SP-LAMPVP,TOOLS,4.6,14224,7.1,1000000.0,Free,0.0,Everyone,Tools,2017-10-12,0.0,2.3 and up
OPTS,FAMILY,4.2,5178,20.0,1000000.0,Free,0.0,Everyone,Simulation,2017-10-10,1.7,2.3 and up
SLPFG,PERSONALIZATION,4.1,47,26.0,1000.0,Paid,4.99,Everyone,Personalization,2016-02-12,1.0,4.1 and up
S Note,PRODUCTIVITY,4.1,12435,31.0,10000000.0,Free,0.0,Everyone,Productivity,2017-09-26,0.0,6.0 and up
"SPE-CM,PC",PHOTOGRAPHY,4.4,972574,45.0,100000000.0,Free,0.0,Everyone,Photography,2018-08-03,2.31,4.1 and up
Stupid Zombies,GAME,4.5,464900,33.0,10000000.0,Free,0.0,Teen,Arcade,2018-06-27,0.0,4.2 and up
S-ECR,PRODUCTIVITY,4.1,15097,14.0,1000000.0,Free,0.0,Everyone,Productivity,2018-07-23,0.0,4.2 and up
PS-SST“O,PERSONALIZATION,4.5,90,37.0,1000.0,Paid,1.99,Everyone,Personalization,2018-08-04,12.6,7.0 and up
SSSM,TOOLS,4.3,146913,24.0,100000000.0,Free,0.0,Everyone,Tools,2018-07-18,0.0,4.0 and up
SSL-GSLTC,TOOLS,4.4,22503,6.5,1000000.0,Free,0.0,Everyone,Tools,2018-07-06,4.1,4.1 and up
FNAF2D,FAMILY,4.3,1503544,40.0,50000000.0,Free,0.0,Teen,Strategy,2014-11-15,1.07,2.3 and up
CWSA,GAME,4.3,5785,93.0,500000.0,Free,0.0,Teen,Racing,2017-04-12,1.2,2.3 and up
S Pen Keeper,TOOLS,3.8,560,314.0,50000.0,Free,0.0,Everyone,Tools,2018-06-08,0.0,4.0.3 and up
SH Script Runner,PRODUCTIVITY,3.9,334,3.7,50000.0,Free,0.0,Everyone,Productivity,2018-01-02,1.07,4.1 and up
CTDS2CSG,FAMILY,4.1,16111,57.0,1000000.0,Free,0.0,Everyone,Simulation,2018-06-12,1.11,4.1 and up
Shopping List S PRO,SHOPPING,4.8,14,2.7,100.0,Paid,2.49,Everyone,Shopping,2018-05-16,2.1,4.1 and up
Tinder,LIFESTYLE,4.0,2789775,68.0,100000000.0,Free,0.0,Mature 17+,Lifestyle,2018-08-02,0.0,4.4 and up
TBNV&FG,NEWS_AND_MAGAZINES,4.7,174827,25.0,10000000.0,Free,0.0,Mature 17+,News & Magazines,2018-08-04,0.0,4.0 and up
Dino T-Rex,GAME,4.0,69115,2.4,10000000.0,Free,0.0,Everyone,Arcade,2018-06-13,1.36,4.1 and up
AT&T U-verse,FAMILY,3.7,38606,96.0,1000000.0,Free,0.0,Everyone,Entertainment,2018-06-13,0.0,4.1 and up
T Uploader,FAMILY,4.1,75,2.2,10000.0,Free,0.0,Everyone,Education,2017-11-24,0.0,4.0 and up
T-Mobile DIGITS,COMMUNICATION,3.0,1820,33.0,100000.0,Free,0.0,Everyone,Communication,2018-02-15,0.0,4.4 and up
DIRECTV Remote App,FAMILY,3.0,480,19.0,1000000.0,Free,0.0,Everyone,Entertainment,2017-08-31,2.4,6.0 and up
T-Mobile Tuesdays,LIFESTYLE,4.0,53144,21.0,5000000.0,Free,0.0,Everyone,Lifestyle,2018-07-13,0.0,5.0 and up
AT&T Mobile Transfer,PRODUCTIVITY,4.6,22775,26.0,10000000.0,Free,0.0,Everyone,Productivity,2018-07-31,0.0,4.4 and up
TCT,PRODUCTIVITY,4.1,370,29.0,500000.0,Free,0.0,Everyone,Productivity,2018-01-25,0.0,4.0 and up
I Can't Wake Up!,TOOLS,4.7,963,3.7,10000.0,Paid,2.99,Everyone,Tools,2018-05-25,0.0,4.0 and up
AT&T FamilyMap®,TOOLS,3.5,21592,25.0,10000000.0,Free,0.0,Everyone,Tools,2017-10-24,0.0,4.0.3 and up
TF,PARENTING,3.1,103,28.0,10000.0,Free,0.0,Everyone,Parenting,2018-06-29,0.0,4.4 and up
PWH,COMMUNICATION,3.9,138129,2.1,10000000.0,Free,0.0,Everyone,Communication,2018-05-06,0.0,2.3 and up
AT&T Call Protect,COMMUNICATION,4.2,6454,15.0,5000000.0,Free,0.0,Everyone,Communication,2018-05-03,0.0,5.0 and up
DSPE,GAME,4.4,17988,7.9,100000.0,Paid,4.99,Teen,Adventure,2018-07-25,1.06,5.0 and up
PDTA,FAMILY,4.4,1771,46.0,10000.0,Paid,4.99,Teen,Puzzle,2016-04-20,0.0,2.3 and up
AT&T DriveMode,MAPS_AND_NAVIGATION,3.3,8465,8.9,10000000.0,Free,0.0,Everyone,Maps & Navigation,2018-05-03,0.0,4.1 and up
The T Factor,EVENTS,4.8,48,13.0,1000.0,Free,0.0,Everyone,Events,2017-09-26,8.8,4.2 and up
PDTA3,FAMILY,4.2,146,20.0,5000.0,Paid,5.99,Teen,Puzzle,2016-12-07,1.1,4.4 and up
Don't touch my phone,TOOLS,3.8,21943,2.3,5000000.0,Free,0.0,Everyone,Tools,2016-10-19,30.0,2.3 and up
DSS,GAME,4.1,1468,4.9,10000.0,Paid,4.99,Teen,Adventure,2018-07-10,0.16,5.0 and up
L-DGA,GAME,4.2,131,23.0,1000.0,Paid,1.61,Everyone,Board,2016-02-24,0.0,2.3.3 and up
JLTRS,FAMILY,4.2,1088,35.0,10000.0,Paid,0.99,Everyone 10+,Simulation,2014-08-19,1.2,2.0.1 and up
TSD,AUTO_AND_VEHICLES,4.0,1981,18.0,100000.0,Free,0.0,Everyone,Auto & Vehicles,2018-08-01,0.0,5.0 and up
TD-S,LIFESTYLE,4.2,29756,45.0,1000000.0,Free,0.0,Everyone,Lifestyle,2018-07-19,0.0,4.1 and up
MG-TTT,MAPS_AND_NAVIGATION,3.8,82,5.6,5000.0,Free,0.0,Everyone,Maps & Navigation,2018-02-23,0.0,4.1 and up
TRPPA,FINANCE,4.5,1057,4.5,50000.0,Free,0.0,Everyone,Finance,2018-07-06,1.7,6.0 and up
MTB,PRODUCTIVITY,3.7,10490,5.8,1000000.0,Free,0.0,Everyone,Productivity,2018-07-24,0.0,4.1 and up
U by BB&T,FINANCE,4.3,16600,24.0,1000000.0,Free,0.0,Everyone,Finance,2018-06-19,0.0,4.4 and up
UL–VC&S,SOCIAL,4.5,67611,21.0,1000000.0,Free,0.0,Mature 17+,Social,2018-04-23,0.0,4.0.3 and up
U-WM&M,COMMUNICATION,4.1,6601,31.0,500000.0,Free,0.0,Everyone,Communication,2018-07-02,0.0,4.1 and up
HURS,FAMILY,4.2,233588,74.0,5000000.0,Free,0.0,Teen,Simulation,2017-04-21,0.0,4.0.3 and up
UBELD,FAMILY,4.5,166886,21.0,10000000.0,Free,0.0,Everyone 10+,Education,2018-07-29,0.0,4.0.3 and up
Ustream,VIDEO_PLAYERS,4.0,93638,7.3,10000000.0,Free,0.0,Mature 17+,Video Players & Editors,2018-07-11,0.0,4.1 and up
UBM-FP&S,COMMUNICATION,4.4,3648765,3.3,100000000.0,Free,0.0,Teen,Communication,2018-07-18,0.0,4.0 and up
ENCHANT U,FAMILY,4.3,83977,11.0,500000.0,Free,0.0,Everyone,Casual,2012-11-08,0.0,2.1 and up
/u/app,COMMUNICATION,4.7,573,53.0,10000.0,Free,0.0,Mature 17+,Communication,2018-07-03,0.0,4.1 and up
Kicker U,LIFESTYLE,4.1,124,37.0,5000.0,Paid,3.99,Everyone,Lifestyle,2018-06-13,3.04,4.0.3 and up
U-Haul,TRAVEL_AND_LOCAL,3.2,852,37.0,100000.0,Free,0.0,Everyone,Travel & Local,2018-07-31,0.0,4.4 and up
Vienna U-Bahn,MAPS_AND_NAVIGATION,3.9,139,2.0,10000.0,Free,0.0,Everyone,Maps & Navigation,2018-07-25,0.0,4.0 and up
Kicker U Lite,LIFESTYLE,4.1,438,26.0,50000.0,Free,0.0,Everyone,Lifestyle,2013-09-27,0.0,2.1 and up
U-Scan,TOOLS,3.4,784,42.0,50000.0,Free,0.0,Everyone,Tools,2016-09-29,0.0,2.2 and up
OUYDC,TRAVEL_AND_LOCAL,3.0,331,7.8,50000.0,Free,0.0,Everyone,Travel & Local,2018-03-13,0.0,4.3 and up
ILUTK,PERSONALIZATION,4.6,655,3.5,100000.0,Free,0.0,Everyone,Personalization,2018-05-08,4.3,4.1 and up
Channel U,FAMILY,4.6,34,14.0,1000.0,Free,0.0,Everyone,Entertainment,2018-05-21,1.3,4.1 and up
PU-ACDAT,TOOLS,4.1,3315,5.1,500000.0,Free,0.0,Everyone,Tools,2018-05-15,0.0,4.1 and up
UPIAD,BUSINESS,3.1,71,1.9,10000.0,Free,0.0,Everyone,Business,2013-05-14,1.0,1.6 and up
Wii U Simulator,FAMILY,3.4,1178,38.0,100000.0,Free,0.0,Everyone 10+,Simulation,2018-04-08,0.0,5.0 and up
UC:P6O9S,PHOTOGRAPHY,4.2,2158,3.0,500000.0,Free,0.0,Everyone,Photography,2017-08-28,0.0,4.0 and up
UG-WST,TOOLS,4.2,26,2.2,5000.0,Free,0.0,Everyone,Tools,2018-06-04,0.0,4.0 and up
U Guard,TOOLS,3.0,245,3.5,10000.0,Free,0.0,Everyone,Tools,2016-08-31,0.0,2.3 and up
DS-WUG,FAMILY,2.4,210,4.0,10000.0,Free,0.0,Everyone,Casual,2017-06-25,2.0,2.3 and up
SU-RVCVC,SOCIAL,4.1,568,27.0,100000.0,Free,0.0,Mature 17+,Social,2018-04-13,0.0,4.1 and up
[V,COMMUNICATION,2.9,83,13.0,10000.0,Free,0.0,Everyone,Communication,2018-04-26,0.0,5.0 and up
What U See,SOCIAL,4.0,712,21.0,100000.0,Free,0.0,Teen,Social,2018-03-05,0.0,4.1 and up
UA-SM&SA,PRODUCTIVITY,4.0,198,3.5,50000.0,Free,0.0,Everyone,Productivity,2017-01-26,0.0,2.3 and up
U+Box,PRODUCTIVITY,3.8,24517,22.0,10000000.0,Free,0.0,Everyone,Productivity,2018-05-23,0.0,5.0 and up
Wi u Emulator,FAMILY,2.4,468,7.2,10000.0,Free,0.0,Everyone,Entertainment,2018-03-03,0.0,4.1 and up
WFULT,PERSONALIZATION,4.4,5599,4.8,500000.0,Free,0.0,Everyone,Personalization,2016-07-23,0.0,2.3 and up
UOICCU,FINANCE,3.7,52,13.0,5000.0,Free,0.0,Everyone,Finance,2018-05-04,0.0,4.4 and up
U-Report,SOCIAL,4.3,241,7.5,10000.0,Free,0.0,Teen,Social,2018-04-10,0.0,4.0.3 and up
MU-GFFSK&I,SOCIAL,4.6,4435,5.4,100000.0,Free,0.0,Mature 17+,Social,2018-05-25,0.0,4.0.3 and up
U-Craft Mobile,FAMILY,4.2,11404,30.0,100000.0,Free,0.0,Everyone,Strategy,2017-09-11,0.0,4.0.3 and up
U-Disco,FAMILY,3.6,906,196.0,100000.0,Free,0.0,Everyone,Entertainment,2014-02-05,0.0,2.3 and up
BUSHDID&B,LIFESTYLE,4.0,889,16.0,100000.0,Free,0.0,Everyone,Lifestyle,2018-08-02,0.0,4.2 and up
USCF,GAME,3.5,4575,3.8,500000.0,Free,0.0,Everyone,Arcade,2017-10-07,1.24,4.0.3 and up
BS–BU&SMAR,MAPS_AND_NAVIGATION,4.4,509,17.0,100000.0,Free,0.0,Everyone,Maps & Navigation,2018-06-06,0.0,5.0 and up
RFAUT-NF,TOOLS,2.5,20,26.0,5000.0,Free,0.0,Everyone,Tools,2018-07-25,0.0,4.2 and up
Pocket U ASW,FAMILY,3.9,93,28.0,10000.0,Free,0.0,Everyone,Education,2018-07-25,0.0,4.2 and up
Identity V,GAME,4.2,109263,38.0,1000000.0,Free,0.0,Teen,Action,2018-07-10,0.0,4.1 and up
VMate,VIDEO_PLAYERS,4.2,192677,17.0,50000000.0,Free,0.0,Teen,Video Players & Editors,2018-08-03,1.78,4.0.3 and up
V Made,BOOKS_AND_REFERENCE,4.3,241,20.0,100000.0,Free,0.0,Everyone,Books & Reference,2018-02-13,1.0,4.0.3 and up
GTAVTM,FAMILY,4.1,182103,6.9,5000000.0,Free,0.0,Teen,Entertainment,2018-07-31,0.0,3.0 and up
V for Voodoo,GAME,4.2,16876,59.0,1000000.0,Free,0.0,Teen,Trivia,2018-06-28,0.0,6.0 and up
SCCSV-G,GAME,4.2,2113,67.0,100000.0,Free,0.0,Everyone 10+,Action,2018-04-23,0.0,4.0.3 and up
TGSVPE,GAME,3.9,6121,61.0,500000.0,Free,0.0,Mature 17+,Action,2018-06-20,2.1,4.1 and up
All Video Downloader,VIDEO_PLAYERS,3.8,165723,1.6,10000000.0,Free,0.0,Everyone,Video Players & Editors,2018-08-04,0.0,4.0 and up
VidPlay,VIDEO_PLAYERS,4.2,3546,3.7,1000000.0,Free,0.0,Everyone,Video Players & Editors,2018-05-27,0.0,4.1 and up
HVD:2BVM,VIDEO_PLAYERS,3.7,430643,4.9,50000000.0,Free,0.0,Everyone,Video Players & Editors,2018-05-31,0.0,4.1 and up
VSM,BUSINESS,4.3,542,30.0,100000.0,Free,0.0,Everyone,Business,2018-04-17,0.0,4.0 and up
V-VE&PM,VIDEO_PLAYERS,4.6,9879473,40.0,100000000.0,Free,0.0,Teen,Video Players & Editors,2018-08-04,0.0,4.1 and up
Mod GTA V for MCPE,FAMILY,3.3,4288,10.0,500000.0,Free,0.0,Everyone,Entertainment,2018-04-23,0.0,4.0.3 and up
Vi Trainer,HEALTH_AND_FITNESS,3.6,124,100.0,5000.0,Free,0.0,Everyone,Health & Fitness,2018-08-02,0.0,5.0 and up
SAGCV,GAME,4.1,2399,42.0,100000.0,Free,0.0,Mature 17+,Action,2018-01-28,0.0,2.3 and up
The Grand Bike V,FAMILY,3.8,3478,95.0,1000000.0,Free,0.0,Everyone,Simulation,2018-02-24,4.0,4.1 and up
V.360° Camera,PHOTOGRAPHY,3.3,582,28.0,100000.0,Free,0.0,Everyone,Photography,2015-09-11,0.0,4.4 and up
FINAL FANTASY V,FAMILY,4.5,15924,4.2,100000.0,Paid,7.99,Teen,Role Playing,2017-03-15,0.0,4.0 and up
BVLLT,PERSONALIZATION,4.8,3283,3.6,100000.0,Free,0.0,Everyone,Personalization,2014-10-17,4.1,4.0.3 and up
VL-FSVSN,SOCIAL,4.3,903,4.6,1000000.0,Free,0.0,Teen,Social,2018-08-03,1.76,4.0.3 and up
MVLT,PERSONALIZATION,4.5,292,7.9,10000.0,Free,0.0,Everyone,Personalization,2017-03-15,0.0,2.3 and up
TGTVW,PERSONALIZATION,3.8,87,4.3,10000.0,Free,0.0,Everyone 10+,Personalization,2018-06-05,1.1,4.0.3 and up
V Bucks ProTips New,SOCIAL,4.7,594,3.6,1000.0,Free,0.0,Everyone,Social,2018-07-19,1.0,2.1 and up
Cheats for GTA V,FAMILY,4.2,450,5.9,100000.0,Free,0.0,Everyone,Entertainment,2018-07-29,6.0,4.0 and up
V for Vampire - Free,FAMILY,4.3,2772,35.0,500000.0,Free,0.0,Teen,Puzzle,2014-09-20,0.0,2.1 and up
GFVH,FAMILY,4.7,1997,1.8,5000.0,Free,0.0,Everyone,Entertainment,2018-07-21,1.0,4.4 and up
V BTS Wallpaper,PERSONALIZATION,4.7,127,9.5,5000.0,Free,0.0,Everyone,Personalization,2018-05-04,8.0,3.0 and up
v-view,FAMILY,3.6,309,19.0,10000.0,Free,0.0,Everyone,Entertainment,2017-06-22,0.0,4.2 and up
Mental Hospital V,GAME,4.2,2460,25.0,50000.0,Paid,0.99,Mature 17+,Action,2016-11-19,1.04,4.2 and up
GSCV,GAME,4.0,1744,37.0,100000.0,Free,0.0,Mature 17+,Action,2018-05-19,0.0,4.1 and up
CCFGV,FAMILY,4.3,589,3.6,100000.0,Free,0.0,Mature 17+,Entertainment,2017-09-03,0.0,4.0 and up
DRAGON QUEST V,FAMILY,4.7,1667,17.0,10000.0,Paid,14.99,Teen,Role Playing,2018-08-01,0.0,2.3 and up
Easy V-Bux free,FAMILY,4.6,856,2.9,5000.0,Free,0.0,Everyone,Entertainment,2018-07-17,1.0,2.1 and up
BVKTWKHN,PERSONALIZATION,4.8,51,3.4,5000.0,Free,0.0,Everyone,Personalization,2018-06-10,0.0,4.0 and up
WP-WF&AWM,WEATHER,3.8,11,2.9,500.0,Paid,1.99,Everyone,Weather,2018-04-23,1.0,4.1 and up
W-WF&ARM,WEATHER,4.2,29,3.5,5000.0,Free,0.0,Everyone,Weather,2018-04-23,1.1,4.1 and up
WO-WDPNS&S,PRODUCTIVITY,4.5,1507205,37.0,100000000.0,Free,0.0,Everyone,Productivity,2018-07-30,0.0,4.0 and up
W-History Standalone,SOCIAL,3.2,38,1.5,1000.0,Paid,0.99,Everyone,Social,2018-03-09,1.935,7.0 and up
Fantasy Squad W,FAMILY,4.3,2142,47.0,50000.0,Free,0.0,Everyone 10+,Role Playing,2018-04-16,0.0,4.1 and up
W&CWFA,WEATHER,4.4,2371543,11.0,50000000.0,Free,0.0,Everyone,Weather,2018-06-04,0.0,4.0.3 and up
W Box VMS,VIDEO_PLAYERS,1.9,105,9.1,10000.0,Free,0.0,Everyone,Video Players & Editors,2017-01-09,0.0,2.3.3 and up
WhatsApp Business,COMMUNICATION,4.4,137144,32.0,10000000.0,Free,0.0,Everyone,Communication,2018-07-30,0.0,4.0.3 and up
W Box VMS HD,VIDEO_PLAYERS,2.5,24,16.0,5000.0,Free,0.0,Everyone,Video Players & Editors,2017-01-04,0.0,3.0 and up
ASRWF,TOOLS,4.2,2447,2.5,100000.0,Free,0.0,Everyone,Tools,2017-12-26,1.19,5.0 and up
WIFI WPS WPA TESTER,TOOLS,4.3,352097,6.7,10000000.0,Free,0.0,Everyone,Tools,2018-06-12,0.0,4.0 and up
FFWC,TOOLS,4.0,75,1.9,10000.0,Free,0.0,Everyone,Tools,2017-03-15,2.5,2.2 and up
IRS W-9 form,BUSINESS,4.8,492,27.0,10000.0,Free,0.0,Everyone,Business,2018-07-26,0.0,5.0 and up
OIW(TC,TOOLS,4.2,12121,79.0,1000000.0,Free,0.0,Everyone,Tools,2018-08-01,1.12,2.3.3 and up
B&WFFPEP,PERSONALIZATION,4.7,65,7.6,5000.0,Free,0.0,Everyone,Personalization,2018-05-02,0.0,4.1 and up
WowBox,LIFESTYLE,4.4,101957,8.2,5000000.0,Free,0.0,Everyone,Lifestyle,2018-04-23,0.0,4.0.3 and up
Zaatar w Zeit,FOOD_AND_DRINK,4.4,205,33.0,50000.0,Free,0.0,Everyone,Food & Drink,2018-07-01,0.0,4.4 and up
WPSApp,TOOLS,4.4,95080,3.1,10000000.0,Free,0.0,Everyone,Tools,2018-08-03,0.0,4.1 and up
WFGPCA&CC,COMMUNICATION,4.6,1130966,27.0,10000000.0,Free,0.0,Everyone,Communication,2018-06-06,0.0,4.0 and up
PWCFT,PHOTOGRAPHY,4.2,348,1.5,10000.0,Free,0.0,Everyone,Photography,2014-04-11,0.0,2.3.3 and up
weather HD,PERSONALIZATION,4.0,1546,4.5,10000.0,Paid,1.99,Everyone,Personalization,2014-02-26,3.1,2.1 and up
DSC,GAME,4.2,1092106,43.0,50000000.0,Free,0.0,Everyone,Word,2018-07-28,0.0,4.4 and up
X-FUVP,TOOLS,4.5,40617,21.0,5000000.0,Free,0.0,Everyone,Tools,2018-07-31,65.0,4.1 and up
XLWOST&CC,ART_AND_DESIGN,4.7,5754,4.4,100000.0,Free,0.0,Everyone,Art & Design,2018-07-30,0.0,4.1 and up
PXLO1I&CC,TOOLS,4.2,54063,16.0,5000000.0,Free,0.0,Everyone,Tools,2018-06-01,0.0,4.1 and up
LSPXSO1,TOOLS,4.4,1166,13.0,100000.0,Free,0.0,Everyone,Tools,2018-03-26,8.8,4.3 and up
NDXBM,FAMILY,3.2,37584,34.0,5000000.0,Free,0.0,Everyone,Casual;Pretend Play,2016-08-31,0.0,4.1 and up
CCI1-PXCP,TOOLS,4.1,1925,8.3,100000.0,Free,0.0,Everyone,Tools,2017-11-15,3.1,4.4 and up
X Browser,COMMUNICATION,4.0,142,2.5,50000.0,Free,0.0,Everyone,Communication,2017-12-31,0.0,4.0 and up
XLPPTOCC,ART_AND_DESIGN,4.7,801,3.5,5000.0,Paid,1.99,Everyone,Art & Design,2018-07-30,0.0,4.1 and up
X-plore File Manager,TOOLS,4.6,168487,6.4,10000000.0,Free,0.0,Everyone,Tools,2018-06-26,0.0,4.3 and up
Flashlight X,TOOLS,4.6,20418,4.3,1000000.0,Free,0.0,Everyone,Tools,2018-04-08,4.54,4.0 and up
iSwipe Phone X,TOOLS,4.7,58366,6.3,1000000.0,Free,0.0,Everyone,Tools,2017-12-07,1.0,4.1 and up
XLP-IST&CC,ART_AND_DESIGN,4.8,1216,8.6,10000.0,Paid,1.99,Everyone,Art & Design,2018-06-26,0.0,4.1 and up
X Home Bar - Free,TOOLS,4.6,4210,1.9,100000.0,Free,0.0,Everyone,Tools,2018-06-18,0.0,4.1 and up
[XPI,TOOLS,4.2,12147,118.0,1000000.0,Free,0.0,Everyone,Tools,2015-01-25,1.18,4.0.3 and up
EXRRS,GAME,4.3,10806,49.0,5000000.0,Free,0.0,Everyone,Racing,2017-05-09,0.0,4.0 and up
Xray Scanner Prank,FAMILY,3.3,355837,3.7,10000000.0,Free,0.0,Everyone,Entertainment,2016-12-07,14.0,2.3 and up
XLPWOST&NA,ART_AND_DESIGN,4.7,149,3.5,1000.0,Paid,1.99,Everyone,Art & Design,2018-07-30,0.0,4.1 and up
TXDS-HOA,FAMILY,4.5,22018,53.0,500000.0,Free,0.0,Teen,Casual,2018-07-18,0.0,5.0 and up
TFIXP,PERSONALIZATION,4.0,126,8.0,10000.0,Free,0.0,Everyone,Personalization,2017-10-19,1.0,2.3.3 and up
X-WOLF,GAME,4.2,4878,27.0,100000.0,Free,0.0,Everyone 10+,Adventure,2018-02-02,0.0,4.1 and up
Light X - Icon Pack,PERSONALIZATION,4.6,252,24.0,10000.0,Paid,0.99,Everyone,Personalization,2018-06-13,0.0,4.1 and up
X1FS,FAMILY,4.2,63197,11.0,1000000.0,Free,0.0,Everyone,Simulation,2018-06-27,0.0,Varies with device
Anime X Wallpaper,PERSONALIZATION,4.7,32613,3.2,1000000.0,Free,0.0,Everyone,Personalization,2018-05-31,3.11,4.1 and up
NTFPX,PERSONALIZATION,4.7,8642,3.7,500000.0,Free,0.0,Everyone,Personalization,2018-05-22,0.0,4.0 and up
X-Plane to GPS,TOOLS,4.2,161,1.2,5000.0,Paid,0.99,Everyone,Tools,2018-03-04,1.62,4.4 and up
CCI1-PXN,TOOLS,4.3,514,8.4,50000.0,Free,0.0,Everyone,Tools,2018-02-12,1.8,4.4 and up
IX-ILWHW,PERSONALIZATION,4.3,1714,31.0,100000.0,Free,0.0,Everyone,Personalization,2018-06-19,0.0,4.1 and up
Hero Fighter X,GAME,4.5,24210,45.0,500000.0,Free,0.0,Teen,Action,2015-11-13,1.091,2.2 and up
Slendrina X,GAME,4.4,12736,56.0,1000000.0,Free,0.0,Teen,Arcade,2017-12-18,1.02,4.0 and up
X Back - Icon Pack,PERSONALIZATION,4.5,56,26.0,10000.0,Paid,0.99,Everyone,Personalization,2018-06-29,0.0,4.1 and up
Guide (for X-MEN),BOOKS_AND_REFERENCE,4.6,586,17.0,100000.0,Free,0.0,Everyone,Books & Reference,2017-05-08,0.0,3.0 and up
DXP-SMDND,TOOLS,4.3,60,6.9,1000.0,Paid,3.99,Everyone,Tools,2018-07-11,0.0,4.1 and up
Robocar X Ray,GAME,4.5,3432,99.0,1000000.0,Free,0.0,Mature 17+,Action,2017-01-23,1.0,2.3 and up
SXSWOAF,GAME,4.5,10748,47.0,1000000.0,Free,0.0,Everyone,Arcade,2018-08-04,4.0,4.1 and up
OE4T,PERSONALIZATION,3.9,916,36.0,100000.0,Free,0.0,Everyone,Personalization,2018-02-05,5.0,4.4 and up
Flexiroam X,TRAVEL_AND_LOCAL,4.0,875,21.0,100000.0,Free,0.0,Everyone,Travel & Local,2018-08-03,0.0,4.1 and up
XSS,FAMILY,2.7,1616,3.0,500000.0,Free,0.0,Everyone,Casual,2017-01-08,7.0,2.1 and up
X Construction,FAMILY,4.5,18612,8.5,100000.0,Paid,1.49,Everyone,Puzzle,2015-07-28,1.57,2.3 and up
XHB-HBGP,TOOLS,4.0,88,2.0,10000.0,Paid,1.99,Everyone,Tools,2018-07-02,1.5,4.3 and up
PLAYBULB X,LIFESTYLE,2.9,2160,15.0,100000.0,Free,0.0,Everyone,Lifestyle,2018-06-25,0.0,4.3 and up
XSB,FAMILY,4.6,5898,50.0,100000.0,Free,0.0,Everyone,Entertainment,2017-08-01,0.0,1.6 and up
YT-W&RLT,FAMILY,4.4,38517,17.0,1000000.0,Free,0.0,Teen,Entertainment,2018-08-02,0.0,5.0 and up
JW Caleb y Sofia,FAMILY,4.6,5227,1.9,500000.0,Free,0.0,Everyone,Education,2015-11-20,1.0,4.0.3 and up
BMAR,FAMILY,4.4,281448,70.0,10000000.0,Free,0.0,Everyone,Racing;Action & Adventure,2018-06-01,0.0,4.0 and up
TT&BN,FAMILY,4.4,1131937,41.0,100000000.0,Free,0.0,Everyone,Entertainment,2018-04-30,0.0,4.1 and up
VCS,FAMILY,4.2,721646,99.0,50000000.0,Free,0.0,Teen,Simulation,2018-08-02,2.7,4.1 and up
PTS,FAMILY,4.8,1499466,96.0,10000000.0,Free,0.0,Teen,Casual,2018-07-24,0.0,4.1 and up
YM–SO,COMMUNICATION,4.3,4188345,16.0,100000000.0,Free,0.0,Everyone,Communication,2018-07-18,0.0,4.4 and up
Real Gangster Crime,GAME,4.3,285814,84.0,10000000.0,Free,0.0,Teen,Action,2018-06-26,3.5,4.0 and up
A&MS,TOOLS,4.6,351267,5.0,10000000.0,Free,0.0,Everyone,Tools,2018-02-09,0.0,4.0 and up
Flashlight Ultimate,TOOLS,4.6,16936,5.0,1000000.0,Free,0.0,Everyone,Tools,2018-01-25,2.94,4.0 and up
Gangster Town,GAME,4.1,74842,99.0,5000000.0,Free,0.0,Teen,Action,2016-12-22,1.7,2.3 and up
Rope Hero 3,GAME,4.4,45871,99.0,5000000.0,Free,0.0,Teen,Action,2017-05-08,1.6,2.3 and up
AMS2-A&AL,TOOLS,4.5,5180480,26.0,100000000.0,Free,0.0,Everyone,Tools,2018-08-01,0.0,4.1 and up
ZO-(TG,FAMILY,4.6,4421,37.0,50000.0,Paid,2.99,Teen,Strategy,2014-11-05,1.77,2.2 and up
Z-FTS,TOOLS,4.6,387958,9.0,10000000.0,Free,0.0,Teen,Tools,2018-07-16,0.0,4.0.3 and up
EZ-Z,GAME,4.0,229329,88.0,10000000.0,Free,0.0,Mature 17+,Action,2017-12-04,2.14,4.1 and up
War Z 2,FAMILY,4.5,97071,87.0,5000000.0,Free,0.0,Teen,Strategy,2018-04-03,0.0,2.3.3 and up
LE-WZS,FAMILY,4.2,853495,78.0,50000000.0,Free,0.0,Teen,Strategy,2018-08-02,0.0,4.0.3 and up
ZDHOH,FAMILY,3.9,5894,67.0,1000000.0,Free,0.0,Everyone 10+,Strategy,2018-07-11,0.0,4.0.3 and up
Z Champions,GAME,4.7,96028,59.0,1000000.0,Free,0.0,Teen,Arcade,2018-05-28,0.0,4.0 and up
CPU-Z,TOOLS,4.5,295430,1.4,10000000.0,Free,0.0,Everyone,Tools,2018-04-17,1.26,2.2 and up
W-ZS,GAME,4.3,121612,59.0,1000000.0,Free,0.0,Teen,Action,2017-12-28,0.0,4.0 and up
ZC-PEBSC,PHOTOGRAPHY,4.4,1075016,47.0,100000000.0,Free,0.0,Mature 17+,Photography,2018-08-03,4.21,4.1 and up
EZEW,FAMILY,4.2,367951,76.0,5000000.0,Free,0.0,Teen,Strategy,2018-07-16,0.0,4.0.3 and up
ZWZ:HSR,GAME,3.9,1987,62.0,100000.0,Free,0.0,Mature 17+,Action,2017-12-13,1.8,4.0.3 and up
DBZDB,GAME,4.1,650114,80.0,10000000.0,Free,0.0,Teen,Action,2018-07-03,0.0,4.0.3 and up
Moto Z Market,TOOLS,2.2,605,3.8,1000000.0,Free,0.0,Everyone,Tools,2017-12-18,0.0,5.0 and up
CZ(Z,GAME,4.2,41444,56.0,1000000.0,Free,0.0,Teen,Action,2016-07-31,0.0,4.0.3 and up
ZWMC,FAMILY,4.2,62301,72.0,5000000.0,Free,0.0,Teen,Strategy,2018-08-01,1.6,4.1 and up
Z App,LIFESTYLE,2.8,405,25.0,50000.0,Free,0.0,Everyone,Lifestyle,2018-06-22,0.0,4.4 and up
GVM,GAME,3.9,145,79.0,10000.0,Free,0.0,Everyone,Action,2018-07-30,0.0,4.4 and up
Z City,FAMILY,4.3,3976,98.0,100000.0,Free,0.0,Teen,Strategy,2018-01-29,0.0,4.0 and up
SZ🌏🚀PT,PERSONALIZATION,4.8,201,68.0,1000.0,Paid,1.49,Everyone,Personalization,2018-08-04,0.0,4.0.3 and up
Reload: The Z-Team,GAME,4.3,1655,91.0,100000.0,Free,0.0,Everyone 10+,Action,2018-02-28,0.0,4.4 and up
RZMZFOS,GAME,4.1,11258,44.0,500000.0,Free,0.0,Mature 17+,Action,2016-12-08,1.25,4.2 and up
PZG3-BSF,GAME,4.2,11408,96.0,1000000.0,Free,0.0,Teen,Action,2018-07-06,4.1,4.0 and up
SZSSUC,GAME,4.4,306,61.0,10000.0,Free,0.0,Everyone,Adventure,2018-04-18,0.0,4.0 and up
ZDS,FAMILY,4.6,99,19.0,10000.0,Free,0.0,Teen,Strategy,2018-06-08,0.0,4.0.3 and up
FZGGKT,PERSONALIZATION,4.3,71829,8.8,5000000.0,Free,0.0,Everyone,Personalization,2017-06-30,4.16,4.0 and up
ZAWZ,GAME,4.3,13604,96.0,1000000.0,Paid,0.99,Teen,Action,2018-06-26,0.0,2.3 and up
Z Camera,PHOTOGRAPHY,3.8,142,7.7,10000.0,Free,0.0,Everyone,Photography,2016-04-08,1.8,4.0 and up
GSPZGTE,PERSONALIZATION,3.8,24198,2.2,1000000.0,Free,0.0,Everyone,Personalization,2014-07-10,1.0,1.6 and up
Route Z,GAME,3.9,24697,16.0,500000.0,Free,0.0,Teen,Action,2015-07-10,1.5,4.0 and up
DXAWZ,GAME,4.3,8537,29.0,100000.0,Free,0.0,Everyone 10+,Action,2015-11-03,0.0,2.3 and up
Ultimate Fighter Z,GAME,4.3,180,24.0,5000.0,Free,0.0,Everyone,Action,2018-07-16,2.0,4.4 and up
TE-BZL,PERSONALIZATION,4.3,29540,4.3,1000000.0,Free,0.0,Everyone,Personalization,2016-06-15,2.0,5.0 and up
Toy Battle Z,FAMILY,4.1,133,48.0,10000.0,Free,0.0,Everyone,Casual,2018-07-23,0.0,4.0 and up
WZLW,PERSONALIZATION,4.2,63699,2.3,5000000.0,Free,0.0,Teen,Personalization,2015-09-21,0.0,2.3 and up
SPI3D-AW,HEALTH_AND_FITNESS,4.9,272172,13.0,10000000.0,Free,0.0,Everyone,Health & Fitness,2018-06-21,0.0,4.2 and up
30 Day Ab Challenge,HEALTH_AND_FITNESS,4.5,1886,7.6,500000.0,Free,0.0,Everyone,Health & Fitness,2016-06-21,0.0,4.0 and up
Angry Birds Blast,FAMILY,4.6,253115,99.0,10000000.0,Free,0.0,Everyone,Puzzle,2018-07-27,0.0,4.4 and up
ab,FAMILY,3.8,10,22.0,1000.0,Free,0.0,Everyone,Casual,2016-10-27,1.0,4.0 and up
UA&CW,HEALTH_AND_FITNESS,4.7,55571,12.0,1000000.0,Free,0.0,Everyone,Health & Fitness,2018-02-21,1.23,4.0 and up
ABE,FAMILY,4.5,384602,88.0,10000000.0,Free,0.0,Everyone,Role Playing,2018-07-30,0.0,5.0 and up
Angry Birds Match,FAMILY,4.7,227401,91.0,5000000.0,Free,0.0,Everyone,Puzzle,2018-07-19,0.0,5.0 and up
ABPBS,FAMILY,4.5,596628,99.0,10000000.0,Free,0.0,Everyone,Casual,2018-08-02,0.0,4.1 and up
AW-BBFWNE,HEALTH_AND_FITNESS,4.8,69279,10.0,10000000.0,Free,0.0,Everyone,Health & Fitness,2018-07-23,0.0,4.2 and up
Angry Birds 2,FAMILY,4.6,3881752,57.0,100000000.0,Free,0.0,Everyone,Casual,2018-07-26,0.0,4.1 and up
AB Repeat Player,VIDEO_PLAYERS,4.3,1628,18.0,100000.0,Free,0.0,Everyone,Video Players & Editors,2018-03-06,0.0,4.4 and up
AC&BWC,HEALTH_AND_FITNESS,4.8,3908,33.0,100000.0,Free,0.0,Everyone,Health & Fitness,2018-07-09,0.0,4.1 and up
AB Mobile App,HEALTH_AND_FITNESS,3.4,2105,8.2,100000.0,Free,0.0,Everyone,Health & Fitness,2017-08-21,0.0,4.0.3 and up
Angry Birds Rio,GAME,4.4,2610328,46.0,100000000.0,Free,0.0,Everyone,Arcade,2018-07-03,0.0,4.1 and up
Angry Birds Epic RPG,FAMILY,4.5,2634605,63.0,10000000.0,Free,0.0,Everyone,Role Playing,2018-07-18,0.0,4.4 and up
A-B repeater,VIDEO_PLAYERS,4.4,32,239.0,5000.0,Free,0.0,Everyone,Video Players & Editors,2018-05-18,1.8,3.0 and up
Angry Birds Friends,GAME,4.2,829753,48.0,50000000.0,Free,0.0,Everyone,Arcade,2018-06-19,0.0,4.1 and up
AB Blast Match 3,FAMILY,4.3,111,48.0,10000.0,Free,0.0,Everyone,Puzzle,2018-06-19,1.13,4.1 and up
AB Click2Shop,SHOPPING,3.8,454,18.0,100000.0,Free,0.0,Everyone,Shopping,2018-06-26,0.0,4.1 and up
MGFK:TT-AM,FAMILY,3.9,2371,8.3,500000.0,Free,0.0,Everyone,Educational;Education,2018-07-27,0.0,4.0.3 and up
AB Crush Match 3,FAMILY,4.3,96,54.0,10000.0,Free,0.0,Everyone,Casual,2017-02-23,1.1,2.3 and up
AB Match,FAMILY,4.2,9,30.0,1000.0,Free,0.0,Everyone,Casual,2018-05-19,0.0,4.1 and up
MGFK:TTT,FAMILY,4.5,630,8.3,10000.0,Paid,1.59,Everyone,Educational;Education,2018-07-27,0.0,4.0.3 and up
7MAW-DAW,HEALTH_AND_FITNESS,4.8,527,23.0,100000.0,Free,0.0,Everyone,Health & Fitness,2018-03-30,2.01,4.1 and up
5 Minute Ab Workouts,HEALTH_AND_FITNESS,4.6,2067,8.4,50000.0,Free,0.0,Everyone,Health & Fitness,2018-05-18,0.0,4.1 and up
Angry Birds Go!,GAME,4.2,3846378,82.0,50000000.0,Free,0.0,Everyone,Racing,2018-05-30,0.0,4.1 and up
AB Screen Recorder,TOOLS,4.2,533,5.0,10000.0,Free,0.0,Everyone,Tools,2017-10-02,2.8,5.0 and up
SPAPE,PHOTOGRAPHY,4.0,5967,17.0,1000000.0,Free,0.0,Everyone,Photography,2017-02-02,2.0,3.0 and up
ABSW,GAME,4.3,1218055,45.0,100000000.0,Free,0.0,Everyone,Arcade,2018-05-25,0.0,4.1 and up
3DAC-L,HEALTH_AND_FITNESS,4.8,793,40.0,10000.0,Free,0.0,Everyone,Health & Fitness,2016-09-15,0.0,4.0.3 and up
Ab Workouts,HEALTH_AND_FITNESS,4.1,27501,7.0,1000000.0,Free,0.0,Everyone,Health & Fitness,2018-01-05,0.0,4.0 and up
AW-AG,HEALTH_AND_FITNESS,4.7,21,3.8,1000.0,Free,0.0,Everyone,Health & Fitness,2016-12-31,0.0,4.1 and up
AW-2DFC,HEALTH_AND_FITNESS,4.8,18604,15.0,1000000.0,Free,0.0,Everyone,Health & Fitness,2018-05-02,0.0,4.1 and up
LAWF,HEALTH_AND_FITNESS,4.0,12906,8.5,1000000.0,Free,0.0,Everyone,Health & Fitness,2012-10-08,1.01,2.1 and up
3ACT,HEALTH_AND_FITNESS,3.5,224,371.0,10000.0,Free,0.0,Everyone,Health & Fitness,2014-07-09,0.0,4.1 and up
UARC,TOOLS,3.8,40934,5.2,1000000.0,Free,0.0,Everyone,Tools,2018-07-28,18.0,4.0.3 and up
SAC,TOOLS,3.3,4786,13.0,500000.0,Free,0.0,Everyone,Tools,2018-05-24,0.0,2.2 and up
ACI,GAME,3.7,42529,92.0,500000.0,Paid,1.99,Teen,Action,2016-11-23,0.0,4.1 and up
AC Remote Control,TOOLS,3.3,472,2.0,100000.0,Free,0.0,Everyone,Tools,2017-10-17,1.3,4.1 and up
ACRC,TOOLS,3.4,29854,5.0,1000000.0,Free,0.0,Everyone,Tools,2017-07-19,5.0,2.3 and up
SURF,FAMILY,1.8,3270,1.8,500000.0,Free,0.0,Everyone,Entertainment,2015-08-18,1.0,2.2 and up
ARU,FAMILY,1.6,402,1.7,100000.0,Free,0.0,Everyone,Entertainment,2015-12-11,1.0,2.2 and up
Kenmore Smart AC,LIFESTYLE,1.9,71,24.0,5000.0,Free,0.0,Everyone,Lifestyle,2017-05-08,0.0,4.4 and up
AC WIFI,TOOLS,3.6,41,23.0,10000.0,Free,0.0,Everyone,Tools,2018-06-03,0.0,2.3 and up
AACR,TOOLS,3.4,7816,5.1,1000000.0,Free,0.0,Everyone,Tools,2016-07-30,0.0,3.0 and up
SAC,TOOLS,3.2,409,7.9,50000.0,Free,0.0,Everyone,Tools,2018-05-25,0.0,2.2 and up
CAC,TOOLS,2.5,362,7.8,100000.0,Free,0.0,Everyone,Tools,2018-01-15,673.02018011501,4.0 and up
AC Troubleshooter,TOOLS,4.7,147,4.2,10000.0,Free,0.0,Everyone,Tools,2015-01-08,1.3,3.0 and up
TOSHIBA Smart AC,TOOLS,2.6,60,18.0,10000.0,Free,0.0,Everyone,Tools,2018-08-04,0.0,4.0.3 and up
TISA,TOOLS,2.8,48,3.3,10000.0,Free,0.0,Everyone,Tools,2016-04-21,0.0,4.3 and up
ARCM,TOOLS,3.9,3043,7.7,100000.0,Free,0.0,Everyone,Tools,2017-06-02,1.3,4.0.3 and up
AACT,BOOKS_AND_REFERENCE,4.2,27,3.1,5000.0,Free,0.0,Everyone,Books & Reference,2018-02-07,1.1,4.0 and up
ARFH-NF,TOOLS,3.9,336,27.0,50000.0,Free,0.0,Everyone,Tools,2018-07-30,0.0,4.2 and up
ACM,PRODUCTIVITY,4.0,11,220.0,5000.0,Free,0.0,Everyone,Productivity,2015-11-27,13112015.0,2.3.3 and up
ARFD-NF,TOOLS,3.5,383,26.0,50000.0,Free,0.0,Everyone,Tools,2018-07-30,0.0,4.2 and up
AURC,TOOLS,3.1,3263,3.0,1000000.0,Free,0.0,Everyone,Tools,2017-05-16,1.17,3.0 and up
ARFL-NF,TOOLS,3.7,1041,28.0,100000.0,Free,0.0,Everyone,Tools,2018-07-30,0.0,4.2 and up
PA(A,TOOLS,3.6,126,11.0,10000.0,Free,0.0,Everyone,Tools,2017-06-08,0.0,4.0 and up
LASD,LIFESTYLE,3.4,377,6.1,100000.0,Free,0.0,Everyone,Lifestyle,2017-03-21,0.0,4.0 and up
ARFM-NF,TOOLS,4.0,448,26.0,100000.0,Free,0.0,Everyone,Tools,2018-07-30,0.0,4.2 and up
Ac remote control,TOOLS,3.7,822,5.0,50000.0,Free,0.0,Everyone,Tools,2017-02-27,1.1,2.3 and up
ARC,BUSINESS,1.7,84,2.1,10000.0,Free,0.0,Everyone,Business,2014-10-28,1.0,4.1 and up
RCFAA-UR,PRODUCTIVITY,2.4,166,6.1,10000.0,Free,0.0,Everyone,Productivity,2018-07-28,1.1,4.0.3 and up
ATAR&S,LIFESTYLE,4.3,45,2.2,10000.0,Free,0.0,Everyone,Lifestyle,2017-12-26,0.8,4.1 and up
A-T&NFA,NEWS_AND_MAGAZINES,4.2,23291,14.0,1000000.0,Free,0.0,Everyone 10+,News & Magazines,2018-05-24,0.0,4.1 and up
ARCS,FAMILY,3.3,353,2.3,100000.0,Free,0.0,Everyone,Entertainment,2017-12-04,1.0,4.0.3 and up
MRC-FTSAAM,TOOLS,4.1,114340,28.0,10000000.0,Free,0.0,Everyone,Tools,2018-08-01,0.0,4.2 and up
AcDisplay,PERSONALIZATION,4.1,66473,3.0,1000000.0,Free,0.0,Everyone,Personalization,2015-07-30,0.0,4.1 and up
AC Mobile Control,HOUSE_AND_HOME,3.4,1450,9.7,100000.0,Free,0.0,Everyone,House & Home,2013-11-05,2.4,2.2 and up
AC Remote For LG,TOOLS,3.0,1298,3.4,100000.0,Free,0.0,Everyone,Tools,2018-02-20,1.0,4.0 and up
UARCS,FAMILY,3.0,119,3.9,50000.0,Free,0.0,Everyone,Entertainment,2017-12-22,1.0,4.0 and up
Hi-Smart AC,TOOLS,2.2,32,9.4,1000.0,Free,0.0,Everyone,Tools,2018-04-03,0.0,4.4 and up
ARFS-NF,TOOLS,3.7,332,26.0,50000.0,Free,0.0,Everyone,Tools,2018-07-30,0.0,4.2 and up
ARFS-NF,TOOLS,3.7,566,27.0,100000.0,Free,0.0,Everyone,Tools,2018-07-30,0.0,4.2 and up
Pocket AC,PHOTOGRAPHY,4.8,130,4.4,1000.0,Paid,9.99,Everyone,Photography,2018-06-27,0.0,4.1 and up
ARFC-NF,TOOLS,3.7,163,26.0,10000.0,Free,0.0,Everyone,Tools,2018-07-30,0.0,4.2 and up
A&TDSTB-RCI,TOOLS,3.6,3632,3.2,1000000.0,Free,0.0,Everyone,Tools,2017-11-13,1111.26,4.0.3 and up
ac remote control,TOOLS,3.7,9514,7.0,500000.0,Free,0.0,Everyone,Tools,2018-07-11,7.0,4.0.3 and up
ADP-HT,PRODUCTIVITY,3.8,5107,1.4,500000.0,Free,0.0,Everyone,Productivity,2015-12-28,0.0,2.3 and up
AppBrain Ad Detector,TOOLS,3.7,9221,1.7,1000000.0,Free,0.0,Everyone,Tools,2018-04-12,0.0,4.1 and up
AABFS,TOOLS,4.2,1586,1.5,500000.0,Free,0.0,Everyone,Tools,2017-09-07,0.0,5.0 and up
ABFA,COMMUNICATION,4.1,121113,39.0,10000000.0,Free,0.0,Everyone,Communication,2018-07-11,0.0,4.1 and up
"CB-AB,FD,P",COMMUNICATION,4.6,2265084,6.1,50000000.0,Free,0.0,Everyone,Communication,2018-07-31,0.0,4.0 and up
ACB,TOOLS,4.1,14491,4.3,1000000.0,Free,0.0,Everyone,Tools,2018-02-26,0.0,Varies with device
cronometer (ad free),HEALTH_AND_FITNESS,3.9,1075,8.3,50000.0,Paid,2.99,Everyone,Health & Fitness,2018-07-13,0.0,4.4 and up
Ad Detector,TOOLS,3.8,208,730.0,50000.0,Free,0.0,Everyone,Tools,2014-07-28,1.0,2.3 and up
APFSI-BS,COMMUNICATION,4.0,8769,2.1,1000000.0,Free,0.0,Everyone,Communication,2018-04-05,0.0,5.0 and up
MNWRAF,WEATHER,4.5,3005,26.0,10000.0,Paid,2.99,Everyone,Weather,2018-08-04,0.0,4.0.3 and up
SN-SAN,PRODUCTIVITY,4.6,3362,756.0,50000.0,Free,0.0,Everyone,Productivity,2017-11-21,1.7,4.0 and up
Adblock Fast,PRODUCTIVITY,4.1,9914,3.2,1000000.0,Free,0.0,Everyone,Productivity,2017-05-17,0.0,5.0 and up
FVD Ad-Free,TOOLS,4.4,1774,4.1,10000.0,Paid,1.99,Everyone,Tools,2017-10-05,0.0,3.0 and up
2ACAJD,COMICS,3.7,705,20.0,50000.0,Free,0.0,Teen,Comics,2018-07-19,0.0,4.0.3 and up
Anti Adware,TOOLS,3.9,18751,3.6,1000000.0,Free,0.0,Everyone,Tools,2018-06-19,3.6,4.1 and up
ABT-AB,COMMUNICATION,3.9,107,44.0,10000.0,Free,0.0,Everyone,Communication,2018-01-29,0.0,4.1 and up
W&RP-A,WEATHER,4.5,25243,26.0,100000.0,Paid,2.99,Everyone,Weather,2018-08-01,0.0,4.4 and up
OP(F,GAME,4.5,100,17.0,1000.0,Paid,3.99,Everyone,Adventure,2016-04-07,0.0,4.1 and up
VH(B&NR&SI),TOOLS,4.4,319,1.1,10000.0,Paid,2.99,Everyone,Tools,2018-07-03,0.0,4.4 and up
Google AdSense,PRODUCTIVITY,4.3,52677,2.9,1000000.0,Free,0.0,Everyone,Productivity,2017-12-13,3.3,4.0 and up
ATS,FAMILY,4.5,118,24.0,10000.0,Free,0.0,Everyone,Education,2015-08-20,0.0,4.2 and up
ESR(A,VIDEO_PLAYERS,4.7,8696,14.0,100000.0,Free,0.0,Everyone,Video Players & Editors,2018-06-03,0.0,5.0 and up
BA-L&NA,PRODUCTIVITY,4.7,10672,6.9,100000.0,Free,0.0,Everyone,Productivity,2018-06-23,0.0,4.1 and up
LSABG,BUSINESS,4.1,7,12.0,1000.0,Free,0.0,Everyone,Business,2018-07-17,0.0,4.0 and up
ABR-NR,TOOLS,3.3,999,91.0,100000.0,Free,0.0,Everyone,Tools,2013-12-17,3.2,2.2 and up
WP(F,SOCIAL,4.2,204,9.4,5000.0,Paid,0.99,Everyone,Social,2017-09-25,1.4,4.1 and up
PC2-AF,TOOLS,4.1,6267,1.7,1000000.0,Free,0.0,Everyone,Tools,2016-05-07,2.1,3.2 and up
ART,PRODUCTIVITY,3.4,16,293.0,100.0,Paid,6.49,Everyone,Productivity,2014-05-03,1.0,2.2 and up
SDOAF,GAME,4.9,37302,35.0,500000.0,Free,0.0,Everyone,Card,2017-05-08,0.0,4.1 and up
W-AWMF,WEATHER,4.5,3252,3.8,50000.0,Free,0.0,Everyone,Weather,2017-06-25,0.0,4.1 and up
ARPFA,PRODUCTIVITY,4.1,66,17.0,1000.0,Paid,1.29,Everyone,Productivity,2013-09-25,0.0,2.2 and up
DC:STADC,LIFESTYLE,4.4,317,74.0,50000.0,Free,0.0,Everyone,Lifestyle,2016-12-21,3.0,2.3 and up
Google Ads,BUSINESS,4.3,29331,20.0,5000000.0,Free,0.0,Everyone,Business,2018-07-30,0.0,4.0.3 and up
RCAO,TOOLS,4.4,457,1.1,10000.0,Paid,2.99,Everyone,Tools,2016-07-26,3.0,4.1 and up
EABB,TOOLS,3.4,1555,4.1,100000.0,Free,0.0,Everyone,Tools,2015-09-17,1.4,3.0 and up
Bing Ads,BUSINESS,4.1,1828,13.0,100000.0,Free,0.0,Everyone,Business,2018-07-20,0.0,4.1 and up
MBF(A,FAMILY,4.1,30,14.0,1000.0,Paid,0.99,Everyone,Entertainment,2013-04-25,0.0,Varies with device
Apps Ads Detector,TOOLS,3.5,315,8.3,100000.0,Free,0.0,Everyone,Tools,2018-02-19,25.0,4.0.3 and up
TAF-VUABA,PRODUCTIVITY,3.8,1343,9.0,100000.0,Free,0.0,Everyone,Productivity,2018-03-12,0.0,5.0 and up
ACAF,FAMILY,4.6,20178,9.0,100000.0,Free,0.0,Everyone,Puzzle,2014-05-26,0.0,1.6 and up
Easy Hotspot Ad Free,TOOLS,5.0,2,3.3,10.0,Paid,0.99,Everyone,Tools,2018-07-26,1.05,4.0 and up
A+AJDS&B,SHOPPING,4.2,20476,28.0,1000000.0,Free,0.0,Everyone,Shopping,2018-07-17,0.0,4.4 and up
A-WFEOTS,FAMILY,4.0,29708,19.0,1000000.0,Free,0.0,Teen,Entertainment,2018-07-16,0.0,4.4 and up
Adobe Premiere Clip,VIDEO_PLAYERS,3.9,39495,59.0,5000000.0,Free,0.0,Everyone,Video Players & Editors,2018-06-26,0.0,4.4 and up
SFAE,FAMILY,3.7,464,1.9,50000.0,Free,0.0,Everyone,Education,2014-08-09,1.0,2.3 and up
AE Sudoku,FAMILY,4.3,2171,12.0,100000.0,Free,0.0,Everyone,Puzzle,2015-07-29,0.0,2.2 and up
ESS Mobile for AE,PRODUCTIVITY,1.9,63,1.8,5000.0,Free,0.0,Everyone,Productivity,2016-09-27,0.0,3.0 and up
AJ2IA,GAME,4.2,652,30.0,10000.0,Free,0.0,Everyone,Action,2016-02-24,1.0,2.3 and up
AE Jewels,GAME,4.2,960,18.0,50000.0,Free,0.0,Everyone,Action,2015-08-20,0.0,3.0 and up
ACM:AF,GAME,4.3,30002,29.0,1000000.0,Free,0.0,Teen,Casino,2018-02-08,0.0,4.0.3 and up
AE Roundy POP,FAMILY,4.4,5262,26.0,100000.0,Free,0.0,Everyone,Casual,2016-03-23,0.0,2.3 and up
MF(E,GAME,4.0,41759,12.0,1000000.0,Free,0.0,Everyone,Arcade,2014-01-19,0.0,2.0 and up
MA(E,GAME,4.2,4569,12.0,100000.0,Paid,0.99,Everyone,Arcade,2014-01-19,0.0,2.0 and up
AE Lucky Fishing,GAME,4.3,18277,17.0,1000000.0,Free,0.0,Teen,Arcade,2016-03-14,0.0,2.3 and up
AE Video Poker,GAME,4.0,721,18.0,50000.0,Free,0.0,Teen,Casino,2015-12-31,0.0,2.3 and up
AE Solitaire,GAME,4.3,1776,26.0,50000.0,Free,0.0,Everyone,Card,2018-01-04,0.0,4.0.3 and up
AE Blackjack,GAME,4.0,1417,17.0,100000.0,Free,0.0,Teen,Card,2015-11-27,0.0,2.3 and up
AGBABG,GAME,3.7,8581,12.0,1000000.0,Free,0.0,Everyone,Arcade,2013-12-13,0.0,2.2 and up
AE Order,TOOLS,4.1,19,317.0,1000.0,Free,0.0,Everyone,Tools,2013-11-12,0.0,2.3 and up
TV.AE,FAMILY,3.9,109,7.5,10000.0,Free,0.0,Everyone,Entertainment,2017-09-21,0.0,4.4 and up
AE Garage,AUTO_AND_VEHICLES,4.4,64,66.0,1000.0,Free,0.0,Everyone,Auto & Vehicles,2017-06-27,1.0,4.1 and up
AE Bulletins,BOOKS_AND_REFERENCE,4.5,14,30.0,1000.0,Free,0.0,Everyone,Books & Reference,2018-07-18,0.0,4.0.3 and up
AE GTO Racing,GAME,3.9,6988,35.0,100000.0,Free,0.0,Everyone 10+,Racing,2015-09-24,0.0,Varies with device
AE 3D Moto 3,GAME,3.9,2588,26.0,100000.0,Free,0.0,Everyone 10+,Racing,2014-12-31,0.0,2.3 and up
AE FreeCell,GAME,4.2,358,15.0,10000.0,Free,0.0,Everyone,Card,2014-11-06,0.0,2.3 and up
AE City Jump,GAME,4.5,804,27.0,10000.0,Free,0.0,Everyone,Action,2018-07-18,0.0,4.0 and up
AE Angry Chef,GAME,4.1,533,39.0,10000.0,Free,0.0,Everyone 10+,Action,2014-01-24,1.0,2.1 and up
AAND(,BOOKS_AND_REFERENCE,4.7,263,9.1,10000.0,Free,0.0,Everyone,Books & Reference,2015-01-01,2.0,2.1 and up
F-FVE,VIDEO_PLAYERS,4.4,238459,35.0,10000000.0,Free,0.0,Everyone,Video Players & Editors,2018-06-06,0.0,4.2 and up
EM-A,EVENTS,4.7,120,5.1,10000.0,Free,0.0,Everyone,Events,2018-07-25,2.5,4.0.3 and up
N-CAP,FAMILY,4.7,557,6.7,10000.0,Free,0.0,Everyone,Education,2015-10-09,1.0,2.1 and up
AE Master Moto,GAME,4.0,17876,37.0,1000000.0,Free,0.0,Everyone,Racing,2015-12-10,0.0,2.3 and up
Brica BPRO5 AE,PHOTOGRAPHY,3.9,4726,3.9,500000.0,Free,0.0,Everyone,Photography,2015-06-17,1.0,3.1 and up
AE Air Hockey,SPORTS,3.8,926,7.6,50000.0,Free,0.0,Everyone,Sports,2013-08-01,0.0,2.2 and up
AE Fishing Hunter,GAME,4.4,14,6.6,1000.0,Free,0.0,Everyone,Adventure,2016-03-15,0.0,3.0 and up
AVE-EVF,VIDEO_PLAYERS,4.5,74531,32.0,5000000.0,Free,0.0,Everyone,Video Players & Editors,2018-06-15,0.0,4.3 and up
AE Checkout Plugin,SHOPPING,3.8,208,78.0,10000.0,Free,0.0,Everyone,Shopping,2015-02-11,0.0,2.3 and up
NewTek NDI,PHOTOGRAPHY,3.5,77,1.2,1000.0,Paid,19.99,Everyone,Photography,2016-10-26,1.1,4.1 and up
AfterFocus,PHOTOGRAPHY,4.2,165224,15.0,10000000.0,Free,0.0,Everyone,Photography,2016-07-08,0.0,4.0.3 and up
AF Link,NEWS_AND_MAGAZINES,4.7,210,18.0,10000.0,Free,0.0,Everyone,News & Magazines,2018-05-31,0.0,4.4 and up
AF Hydro,HEALTH_AND_FITNESS,2.0,136,15.0,10000.0,Free,0.0,Everyone,Health & Fitness,2018-05-12,0.0,4.4 and up
GIVPA,FAMILY,4.3,726,19.0,5000.0,Paid,4.99,Everyone,Simulation,2016-12-09,0.0,2.3.3 and up
ACR-F,COMICS,2.8,5,4.1,100.0,Free,0.0,Everyone,Comics,2017-11-10,1.0,4.1 and up
Camera FV-5 Lite,PHOTOGRAPHY,4.0,130063,5.6,10000000.0,Free,0.0,Everyone,Photography,2017-11-10,0.0,4.0 and up
FASHF,FAMILY,3.9,12,3.5,1000.0,Free,0.0,Everyone,Entertainment,2018-06-22,1.0,4.0 and up
CD(RA,MEDICAL,4.2,4559,6.4,100000.0,Free,0.0,Everyone,Medical,2018-07-27,117.0,3.0 and up
DC-AFABP,PHOTOGRAPHY,3.4,30,3.0,10000.0,Free,0.0,Everyone,Photography,2018-04-18,0.0,4.0.3 and up
AF-STROKE (FREE),MEDICAL,4.5,93,924.0,10000.0,Free,0.0,Teen,Medical,2013-01-25,1.1,2.1 and up
H-SMIA,FINANCE,4.7,51,11.0,1000.0,Free,0.0,Everyone,Finance,2018-04-15,0.0,4.1 and up
AppFinder by AppTap,TOOLS,2.0,2221,4.9,5000000.0,Free,0.0,Everyone,Tools,2017-10-03,0.0,5.0 and up
Bazar.af,SHOPPING,4.7,13,1.3,500.0,Free,0.0,Everyone,Shopping,2017-07-07,0.0,4.0 and up
DBCAF,TOOLS,3.3,75,4.7,10000.0,Free,0.0,Everyone,Tools,2018-06-07,1.3,4.0.3 and up
Ariana News AF,NEWS_AND_MAGAZINES,4.1,20,3.1,5000.0,Free,0.0,Everyone,News & Magazines,2017-07-10,1.1,4.0 and up
easyFocus,PHOTOGRAPHY,3.7,3396,266.0,500000.0,Free,0.0,Everyone,Photography,2012-11-28,0.0,2.2 and up
Open Camera,PHOTOGRAPHY,4.3,116769,2.0,10000000.0,Free,0.0,Everyone,Photography,2018-04-23,0.0,4.0.3 and up
BI-DFE,PHOTOGRAPHY,3.9,38055,4.1,5000000.0,Free,0.0,Everyone,Photography,2017-06-16,1.17,4.0 and up
TQMASQK,LIFESTYLE,5.0,7,3.4,1000.0,Free,0.0,Everyone,Lifestyle,2018-06-09,1.4,4.0 and up
Camera Pro,PHOTOGRAPHY,4.1,7479,13.0,1000000.0,Free,0.0,Everyone,Photography,2018-04-16,5.4,4.0 and up
Rоhi.af,NEWS_AND_MAGAZINES,4.8,46,46.0,1000.0,Free,0.0,Everyone,News & Magazines,2017-05-01,0.0,4.1 and up
HC-SS,PHOTOGRAPHY,4.0,26530,3.9,1000000.0,Free,0.0,Everyone,Photography,2018-07-23,0.0,3.2 and up
ADPE:AFE,PHOTOGRAPHY,3.8,6,3.5,1000.0,Free,0.0,Everyone,Photography,2018-02-20,1.6,4.0.3 and up
Gun Strike Shoot,GAME,4.1,94761,17.0,10000000.0,Free,0.0,Teen,Action,2017-02-21,0.0,2.3 and up
AF-LN&V,SPORTS,4.6,152653,17.0,10000000.0,Free,0.0,Everyone,Sports,2018-08-03,0.0,4.1 and up
5FE&FA,BOOKS_AND_REFERENCE,4.1,52312,11.0,5000000.0,Free,0.0,Teen,Books & Reference,2018-05-19,0.0,4.4 and up
KOADW,FAMILY,4.2,306652,64.0,10000000.0,Free,0.0,Everyone 10+,Strategy,2018-07-31,0.0,4.0.3 and up
What's Up,LIFESTYLE,4.1,23453,10.0,1000000.0,Free,0.0,Everyone,Lifestyle,2017-10-26,2.0,4.0 and up
Afterlight,PHOTOGRAPHY,4.3,50893,35.0,1000000.0,Free,0.0,Everyone,Photography,2014-11-20,0.0,4.0.3 and up
B:ABPB&DF,PHOTOGRAPHY,4.3,2215,12.0,500000.0,Free,0.0,Everyone,Photography,2018-07-27,1.12,4.3 and up
Blur,PHOTOGRAPHY,4.0,9013,2.4,1000000.0,Free,0.0,Everyone,Photography,2018-06-18,0.0,4.4 and up
ACPE,COMMUNICATION,4.5,88,3.7,500.0,Paid,4.99,Everyone,Communication,2018-05-18,0.0,4.0.3 and up
Ag PhD Field Guide,BOOKS_AND_REFERENCE,4.1,114,6.3,10000.0,Free,0.0,Everyone,Books & Reference,2015-05-25,2.0,2.3 and up
AG Drive 3D,GAME,3.8,164,22.0,10000.0,Free,0.0,Everyone,Adventure,2015-03-20,0.0,2.3.3 and up
ACLE,COMMUNICATION,4.5,185,3.7,5000.0,Free,0.0,Everyone,Communication,2018-05-18,0.0,4.0.3 and up
Trimble Ag Mobile,PRODUCTIVITY,4.1,85,44.0,10000.0,Free,0.0,Everyone,Productivity,2018-08-02,0.0,4.1 and up
Ag PhD Deficiencies,BOOKS_AND_REFERENCE,3.9,20,9.7,10000.0,Free,0.0,Everyone,Books & Reference,2016-06-21,1.0,4.0.3 and up
AG Screen Recorder,TOOLS,3.7,7,2.7,1000.0,Free,0.0,Everyone,Tools,2018-04-03,3.0,5.0 and up
ASSM,FAMILY,4.5,623,47.0,5000.0,Paid,0.99,Everyone,Simulation,2018-06-02,0.0,4.1 and up
ASSL,FAMILY,4.4,6738,56.0,100000.0,Free,0.0,Everyone,Simulation,2018-06-08,0.0,4.1 and up
EZ Ag Mobile,FINANCE,3.4,19,24.0,5000.0,Free,0.0,Everyone,Finance,2017-08-12,0.0,3.0 and up
Ag PhD Soils,PRODUCTIVITY,2.3,3,16.0,1000.0,Free,0.0,Everyone,Productivity,2018-07-16,0.0,4.4 and up
All States Ag Parts,SHOPPING,4.7,68,6.5,10000.0,Free,0.0,Everyone,Shopping,2018-01-25,0.0,5.0 and up
VARFC,GAME,3.4,13,27.0,1000.0,Free,0.0,Everyone,Racing,2016-09-29,1.1,4.1 and up
Safe Ag Systems™,BUSINESS,4.7,3,36.0,100.0,Free,0.0,Everyone,Business,2018-07-22,0.0,4.0.3 and up
Lakeside AG Moultrie,LIFESTYLE,5.0,3,8.6,50.0,Free,0.0,Everyone,Lifestyle,2017-05-23,1.0,4.1 and up
MT–TMAA,PRODUCTIVITY,3.6,64,15.0,10000.0,Free,0.0,Everyone,Productivity,2017-10-16,4.2,4.4 and up
Eternal Light AG,SOCIAL,5.0,30,13.0,100.0,Free,0.0,Teen,Social,2018-05-19,1.04,4.0.3 and up
PW-PGA,LIBRARIES_AND_DEMO,4.3,375,15.0,10000.0,Free,0.0,Everyone,Libraries & Demo,2018-06-01,0.0,4.0.3 and up
AVC,BUSINESS,5.0,6,74.0,500.0,Free,0.0,Everyone,Business,2017-06-26,2.3,4.0 and up
FRBC,BOOKS_AND_REFERENCE,4.1,295,6.9,50000.0,Free,0.0,Everyone,Books & Reference,2017-06-20,0.0,4.0.3 and up
AG Track,TOOLS,4.1,12,8.7,100.0,Free,0.0,Everyone,Tools,2018-03-23,3.3,4.0 and up
DB-A!,FAMILY,4.5,2931,818.0,100000.0,Free,0.0,Everyone,Entertainment,2017-08-04,1.1,4.2 and up
AC(H,HEALTH_AND_FITNESS,3.4,5,59.0,1000.0,Free,0.0,Everyone,Health & Fitness,2018-01-23,0.0,4.4 and up
AKFK,PERSONALIZATION,4.6,644,59.0,50000.0,Free,0.0,Everyone,Personalization,2017-04-30,1.2,4.4 and up
Chenoweth AH,MEDICAL,5.0,1,27.0,100.0,Free,0.0,Everyone,Medical,2017-04-03,0.0,4.0.3 and up
Ah! Cutie,FAMILY,3.9,536,10.0,10000.0,Free,0.0,Everyone,Casual,2017-06-27,0.0,4.0 and up
AH Alarm Panel,TOOLS,3.9,7,81.0,100.0,Paid,4.99,Everyone,Tools,2011-05-12,0.0,1.5 and up
Arrowhead AH App,MEDICAL,5.0,3,28.0,100.0,Free,0.0,Everyone,Medical,2017-04-21,0.0,4.0.3 and up
Ah! Monster,FAMILY,4.1,1998,9.8,100000.0,Free,0.0,Everyone,Casual,2017-06-21,0.0,4.0 and up
Kimbrough AH,MEDICAL,5.0,5,28.0,100.0,Free,0.0,Everyone,Medical,2017-09-21,0.0,4.0.3 and up
The Ah Yeah! Button,FAMILY,3.0,30,318.0,5000.0,Free,0.0,Everyone,Entertainment,2013-10-01,1.2,2.3 and up
Bee'ah Employee App,COMMUNICATION,4.0,4,5.4,100.0,Free,0.0,Teen,Communication,2017-12-24,0.0,5.0 and up
Clarksburg AH,MEDICAL,1.0,1,28.0,50.0,Free,0.0,Everyone,Medical,2017-05-01,0.0,4.0.3 and up
Prestige AH,MEDICAL,4.0,2,29.0,100.0,Free,0.0,Everyone,Medical,2017-05-11,0.0,4.0.3 and up
Ebenezer AH,MEDICAL,4.0,4,27.0,500.0,Free,0.0,Everyone,Medical,2017-05-05,0.0,4.0.3 and up
AVCO-HFS,GAME,3.8,1088,86.0,100000.0,Free,0.0,Teen,Action,2018-02-16,0.0,4.3 and up
Ah! Bird,SPORTS,3.5,1689,5.7,100000.0,Free,0.0,Everyone,Sports,2017-08-29,0.0,4.3 and up
Brandon Lakes AH,MEDICAL,2.6,5,27.0,100.0,Free,0.0,Everyone,Medical,2017-05-05,0.0,4.0.3 and up
Ah! Coins,GAME,3.4,256,9.1,50000.0,Free,0.0,Everyone,Action,2016-12-08,0.0,2.3 and up
Replika,FAMILY,4.5,45458,35.0,1000000.0,Free,0.0,Mature 17+,Entertainment,2018-08-03,0.0,4.4 and up
AIV,ART_AND_DESIGN,3.4,486,5.9,100000.0,Free,0.0,Everyone,Art & Design,2018-07-26,5.7,5.0 and up
Real AI,FAMILY,3.8,949,1.2,50000.0,Free,0.0,Everyone,Entertainment,2018-07-22,4.9,4.0 and up
TAIP(C,FAMILY,3.0,76,39.0,5000.0,Paid,1.99,Everyone,Simulation,2018-03-29,1.2,2.3 and up
VADAI,FAMILY,4.4,80927,27.0,1000000.0,Free,0.0,Everyone,Entertainment,2018-07-31,0.0,4.0 and up
A-AI,FAMILY,4.0,51,3.2,1000.0,Free,0.0,Everyone,Entertainment,2018-06-03,0.0,4.0 and up
AI,FAMILY,3.9,339,4.2,50000.0,Free,0.0,Everyone,Education,2018-04-05,6.2,4.0 and up
OA—EMP&R,FAMILY,4.6,116973,31.0,1000000.0,Free,0.0,Everyone,Puzzle,2018-03-29,0.0,4.1 and up
SMS AI Bot,TOOLS,3.8,89,3.9,10000.0,Free,0.0,Everyone,Tools,2018-07-01,0.0,4.1 and up
CATG,FAMILY,3.8,3597,25.0,100000.0,Free,0.0,Everyone 10+,Entertainment,2018-07-31,0.0,4.0.3 and up
Youper - AI Therapy,MEDICAL,4.6,1976,69.0,50000.0,Free,0.0,Everyone,Medical,2018-08-03,0.0,6.0 and up
PASG,TOOLS,3.6,448,4.3,50000.0,Free,0.0,Everyone,Tools,2017-03-23,1.9,1.6 and up
EPVA,PRODUCTIVITY,4.4,25627,9.8,1000000.0,Free,0.0,Everyone,Productivity,2018-08-05,132.0,5.0 and up
AFBA-I(,BEAUTY,3.1,40,13.0,10000.0,Free,0.0,Everyone,Beauty,2018-04-11,20.0,4.1 and up
R-AVA,MAPS_AND_NAVIGATION,4.2,55313,16.0,1000000.0,Free,0.0,Everyone,Maps & Navigation,2018-08-05,4.435,4.1 and up
LAI,FAMILY,4.6,27,4.2,10000.0,Free,0.0,Everyone,Education,2018-07-14,0.0,4.1 and up
AI Benchmark,TOOLS,4.0,97,99.0,5000.0,Free,0.0,Everyone,Tools,2018-06-29,0.0,4.1 and up
AT:AIN&A1,NEWS_AND_MAGAZINES,5.0,43,2.3,100.0,Free,0.0,Everyone,News & Magazines,2018-06-22,1.0,4.4 and up
TAPCB,FAMILY,3.3,40,3.6,1000.0,Free,0.0,Everyone,Entertainment,2017-05-15,1.0,4.0.3 and up
PAPAR,PRODUCTIVITY,4.1,22,26.0,1000.0,Free,0.0,Everyone,Productivity,2017-11-02,1.5,4.0.3 and up
B(E,PRODUCTIVITY,3.6,8,3.2,100.0,Free,0.0,Everyone,Productivity,2017-11-04,1.2,4.1 and up
CWAI,FAMILY,3.2,32,2.8,1000.0,Free,0.0,Everyone,Entertainment,2018-05-10,1.0,4.0 and up
FSPA,PRODUCTIVITY,4.4,2087,8.3,100000.0,Free,0.0,Everyone,Productivity,2018-06-24,20.0,5.0 and up
Virtual Eye AI,TOOLS,4.4,26,3.8,500.0,Free,0.0,Everyone,Tools,2018-05-27,1.2,4.0 and up
LVA,PRODUCTIVITY,4.5,41624,3.4,1000000.0,Free,0.0,Everyone,Productivity,2018-05-24,0.0,4.0.3 and up
2048(AI),FAMILY,4.3,20,3.5,1000.0,Free,0.0,Everyone,Casual,2015-06-03,0.33,2.3 and up
ai robot keyboard,PERSONALIZATION,4.7,1891,1.9,100000.0,Free,0.0,Everyone,Personalization,2018-05-24,10001008.0,4.0.3 and up
AWPT,FAMILY,4.4,8,3.3,5000.0,Free,0.0,Everyone,Education,2018-06-05,0.0,4.1 and up
FaceApp,PHOTOGRAPHY,4.4,346681,7.1,10000000.0,Free,0.0,Everyone,Photography,2018-02-10,0.0,4.4 and up
MA-WBM(,SOCIAL,3.7,3,7.9,100.0,Free,0.0,Everyone,Social,2018-07-04,0.0,5.0 and up
C-ACO,FAMILY,3.3,1407,1.4,100000.0,Free,0.0,Everyone,Entertainment,2015-09-25,2.1,2.2 and up
M(IA,PRODUCTIVITY,3.7,3,7.5,100.0,Free,0.0,Everyone,Productivity,2018-03-01,11.04,4.1 and up
AD|AFFS,PHOTOGRAPHY,3.0,20,4.3,1000.0,Paid,2.99,Everyone,Photography,2018-06-18,0.0,5.0 and up
TA-PA,PRODUCTIVITY,2.6,91,2.8,5000.0,Free,0.0,Everyone,Productivity,2018-07-16,0.0,4.0.3 and up
AI Sight,PRODUCTIVITY,3.5,43,48.0,1000.0,Free,0.0,Everyone,Productivity,2018-06-18,1.2,4.0.3 and up
JAI,FAMILY,3.9,253,14.0,10000.0,Free,0.0,Everyone,Entertainment,2018-03-28,1.1,2.3 and up
AOAWS,FAMILY,4.6,71,5.7,500.0,Paid,2.49,Everyone,Strategy,2018-03-14,1.8,4.0 and up
DDAA,LIFESTYLE,3.8,89,939.0,10000.0,Free,0.0,Everyone,Lifestyle,2013-02-18,2.3,2.1 and up
AJ-PW,FAMILY,4.6,361734,58.0,5000000.0,Free,0.0,Everyone,Casual;Pretend Play,2018-08-02,0.0,4.1 and up
AJAJK,GAME,4.4,2975,42.0,50000.0,Paid,1.99,Everyone,Arcade,2016-03-07,1.6,4.0 and up
AAAA,FAMILY,4.5,1564,35.0,50000.0,Free,0.0,Everyone,Educational;Education,2018-05-25,0.0,4.1 and up
DT-FER,FAMILY,4.5,6750,43.0,100000.0,Free,0.0,Everyone,Casual,2018-06-13,0.0,4.3 and up
JAFAJ,SOCIAL,4.7,3873,63.0,10000.0,Free,0.0,Teen,Social,2018-07-13,0.0,4.0.3 and up
Tunnel Town,FAMILY,4.4,74744,60.0,1000000.0,Free,0.0,Everyone,Strategy,2018-07-26,0.0,4.1 and up
AJ Cam,PHOTOGRAPHY,5.0,44,2.8,100.0,Free,0.0,Everyone,Photography,2018-01-23,1.0,4.1 and up
Club Penguin Island,FAMILY,2.8,107441,32.0,1000000.0,Free,0.0,Everyone,Casual;Action & Adventure,2018-07-10,0.0,4.4 and up
AJ Official,FAMILY,4.6,31,7.3,500.0,Free,0.0,Everyone,Education,2017-05-03,0.1,2.3 and up
AJ Bell Youinvest,FINANCE,2.8,135,5.3,10000.0,Free,0.0,Everyone,Finance,2018-06-04,0.0,4.4 and up
HAIS,BOOKS_AND_REFERENCE,5.0,12,50.0,100.0,Paid,3.99,Everyone,Books & Reference,2016-06-13,0.0,2.2 and up
SWCAS,PHOTOGRAPHY,5.0,2,7.5,500.0,Free,0.0,Everyone,Photography,2018-01-08,1.0,3.2 and up
BGAJF,GAME,2.8,9,26.0,500.0,Free,0.0,Everyone,Board,2017-03-24,1.0,2.3 and up
Blackjack aj Poker,GAME,3.8,8,4.2,1000.0,Free,0.0,Teen,Card,2016-10-19,1.1,2.3.3 and up
BPA-TAJFK,FAMILY,4.1,22,31.0,1000.0,Free,0.0,Everyone,Puzzle,2018-08-03,0.0,4.1 and up
AJ Player,VIDEO_PLAYERS,4.8,18,1.7,100.0,Free,0.0,Everyone,Video Players & Editors,2018-04-22,0.0,5.0 and up
AJ RETAILS,SHOPPING,5.0,9,169.0,10.0,Free,0.0,Everyone,Shopping,2018-06-01,18060104.0,2.2 and up
HAIB,FAMILY,5.0,1,63.0,10.0,Paid,4.99,Everyone,Education,2018-04-04,0.0,2.3 and up
APOC,SHOPPING,4.4,134,45.0,10000.0,Free,0.0,Everyone,Shopping,2013-06-04,1.2,2.2 and up
AJ Men's Grooming,LIFESTYLE,5.0,2,22.0,100.0,Free,0.0,Everyone,Lifestyle,2017-08-28,5.0,4.1 and up
WFSA,PERSONALIZATION,4.1,21,3.6,100.0,Paid,0.99,Everyone,Personalization,2017-09-20,1.35,4.3 and up
ASHW,ART_AND_DESIGN,4.8,48,25.0,5000.0,Free,0.0,Everyone,Art & Design,2018-08-04,0.0,4.1 and up
AJ Gray Icon Pack,PERSONALIZATION,4.8,5,35.0,50.0,Paid,0.99,Everyone,Personalization,2018-04-22,1.1,4.1 and up
ASW2-ASHW,ART_AND_DESIGN,4.0,18,3.6,1000.0,Free,0.0,Everyone,Art & Design,2018-03-22,1.1,4.0 and up
AGDIP,PERSONALIZATION,5.0,2,35.0,10.0,Paid,0.99,Everyone,Personalization,2018-04-29,1.1,4.1 and up
LPAG,FAMILY,4.6,18893,91.0,100000.0,Free,0.0,Everyone,Casual;Pretend Play,2018-06-09,0.0,4.0.3 and up
AJ Blue Icon Pack,PERSONALIZATION,5.0,4,31.0,50.0,Paid,0.99,Everyone,Personalization,2018-04-27,1.1,4.1 and up
MWPOAS,FAMILY,4.5,26916,67.0,500000.0,Free,0.0,Everyone,Casual;Pretend Play,2017-03-17,2.7,4.0.3 and up
ARML,FAMILY,5.0,1,8.2,10.0,Free,0.0,Everyone,Entertainment,2017-11-29,0.0,4.1 and up
How it works: AK-74N,FAMILY,4.4,1031,48.0,100000.0,Free,0.0,Everyone,Entertainment,2018-01-09,0.0,4.0.3 and up
ASAS,FAMILY,4.0,345,14.0,100000.0,Free,0.0,Everyone 10+,Simulation,2016-11-11,0.0,3.0 and up
AK-47 Sounds,FAMILY,3.9,656,2.9,500000.0,Free,0.0,Everyone 10+,Entertainment,2016-09-14,2.0,2.3.3 and up
AK 47 Live Wallpaper,PERSONALIZATION,4.1,585,4.4,50000.0,Free,0.0,Everyone,Personalization,2018-06-20,1.3,4.1 and up
PSAAPZG,GAME,4.8,21,89.0,1000.0,Free,0.0,Everyone,Arcade,2018-03-30,0.0,4.4 and up
AK Interactive,FAMILY,4.3,734,13.0,10000.0,Free,0.0,Everyone,Entertainment,2018-07-12,2.5,4.0 and up
AK-47 sounds,FAMILY,3.9,7,3.8,1000.0,Free,0.0,Everyone,Entertainment,2018-06-18,568.0,4.0 and up
WA4G,PERSONALIZATION,4.5,37,15.0,5000.0,Free,0.0,Teen,Personalization,2017-02-26,1.0,4.1 and up
AK-47 Assault Rifle,FAMILY,3.7,165,25.0,10000.0,Free,0.0,Teen,Entertainment,2015-04-26,1.0,2.3 and up
CA2NF,GAME,4.3,807226,34.0,10000000.0,Free,0.0,Teen,Action,2018-07-11,0.0,4.0.3 and up
AK 47 Guns Wallpaper,PERSONALIZATION,4.2,322,6.8,50000.0,Free,0.0,Everyone,Personalization,2017-05-29,1.0,4.1 and up
AK-47 3D,GAME,3.7,91,24.0,10000.0,Free,0.0,Everyone,Action,2016-12-25,3.2,2.3 and up
Book of AK-47,LIFESTYLE,3.8,6,3.4,500.0,Free,0.0,Everyone,Lifestyle,2016-03-01,0.0,4.0.3 and up
Weapon stripping 3D,FAMILY,4.6,23971,24.0,1000000.0,Free,0.0,Everyone,Simulation,2018-08-04,39.231,4.1 and up
WALW,PERSONALIZATION,3.3,25,46.0,1000.0,Free,0.0,Everyone,Personalization,2017-03-28,1.2,4.0.3 and up
SMVA:RWS,FAMILY,3.0,2,33.0,100.0,Free,0.0,Everyone,Simulation,2018-07-18,1.0,4.1 and up
CTA,GAME,3.9,145931,43.0,10000000.0,Free,0.0,Teen,Action,2018-05-31,0.0,2.3 and up
RULES OF SURVIVAL,GAME,4.2,1343106,56.0,10000000.0,Free,0.0,Teen,Action,2018-08-01,0.0,4.0 and up
AK47 Assault Rifle,TOOLS,3.9,54,2.8,10000.0,Free,0.0,Everyone,Tools,2015-05-02,0.0,2.2 and up
WSA,FAMILY,4.1,21,26.0,5000.0,Free,0.0,Everyone,Simulation,2017-05-15,1.0,4.1 and up
AK 47 Lock Screen,PERSONALIZATION,4.6,5,8.8,500.0,Free,0.0,Mature 17+,Personalization,2018-02-11,1.0,4.0.3 and up
AK Phone,COMMUNICATION,4.4,9,4.2,5000.0,Free,0.0,Everyone,Communication,2017-05-29,0.0,2.2 and up
AK Booster,TOOLS,3.8,71,7.0,10000.0,Free,0.0,Everyone,Tools,2018-05-02,0.0,4.4 and up
GUN ZOMBIE,GAME,4.4,243121,38.0,5000000.0,Free,0.0,Teen,Arcade,2014-10-17,5.3,2.3 and up
AK Lodi Films,VIDEO_PLAYERS,4.9,23,2.1,100.0,Free,0.0,Everyone,Video Players & Editors,2015-08-11,1.1,4.0 and up
GMGIMP,FAMILY,3.6,33812,12.0,5000000.0,Free,0.0,Teen,Entertainment,2018-07-30,2.5,4.1 and up
Kymco AK 550,AUTO_AND_VEHICLES,4.3,47,58.0,1000.0,Free,0.0,Everyone,Auto & Vehicles,2016-11-11,1.0,2.3 and up
AK Math Coach,FAMILY,3.6,283,18.0,50000.0,Free,0.0,Everyone,Education,2015-05-19,1.3,2.3.3 and up
SSWF,GAME,4.1,82827,20.0,10000000.0,Free,0.0,Teen,Arcade,2018-07-13,0.0,4.0 and up
AL.com,NEWS_AND_MAGAZINES,3.4,803,8.0,50000.0,Free,0.0,Everyone 10+,News & Magazines,2018-07-23,0.0,4.1 and up
UOA,FAMILY,4.5,302,3.0,50000.0,Free,0.0,Everyone,Education,2017-11-30,3.3,4.1 and up
Alabama Gameday Live,SPORTS,4.7,19,12.0,1000.0,Free,0.0,Everyone,Sports,2018-05-18,0.0,4.2 and up
AAFN,SPORTS,4.5,459,8.0,10000.0,Free,0.0,Everyone 10+,Sports,2018-07-23,0.0,4.1 and up
Alabama Road Trips,TRAVEL_AND_LOCAL,4.4,71,28.0,10000.0,Free,0.0,Everyone,Travel & Local,2017-10-27,0.0,4.0 and up
ADPT-A,FAMILY,4.3,218,29.0,10000.0,Free,0.0,Everyone,Education,2018-02-15,0.0,4.4 and up
Al-Quran (Free),BOOKS_AND_REFERENCE,4.6,218451,4.7,10000000.0,Free,0.0,Everyone,Books & Reference,2018-05-20,0.0,4.0 and up
OAF&H,TRAVEL_AND_LOCAL,4.2,1291,40.0,50000.0,Free,0.0,Everyone,Travel & Local,2017-10-18,0.0,4.4 and up
AQ(&BW,BOOKS_AND_REFERENCE,4.8,57400,14.0,500000.0,Free,0.0,Everyone,Books & Reference,2018-07-30,0.0,4.0 and up
Al Quran Indonesia,BOOKS_AND_REFERENCE,4.8,445756,16.0,10000000.0,Free,0.0,Everyone,Books & Reference,2018-05-15,0.0,4.0 and up
ABI,BOOKS_AND_REFERENCE,4.6,361780,9.7,10000000.0,Free,0.0,Everyone,Books & Reference,2018-05-30,4.1,2.3 and up
Al Quran Al karim,BOOKS_AND_REFERENCE,4.6,41608,49.0,1000000.0,Free,0.0,Everyone,Books & Reference,2017-11-05,0.0,2.2 and up
Al jazeera TV,FAMILY,4.6,9952,3.7,100000.0,Free,0.0,Teen,Entertainment,2016-07-05,0.0,4.0.3 and up
Al-Muhaffiz,BOOKS_AND_REFERENCE,4.7,2319,27.0,50000.0,Free,0.0,Everyone,Books & Reference,2018-04-22,10.1,4.1 and up
AQA(3J,FAMILY,4.7,7878,3.6,1000000.0,Free,0.0,Everyone,Education,2017-05-29,4.0,2.3 and up
QFA(I,FAMILY,4.8,6696,5.3,100000.0,Free,0.0,Everyone,Education,2018-02-07,0.0,4.0 and up
AL Voice Recorder,PRODUCTIVITY,3.6,4832,2.4,1000000.0,Free,0.0,Everyone,Productivity,2016-11-22,0.0,3.0 and up
Ayat - Al Quran,FAMILY,4.7,173394,8.5,5000000.0,Free,0.0,Everyone,Education,2018-03-13,0.0,4.0 and up
QJ-MAZ,FAMILY,4.6,2654,6.7,100000.0,Free,0.0,Everyone,Education,2016-11-02,0.0,2.2 and up
Al Mayadeen,NEWS_AND_MAGAZINES,4.7,13620,9.0,500000.0,Free,0.0,Everyone,News & Magazines,2018-04-16,2.137,4.1 and up
Al-Quran Al-Muallim,FAMILY,4.5,199,266.0,10000.0,Free,0.0,Everyone,Education,2013-09-11,1.0,2.2 and up
A3JFC,BOOKS_AND_REFERENCE,4.5,12322,27.0,500000.0,Free,0.0,Everyone,Books & Reference,2016-12-17,3.0,2.3 and up
KR&3JO,BOOKS_AND_REFERENCE,4.8,29551,67.0,1000000.0,Free,0.0,Everyone,Books & Reference,2018-04-06,0.0,4.0.3 and up
AQM-QR,FAMILY,4.7,47463,22.0,1000000.0,Free,0.0,Everyone,Education,2018-04-24,4.4,4.0.3 and up
ABIP,BOOKS_AND_REFERENCE,4.7,1340,11.0,10000.0,Paid,4.49,Everyone,Books & Reference,2018-05-16,0.0,2.2 and up
HQ1LPP,BOOKS_AND_REFERENCE,4.7,55011,68.0,1000000.0,Free,0.0,Everyone,Books & Reference,2017-11-02,0.0,4.1 and up
AASO,FAMILY,4.7,7116,40.0,100000.0,Free,0.0,Everyone,Education,2016-08-09,1.0,2.3.3 and up
1SM&SPANA,LIFESTYLE,4.7,759,15.0,50000.0,Free,0.0,Everyone 10+,Lifestyle,2018-01-22,0.0,4.1 and up
AQF-ا(,BOOKS_AND_REFERENCE,4.7,1777,23.0,50000.0,Free,0.0,Everyone,Books & Reference,2015-02-15,1.1,2.2 and up
TAJQM,LIFESTYLE,4.6,518,4.2,50000.0,Free,0.0,Everyone,Lifestyle,2017-03-25,1.1,2.3.3 and up
Surah Al-Waqiah,BOOKS_AND_REFERENCE,4.7,1201,2.9,100000.0,Free,0.0,Everyone,Books & Reference,2015-06-24,1.0,2.3.3 and up
HAM-HI&A,BOOKS_AND_REFERENCE,4.6,3234,85.0,100000.0,Free,0.0,Everyone,Books & Reference,2017-12-26,0.0,4.1 and up
I am rich,LIFESTYLE,3.8,3547,1.8,100000.0,Paid,399.99,Everyone,Lifestyle,2018-01-12,2.0,4.0.3 and up
I AM RICH,FAMILY,3.9,1455,1.1,10000.0,Free,0.0,Everyone,Entertainment,2017-10-11,1.0,2.3 and up
Amazon for Tablets,SHOPPING,4.0,141584,22.0,10000000.0,Free,0.0,Teen,Shopping,2018-07-31,0.0,4.4 and up
I am Rich Plus,FAMILY,4.0,856,8.7,10000.0,Paid,399.99,Everyone,Entertainment,2018-05-19,3.0,4.4 and up
I am rich VIP,LIFESTYLE,3.8,411,2.6,10000.0,Paid,299.99,Everyone,Lifestyle,2018-07-21,0.0,4.3 and up
I Am Rich Premium,FINANCE,4.1,1867,4.7,50000.0,Paid,399.99,Everyone,Finance,2017-11-12,1.6,4.0 and up
I am extremely Rich,LIFESTYLE,2.9,41,2.9,1000.0,Paid,379.99,Everyone,Lifestyle,2018-07-01,1.0,4.0 and up
I am Rich!,FINANCE,3.8,93,22.0,1000.0,Paid,399.99,Everyone,Finance,2017-12-11,1.0,4.1 and up
I am rich(premium),FINANCE,3.5,472,965.0,5000.0,Paid,399.99,Everyone,Finance,2017-05-01,3.4,4.4 and up
I am Rich Person,LIFESTYLE,4.2,134,1.8,1000.0,Paid,37.99,Everyone,Lifestyle,2017-07-18,1.0,4.0.3 and up
IARPP,FINANCE,4.6,459,2.0,10000.0,Paid,18.99,Everyone,Finance,2018-02-17,1.1,4.0.3 and up
I Am Rich Pro,FAMILY,4.4,201,2.7,5000.0,Paid,399.99,Everyone,Entertainment,2017-05-30,1.54,1.6 and up
I Am Innocent,GAME,4.4,208501,56.0,1000000.0,Free,0.0,Teen,Adventure,2018-07-23,0.0,4.0.3 and up
IAR(EA,FINANCE,4.1,129,2.7,1000.0,Paid,399.99,Teen,Finance,2017-12-06,2.0,4.0.3 and up
i am rich,BUSINESS,3.9,213,2.9,1000.0,Free,0.0,Everyone,Business,2018-06-09,1.0,4.0 and up
I Am Rich,FAMILY,3.6,217,4.9,10000.0,Paid,389.99,Everyone,Entertainment,2018-06-22,1.5,4.2 and up
I am Bread,GAME,4.0,630,20.0,10000.0,Paid,4.99,Everyone,Adventure,2016-10-26,0.0,4.4 and up
Where Am I At?,TRAVEL_AND_LOCAL,3.8,39,12.0,10000.0,Free,0.0,Everyone,Travel & Local,2016-10-08,1.2,4.1 and up
I am Rich,FINANCE,4.3,180,3.8,5000.0,Paid,399.99,Everyone,Finance,2018-03-22,1.0,4.2 and up
Where Am I? GPS Loc,TRAVEL_AND_LOCAL,4.6,68,4.2,10000.0,Free,0.0,Everyone,Travel & Local,2017-11-14,5.0,4.0.3 and up
IAM-RGITT,LIFESTYLE,3.6,126,1.4,5000.0,Paid,2.49,Everyone,Lifestyle,2018-06-22,8.0,4.1 and up
CTCAI,NEWS_AND_MAGAZINES,3.9,4581,21.0,100000.0,Free,0.0,Everyone,News & Magazines,2018-01-04,0.0,4.4 and up
I AM RICH PRO PLUS,FINANCE,4.0,36,41.0,1000.0,Paid,399.99,Everyone,Finance,2018-06-25,0.0,4.1 and up
I Am Wizard,FAMILY,4.2,1493,57.0,100000.0,Free,0.0,Everyone,Strategy,2018-04-01,0.0,4.1 and up
WAI-BT,GAME,4.2,4537,15.0,100000.0,Free,0.0,Everyone,Trivia,2017-04-05,2.2,4.0.3 and up
Who am I? (Biblical),GAME,4.5,5849,5.1,500000.0,Free,0.0,Everyone,Trivia,2017-09-13,0.0,4.0.3 and up
D7UAR,NEWS_AND_MAGAZINES,4.7,327,31.0,10000.0,Free,0.0,Everyone,News & Magazines,2018-06-26,0.0,4.1 and up
ABAE,FAMILY,3.5,33944,28.0,1000000.0,Free,0.0,Everyone 10+,Strategy,2016-03-10,0.0,4.1 and up
VAAJ,GAME,4.5,10256,39.0,1000000.0,Free,0.0,Everyone,Action,2017-12-11,0.0,4.3 and up
TAAFE|BWA,LIFESTYLE,4.6,8004,34.0,100000.0,Free,0.0,Teen,Lifestyle,2018-07-31,0.0,4.1 and up
The Sims™ FreePlay,FAMILY,4.3,931503,31.0,10000000.0,Free,0.0,Teen,Simulation,2018-07-16,0.0,4.0.3 and up
My Emma :),FAMILY,4.1,245839,76.0,10000000.0,Free,0.0,Everyone,Casual,2017-04-03,0.0,4.1 and up
LOG-BAEL,SPORTS,4.5,68072,40.0,5000000.0,Free,0.0,Everyone,Sports,2018-07-26,0.0,4.1 and up
DASEF,GAME,4.2,210317,46.0,10000000.0,Free,0.0,Everyone 10+,Adventure,2015-04-10,0.0,2.3.3 and up
My Horse,FAMILY,4.5,1333338,8.7,10000000.0,Free,0.0,Everyone,Casual,2018-05-23,0.0,2.3.3 and up
MB-YVPG,FAMILY,4.4,899748,80.0,10000000.0,Free,0.0,Everyone,Casual,2018-08-03,2.11,4.1 and up
CAFWBDANC,BUSINESS,3.7,23729,24.0,1000000.0,Free,0.0,Everyone,Business,2018-05-14,7.2,4.4 and up
TKOF2,GAME,4.4,406511,21.0,5000000.0,Free,0.0,Teen,Action,2016-10-21,0.0,4.0.3 and up
DWLP,LIFESTYLE,4.3,179139,9.7,5000000.0,Free,0.0,Everyone,Lifestyle,2017-11-01,0.0,4.0.3 and up
Fast like a Fox,GAME,4.3,104389,12.0,5000000.0,Free,0.0,Everyone,Adventure,2018-04-17,0.0,4.2 and up
GCE,FAMILY,3.8,130689,57.0,5000000.0,Free,0.0,Everyone 10+,Simulation,2018-08-03,1.32,4.2 and up
The PCH App,LIFESTYLE,4.5,234971,81.0,1000000.0,Free,0.0,Everyone,Lifestyle,2018-07-25,0.0,4.4 and up
RBF5MCM&T,BUSINESS,4.4,72202,6.7,1000000.0,Free,0.0,Everyone,Business,2018-06-25,6.0,4.0.3 and up
AO Surgery Reference,MEDICAL,4.7,2570,3.8,100000.0,Free,0.0,Everyone,Medical,2017-05-10,0.0,4.0 and up
ao,FAMILY,3.5,14145,5.9,1000000.0,Free,0.0,Everyone,Strategy,2016-06-08,0.0,4.0 and up
AFC,MEDICAL,4.9,25,46.0,5000.0,Free,0.0,Everyone,Medical,2018-04-17,1.0,5.0 and up
AO Player,EVENTS,4.0,9,3.3,1000.0,Free,0.0,Everyone,Events,2017-12-20,0.0,4.4 and up
Ao Oni2,GAME,4.1,21223,48.0,1000000.0,Free,0.0,Teen,Adventure,2018-04-20,0.0,4.1 and up
A. O. Smith,TOOLS,4.2,32,33.0,10000.0,Free,0.0,Everyone,Tools,2018-05-21,0.0,4.0 and up
AOV5AG,GAME,4.4,438911,99.0,10000000.0,Free,0.0,Teen,Action,2018-06-28,0.0,4.0.3 and up
PFAV,COMMUNICATION,4.1,2063,4.5,100000.0,Free,0.0,Everyone,Communication,2018-06-03,0.0,4.0 and up
Virtual lover,FAMILY,4.6,45771,28.0,1000000.0,Free,0.0,Mature 17+,Entertainment,2018-06-08,1.39,4.1 and up
THFTLT,FAMILY,4.6,7148,8.1,100000.0,Paid,2.99,Everyone,Adventure;Brain Games,2017-09-13,1.8,4.0.3 and up
Attack the Light,FAMILY,4.7,19209,21.0,100000.0,Paid,2.99,Everyone,Role Playing;Action & Adventure,2016-02-23,0.0,4.0 and up
PC:OGFDS,FAMILY,4.5,29495,56.0,1000000.0,Free,0.0,Teen,Simulation,2018-05-24,0.0,4.0.3 and up
3-LS,SPORTS,4.6,666246,25.0,10000000.0,Free,0.0,Everyone,Sports,2018-07-29,0.0,4.1 and up
P2PES,SPORTS,4.4,1721943,26.0,10000000.0,Free,0.0,Everyone,Sports,2018-06-27,0.0,5.0 and up
MLBB,GAME,4.4,8219586,99.0,100000000.0,Free,0.0,Teen,Action,2018-07-24,0.0,4.0.3 and up
HOO&C,FAMILY,4.2,690148,25.0,10000000.0,Free,0.0,Teen,Strategy,2017-10-27,0.0,Varies with device
KSBSF,GAME,4.4,579519,99.0,10000000.0,Free,0.0,Mature 17+,Action,2018-07-18,5.1,4.1 and up
TC3-OSG,SPORTS,4.0,170973,43.0,5000000.0,Free,0.0,Everyone,Sports,2018-06-06,2.1,4.1 and up
CDH,GAME,4.2,62636,17.0,1000000.0,Free,0.0,Teen,Action,2018-07-02,0.0,4.0.3 and up
HSS2,FAMILY,4.2,123136,80.0,5000000.0,Free,0.0,Mature 17+,Simulation,2018-06-25,1.0,4.0 and up
HLFFS,GAME,4.2,250197,44.0,5000000.0,Free,0.0,Teen,Action,2018-07-12,1.0,4.1 and up
SBAUP,FAMILY,3.4,1012,12.0,100000.0,Free,0.0,Teen,Entertainment,2018-02-24,2.0,3.0 and up
Ultimate Tennis,SPORTS,4.3,183004,100.0,10000000.0,Free,0.0,Everyone,Sports,2018-07-19,0.0,4.0.3 and up
Legion of Heroes,FAMILY,4.3,143087,69.0,1000000.0,Free,0.0,Everyone 10+,Role Playing,2018-07-12,0.0,4.0 and up
SS2TL·MSG,SPORTS,4.6,652940,90.0,10000000.0,Free,0.0,Teen,Sports,2018-07-05,0.0,4.1 and up
Heroes Arena,GAME,4.2,336386,88.0,10000000.0,Free,0.0,Everyone 10+,Action,2018-07-24,0.0,4.0.3 and up
virtual lover 3D,FAMILY,4.6,5195,64.0,100000.0,Free,0.0,Mature 17+,Entertainment,2018-04-18,1.3,4.1 and up
RMSA,SPORTS,4.1,91935,39.0,10000000.0,Free,0.0,Everyone,Sports,2018-04-26,0.0,4.1 and up
DHDS,GAME,4.4,1381624,54.0,10000000.0,Free,0.0,Teen,Action,2017-03-14,0.0,3.0 and up
FBOA,SPORTS,4.6,92522,56.0,5000000.0,Free,0.0,Everyone,Sports,2018-07-26,0.0,4.1 and up
CYP:R-T,FAMILY,4.3,45370,14.0,1000000.0,Free,0.0,Teen,Simulation,2018-08-02,0.0,2.3 and up
B–MVP,FAMILY,4.7,394842,75.0,10000000.0,Free,0.0,Everyone,Casual;Pretend Play,2018-08-04,1.5,4.1 and up
3D Tennis,SPORTS,4.2,1008012,13.0,50000000.0,Free,0.0,Everyone,Sports,2017-12-05,0.0,2.1 and up
STHFTLT,FAMILY,3.8,302,8.1,10000.0,Free,0.0,Everyone,Puzzle;Brain Games,2017-09-13,1.4,4.0.3 and up
SUC(,FAMILY,3.7,1443,20.0,100000.0,Free,0.0,Mature 17+,Entertainment,2018-01-18,3.0,2.3 and up
WGGBT,SPORTS,4.3,148083,57.0,10000000.0,Free,0.0,Everyone,Sports,2018-07-24,0.0,4.1 and up
3D Holograms Joke,FAMILY,2.9,31596,31.0,5000000.0,Free,0.0,Teen,Simulation,2016-12-23,1.5,2.3 and up
WGSFV1,FAMILY,4.3,598975,39.0,10000000.0,Free,0.0,Everyone,Simulation,2018-01-17,0.0,4.0 and up
HOTHAG,FAMILY,4.3,275,29.0,10000.0,Free,0.0,Everyone,Puzzle,2018-07-09,0.0,4.4 and up
LCV★WW&ICS,TRAVEL_AND_LOCAL,4.0,64164,3.6,10000000.0,Free,0.0,Everyone,Travel & Local,2018-04-07,1.9,4.1 and up
Body scanner (prank),FAMILY,3.3,16063,3.8,1000000.0,Free,0.0,Teen,Casual,2016-06-02,3.0,2.3 and up
AM-BN,NEWS_AND_MAGAZINES,4.5,76616,4.6,1000000.0,Free,0.0,Everyone 10+,News & Magazines,2017-05-25,0.0,4.0 and up
AP ENPS Mobile,PRODUCTIVITY,4.1,22,545.0,5000.0,Free,0.0,Everyone,Productivity,2016-03-08,0.0,4.4 and up
AP® Guide,FAMILY,5.0,3,2.1,1000.0,Free,0.0,Everyone,Education,2017-07-31,1.3,4.0.3 and up
WAP(,COMMUNICATION,3.9,684,61.0,100000.0,Free,0.0,Everyone,Communication,2015-05-14,0.0,2.3 and up
AP Mobile,FAMILY,4.6,117,13.0,10000.0,Free,0.0,Everyone,Education,2017-11-21,1.03,6.0 and up
AP Manager,TOOLS,4.0,177,2.8,10000.0,Free,0.0,Everyone,Tools,2015-05-04,0.0,2.3 and up
AP App for Android™,NEWS_AND_MAGAZINES,3.6,188,9.9,10000.0,Free,0.0,Everyone,News & Magazines,2016-05-12,1.0,4.0 and up
Access Point Finder,LIFESTYLE,4.0,22,2.5,10000.0,Free,0.0,Everyone,Lifestyle,2016-09-06,1.0,3.0 and up
AELPTAF,FAMILY,4.5,19,5.4,5000.0,Free,0.0,Everyone,Education,2018-07-03,0.0,4.1 and up
AP Planner,FAMILY,2.9,45,1.3,5000.0,Free,0.0,Everyone,Education,2015-08-03,1.1,2.1 and up
Access Point Browser,TOOLS,4.2,25,2.5,1000.0,Free,0.0,Everyone,Tools,2017-09-22,3.11,4.3 and up
AP Installer,TOOLS,4.5,23,283.0,5000.0,Free,0.0,Everyone,Tools,2018-07-20,13.0,3.2 and up
SAWH,FAMILY,4.6,513,1.6,10000.0,Free,0.0,Everyone,Education,2016-07-18,0.0,4.0.3 and up
UniFi,TOOLS,4.7,11018,25.0,500000.0,Free,0.0,Everyone,Tools,2018-07-25,0.0,4.1 and up
AVDFFN2,TOOLS,4.2,676,5.4,100000.0,Free,0.0,Everyone,Tools,2018-07-31,0.0,4.0.3 and up
AP Government Review,FAMILY,4.7,3,1.5,1000.0,Paid,2.99,Everyone,Education,2017-03-14,1.1,4.0.3 and up
AT,TOOLS,4.7,3,5.3,10.0,Paid,2.99,Everyone,Tools,2018-05-27,0.0,4.4 and up
HTFA,TOOLS,3.9,478,2.0,100000.0,Free,0.0,Everyone,Tools,2016-09-12,2.003,2.3 and up
ACPPTAF,FAMILY,4.7,55,5.4,10000.0,Free,0.0,Everyone,Education,2018-07-03,0.0,4.1 and up
AP Flashcards,FAMILY,3.7,88,41.0,10000.0,Free,0.0,Everyone,Education,2015-08-30,0.0,3.1 and up
AWHPTAF,FAMILY,4.8,21,5.4,5000.0,Free,0.0,Everyone,Education,2018-07-03,0.0,4.1 and up
Access Point Names,COMMUNICATION,4.0,138,2.4,10000.0,Free,0.0,Everyone,Communication,2014-08-12,1.0,2.3.3 and up
ABPPTF,FAMILY,4.6,87,5.4,10000.0,Free,0.0,Everyone,Education,2018-07-03,0.0,4.1 and up
ABSG+Q,FAMILY,4.4,105,9.0,10000.0,Free,0.0,Everyone,Education,2016-03-22,0.0,4.1 and up
Reuters News,NEWS_AND_MAGAZINES,4.3,13166,25.0,1000000.0,Free,0.0,Everyone 10+,News & Magazines,2018-06-06,0.0,4.1 and up
5AWHQ,FAMILY,4.7,7,1.2,100.0,Paid,9.99,Everyone,Education,2013-11-01,1.2,1.6 and up
ATFK,PERSONALIZATION,3.6,5,45.0,500.0,Paid,1.49,Everyone,Personalization,2017-09-01,0.0,4.4 and up
AP1PPTAF,FAMILY,4.4,29,5.3,5000.0,Free,0.0,Everyone,Education,2018-07-03,0.0,4.1 and up
Fate GO Ap Counter,TOOLS,4.6,70,3.2,1000.0,Free,0.0,Everyone,Tools,2018-01-19,0.0,4.1 and up
iScore5 AP Psych,FAMILY,2.9,10,73.0,100.0,Paid,4.99,Everyone,Educational,2017-04-25,2.0,4.0.3 and up
APPPTAF,FAMILY,4.5,242,5.4,50000.0,Free,0.0,Everyone,Education,2018-07-03,0.0,4.1 and up
MAEL,FAMILY,5.0,1,655.0,10.0,Paid,4.99,Everyone,Education,2013-08-31,1.3,2.0.1 and up
APN Settings,TOOLS,3.7,3743,5.6,1000000.0,Free,0.0,Everyone,Tools,2018-08-03,6.4,4.1 and up
AM&CS,FAMILY,3.7,37,9.5,5000.0,Free,0.0,Everyone,Education,2015-07-19,2.16,2.3 and up
ASPPTAF,FAMILY,4.2,19,5.4,5000.0,Free,0.0,Everyone,Education,2018-07-03,0.0,4.1 and up
EAP(,SOCIAL,3.0,5,2.6,1000.0,Free,0.0,Teen,Social,2018-02-15,0.0,4.1 and up
AAHF,FAMILY,5.0,1,96.0,10.0,Paid,29.99,Mature 17+,Education,2016-01-19,3.3,4.0 and up
True Skate,SPORTS,4.4,129409,73.0,1000000.0,Paid,1.99,Everyone,Sports,2018-08-04,0.0,4.0.3 and up
AEHPTAF,FAMILY,4.7,7,5.4,1000.0,Free,0.0,Everyone,Education,2018-07-03,0.0,4.1 and up
A3M,FAMILY,4.3,22667,35.0,1000000.0,Free,0.0,Teen,Role Playing,2018-07-26,0.0,4.4 and up
AD,FAMILY,3.9,10114,48.0,100000.0,Free,0.0,Everyone,Casual,2018-06-13,0.0,4.0 and up
Undead Assault,GAME,4.3,4704,37.0,100000.0,Free,0.0,Everyone 10+,Arcade,2015-11-04,0.0,2.3 and up
AQWMQ,FAMILY,4.6,28,26.0,500.0,Free,0.0,Everyone,Puzzle,2018-01-16,0.0,4.0.3 and up
ADNM,FAMILY,4.5,11,2.9,500.0,Free,0.0,Everyone,Entertainment,2017-08-15,3.0,4.0.3 and up
AQ Aspergers Test,MEDICAL,3.9,265,714.0,10000.0,Free,0.0,Everyone,Medical,2015-10-14,0.0,2.3.3 and up
GTC🔥A,GAME,4.7,57,12.0,1000.0,Free,0.0,Everyone,Word,2017-11-01,0.0,4.1 and up
AQ Ria Retail,FAMILY,5.0,4,52.0,50.0,Free,0.0,Everyone,Education,2018-04-03,1.1,4.1 and up
Wowkwis aq Ka'qaquj,FAMILY,5.0,1,49.0,10.0,Free,0.0,Everyone,Education;Education,2018-02-16,1.0,4.0.3 and up
ClanHQ,COMMUNICATION,2.7,560,37.0,10000.0,Free,0.0,Everyone,Communication,2018-07-25,0.0,4.4 and up
QuickShortcutMaker,PERSONALIZATION,4.6,41000,2.0,1000000.0,Free,0.0,Everyone,Personalization,2014-02-23,0.0,1.6 and up
Iron Blade,GAME,4.4,161637,82.0,10000000.0,Free,0.0,Mature 17+,Action,2018-07-18,0.0,4.0.3 and up
DB–SR,FAMILY,4.4,218881,37.0,5000000.0,Free,0.0,Everyone 10+,Role Playing,2018-03-28,0.0,4.0.3 and up
QTBR,FAMILY,4.6,31134,48.0,1000000.0,Free,0.0,Everyone 10+,Role Playing,2018-08-02,0.0,4.1 and up
O&C23MR,FAMILY,4.1,242722,54.0,10000000.0,Free,0.0,Teen,Role Playing,2018-07-09,0.0,4.0.3 and up
Dungeon Quest,FAMILY,4.5,244039,46.0,5000000.0,Free,0.0,Everyone 10+,Role Playing,2018-06-04,0.0,4.0 and up
DH5–AR,FAMILY,4.2,720685,51.0,10000000.0,Free,0.0,Teen,Role Playing,2018-06-21,0.0,4.0.3 and up
GSO:2PRMG,FAMILY,4.7,84389,48.0,1000000.0,Free,0.0,Everyone,Role Playing,2018-08-05,1.375,4.0.3 and up
EAADCG,GAME,4.3,137696,55.0,5000000.0,Free,0.0,Mature 17+,Word,2018-07-19,0.0,4.2 and up
Knightfall™ AR,FAMILY,4.2,254,25.0,10000.0,Free,0.0,Teen,Strategy,2018-03-17,1.0,7.0 and up
GSAHS,GAME,3.8,898,33.0,100000.0,Free,0.0,Teen,Adventure,2016-12-21,0.0,2.3 and up
TWDOW,GAME,4.0,22435,100.0,1000000.0,Free,0.0,Teen,Action,2018-08-01,0.0,5.0 and up
JWA,FAMILY,4.3,308944,70.0,5000000.0,Free,0.0,Everyone 10+,Simulation,2018-08-02,0.0,4.4 and up
Sketchfab,FAMILY,4.3,906,9.2,50000.0,Free,0.0,Mature 17+,Entertainment,2018-03-09,0.0,4.4 and up
Ingress,GAME,4.3,391325,43.0,10000000.0,Free,0.0,Everyone,Adventure,2018-06-20,0.0,4.0 and up
MTF,FAMILY,4.3,28735,91.0,1000000.0,Free,0.0,Everyone,Casual,2018-08-01,0.0,4.2 and up
"Egg, Inc.",FAMILY,4.7,580160,29.0,5000000.0,Free,0.0,Everyone,Simulation,2018-06-13,0.0,4.0.3 and up
Flat Pack,GAME,4.4,862,44.0,100000.0,Free,0.0,Everyone 10+,Action,2018-03-16,0.0,7.0 and up
CCB,GAME,3.8,17,30.0,1000.0,Free,0.0,Everyone,Arcade,2018-03-13,1.5,7.0 and up
GOB-OS,GAME,4.6,1226514,99.0,10000000.0,Free,0.0,Teen,Action,2018-07-20,0.0,4.1 and up
GR-MBBR,GAME,4.6,19070,90.0,100000.0,Free,0.0,Everyone 10+,Action,2018-08-04,1.0,Varies with device
B-SHI&EA,HOUSE_AND_HOME,4.5,118,72.0,50000.0,Free,0.0,Everyone,House & Home,2018-07-10,0.0,5.0 and up
W-SATH,SHOPPING,4.5,20247,47.0,5000000.0,Free,0.0,Everyone,Shopping,2018-08-03,0.0,4.1 and up
N-LN,NEWS_AND_MAGAZINES,3.9,63640,23.0,10000000.0,Free,0.0,Everyone 10+,News & Magazines,2018-08-01,0.0,4.4 and up
Stack It AR,GAME,3.8,1363,26.0,100000.0,Free,0.0,Everyone,Arcade,2018-06-29,0.0,4.0 and up
A-ARAMT,TOOLS,4.3,1602,5.0,100000.0,Free,0.0,Everyone,Tools,2018-08-03,0.0,7.0 and up
MPA-JDIRW,FAMILY,3.7,128,20.0,10000.0,Free,0.0,Everyone,Entertainment,2018-03-08,0.0,7.0 and up
AR Remote Car,FAMILY,3.2,1354,30.0,100000.0,Free,0.0,Everyone,Simulation,2017-08-12,2.14,4.0 and up
SSA(A),FAMILY,4.0,211,37.0,10000.0,Free,0.0,Everyone,Entertainment,2018-07-23,0.0,7.0 and up
Super AR,FAMILY,3.8,410,28.0,10000.0,Free,0.0,Teen,Entertainment,2017-12-18,2.1,4.0 and up
Spacecraft AR,FAMILY,4.4,83,85.0,10000.0,Free,0.0,Everyone,Education,2018-06-28,1.2,7.0 and up
MCRAFT AR - EDITOR,FAMILY,3.4,131,22.0,5000.0,Free,0.0,Everyone,Simulation,2018-06-24,1.0,4.1 and up
Jenga® AR,FAMILY,2.9,53,82.0,10000.0,Free,0.0,Everyone,Puzzle,2018-03-17,0.0,7.0 and up
NSA,GAME,4.5,20,65.0,1000.0,Paid,0.99,Everyone 10+,Action,2018-03-27,0.0,7.0 and up
PA-SIS,TRAVEL_AND_LOCAL,3.7,25,43.0,5000.0,Free,0.0,Everyone,Travel & Local,2018-06-04,1.4,7.0 and up
Arcraft - AR Sandbox,GAME,3.8,469,80.0,10000.0,Free,0.0,Everyone,Adventure,2017-05-19,1.4,4.0 and up
A-3AR,BUSINESS,4.1,25195,21.0,1000000.0,Free,0.0,Everyone,Business,2018-02-26,0.0,4.0.3 and up
Satellite AR,BOOKS_AND_REFERENCE,4.1,9636,93.0,1000000.0,Free,0.0,Everyone,Books & Reference,2011-09-22,2.4,2.1 and up
Figment AR,FAMILY,3.7,22,90.0,5000.0,Free,0.0,Everyone,Entertainment,2018-07-10,1.0,7.0 and up
AR Tank Battle,GAME,3.6,153,67.0,10000.0,Free,0.0,Everyone,Action,2016-12-31,1.3,4.0 and up
Paint Space AR,FAMILY,3.0,17,32.0,1000.0,Free,0.0,Everyone,Entertainment,2018-03-07,1.1,7.0 and up
JAL-DAWA,FAMILY,4.1,1152,2.7,100000.0,Free,0.0,Everyone,Entertainment,2018-05-30,0.0,7.0 and up
AT-ARD,FAMILY,3.8,20,36.0,1000.0,Free,0.0,Everyone,Simulation,2017-08-17,0.0,4.1 and up
MMAARAMM,PRODUCTIVITY,4.2,29,35.0,5000.0,Free,0.0,Everyone,Productivity,2018-07-26,1.23,7.0 and up
【AC,FAMILY,4.4,36268,41.0,1000000.0,Free,0.0,Teen,Entertainment,2017-04-25,0.0,4.2 and up
SCIA,FAMILY,3.6,740,71.0,50000.0,Free,0.0,Everyone,Simulation,2018-07-05,0.0,4.4 and up
AR Sport Cars,FAMILY,3.6,284,70.0,10000.0,Free,0.0,Everyone,Simulation,2017-06-10,1.0,4.1 and up
A-NASR,SPORTS,3.7,20879,22.0,1000000.0,Free,0.0,Everyone,Sports,2018-06-09,0.0,4.1 and up
M-DLD,SPORTS,3.9,76340,14.0,5000000.0,Free,0.0,Everyone,Sports,2018-07-25,0.0,4.1 and up
AGDLL2,SPORTS,4.1,4374,53.0,100000.0,Free,0.0,Everyone,Sports,2017-09-14,0.0,4.1 and up
SAAU,LIFESTYLE,4.5,23966,872.0,1000000.0,Paid,5.99,Everyone,Lifestyle,2018-06-27,20180608.0,4.0 and up
SAAGA,HEALTH_AND_FITNESS,2.8,961,1.3,100000.0,Free,0.0,Everyone,Health & Fitness,2018-02-27,1.5,4.0 and up
SAAGA,HEALTH_AND_FITNESS,2.6,114,1.6,10000.0,Free,0.0,Everyone,Health & Fitness,2018-06-20,20180620.0,2.3 and up
STHC,GAME,4.4,125652,56.0,10000000.0,Free,0.0,Everyone,Action,2018-06-18,0.0,4.2 and up
TALAAG,FAMILY,4.1,1407,3.4,100000.0,Free,0.0,Everyone 10+,Role Playing,2018-03-12,0.0,4.0 and up
CPFSAA,LIFESTYLE,4.0,448,3.1,50000.0,Free,0.0,Everyone,Lifestyle,2018-06-08,1.3,2.3 and up
PNFC(,GAME,4.3,11379,20.0,500000.0,Free,0.0,Everyone 10+,Arcade,2018-07-29,1.4,4.0.3 and up
LAFSAA,HEALTH_AND_FITNESS,3.9,2057,6.2,50000.0,Paid,1.99,Everyone,Health & Fitness,2017-10-18,2.4,4.0 and up
SAMBA,LIFESTYLE,3.5,28,121.0,1000.0,Free,0.0,Everyone,Lifestyle,2016-01-23,0.0,4.2 and up
NTL,FAMILY,4.3,344283,95.0,10000000.0,Free,0.0,Teen,Role Playing,2017-12-18,0.0,4.1 and up
Timely Alarm Clock,LIFESTYLE,4.3,258717,9.4,10000000.0,Free,0.0,Everyone,Lifestyle,2017-09-25,0.0,4.0.3 and up
MBF-GE,GAME,4.3,531074,2.5,10000000.0,Free,0.0,Everyone,Arcade,2018-01-09,0.0,Varies with device
CSYP,FAMILY,4.6,807155,93.0,10000000.0,Free,0.0,Teen,Simulation,2018-07-30,0.0,4.0.3 and up
Samsung Health,HEALTH_AND_FITNESS,4.3,480208,70.0,500000000.0,Free,0.0,Everyone,Health & Fitness,2018-07-31,0.0,5.0 and up
WBM-N,VIDEO_PLAYERS,4.1,29867,1.7,5000000.0,Free,0.0,Everyone,Video Players & Editors,2017-05-24,0.0,2.3.3 and up
Maleficent Free Fall,FAMILY,4.4,450013,37.0,10000000.0,Free,0.0,Everyone,Puzzle,2018-07-11,0.0,4.2 and up
SWFA,FAMILY,4.4,228130,70.0,5000000.0,Free,0.0,Everyone 10+,Strategy,2018-07-19,0.0,4.1 and up
PS4 Second Screen,FAMILY,2.4,11773,3.3,1000000.0,Free,0.0,Everyone,Entertainment,2018-06-13,0.0,4.1 and up
ACS&T,PRODUCTIVITY,4.5,870928,16.0,50000000.0,Free,0.0,Everyone,Productivity,2018-06-08,0.0,4.1 and up
SVZD,GAME,4.5,407788,19.0,5000000.0,Free,0.0,Everyone,Action,2013-07-18,0.0,2.1 and up
Seen,FAMILY,4.5,118285,22.0,1000000.0,Free,0.0,Teen,Simulation,2018-05-24,0.0,4.1 and up
PVZH,FAMILY,4.4,379245,68.0,10000000.0,Free,0.0,Everyone,Casual;Action & Adventure,2018-06-26,0.0,4.1 and up
AT&T THANKS®,FAMILY,3.4,2445,34.0,500000.0,Free,0.0,Everyone,Entertainment,2018-07-11,0.0,5.0 and up
Galaxy at War Online,FAMILY,3.9,65119,46.0,1000000.0,Free,0.0,Everyone 10+,Strategy,2018-05-22,0.0,3.0 and up
KAWHP,FAMILY,4.3,34898,92.0,1000000.0,Free,0.0,Teen,Strategy,2018-06-28,4.05,4.0.3 and up
FNAF4D,GAME,4.4,889425,45.0,10000000.0,Free,0.0,Teen,Action,2015-07-26,1.1,2.3 and up
FNAF3D,GAME,4.5,1041836,50.0,10000000.0,Free,0.0,Teen,Action,2015-04-02,1.07,2.3 and up
FFNAF,FAMILY,4.4,17945,9.5,1000000.0,Free,0.0,Mature 17+,Entertainment,2018-06-06,0.0,4.4 and up
NACP3–2,GAME,4.0,47151,36.0,5000000.0,Free,0.0,Everyone 10+,Action,2017-12-26,0.0,4.3 and up
WAWWSM,FAMILY,4.3,107765,78.0,5000000.0,Free,0.0,Everyone 10+,Strategy,2018-05-25,0.0,4.1 and up
FTALDS,FAMILY,4.2,37165,22.0,1000000.0,Free,0.0,Teen,Simulation,2018-02-14,0.0,2.3 and up
Rivals at War: 2084,FAMILY,4.0,174127,48.0,5000000.0,Free,0.0,Teen,Simulation,2016-10-03,1.3,3.0 and up
MVAST,VIDEO_PLAYERS,4.4,4706,1.5,1000000.0,Free,0.0,Everyone,Video Players & Editors,2018-06-19,9.0,4.4 and up
FNAF2,FAMILY,4.6,73919,40.0,500000.0,Paid,2.99,Teen,Strategy,2014-11-15,1.07,2.3 and up
CBAFN,FAMILY,4.0,532,6.5,100000.0,Free,0.0,Everyone,Educational,2017-06-06,1.6,2.3 and up
RAWF,GAME,4.4,344819,51.0,5000000.0,Free,0.0,Teen,Action,2016-10-18,1.4,3.0 and up
FNAM,FAMILY,3.5,9335,12.0,1000000.0,Free,0.0,Everyone,Entertainment,2017-11-26,1.2,4.0.3 and up
FNAF,GAME,4.6,100805,50.0,1000000.0,Paid,2.99,Teen,Action,2014-12-02,1.85,2.3 and up
NACP3–3,FAMILY,4.0,15875,40.0,1000000.0,Free,0.0,Teen,Simulation,2017-03-03,1.5,4.2 and up
7NAPP-2,GAME,4.0,23168,54.0,1000000.0,Free,0.0,Teen,Adventure,2018-07-09,0.0,4.4 and up
NASP3,GAME,4.1,2628,45.0,100000.0,Free,0.0,Teen,Adventure,2017-05-22,1.1,4.2 and up
DIRECTV,FAMILY,4.1,235486,63.0,10000000.0,Free,0.0,Teen,Entertainment,2018-06-01,0.0,4.1 and up
ONAGF,GAME,3.3,2717,4.0,100000.0,Free,0.0,Teen,Action,2017-12-07,0.1,2.3 and up
DIRECTV for Tablets,FAMILY,3.9,24123,69.0,1000000.0,Free,0.0,Teen,Entertainment,2018-06-01,0.0,4.1 and up
NACP3–4,GAME,4.1,7728,39.0,500000.0,Free,0.0,Teen,Adventure,2018-07-17,0.0,4.4 and up
FNANH,GAME,4.2,2180,55.0,100000.0,Free,0.0,Everyone 10+,Action,2018-01-26,0.0,4.2 and up
ANS-FNS,GAME,4.0,59223,46.0,5000000.0,Free,0.0,Teen,Action,2018-06-26,0.0,4.1 and up
FNAFS,GAME,4.5,16162,99.0,100000.0,Paid,2.99,Teen,Action,2017-04-06,1.2,2.3 and up
TNAJ,GAME,3.8,596,91.0,100000.0,Free,0.0,Teen,Adventure,2017-08-17,1.0,4.1 and up
FNAP,GAME,3.5,1976,21.0,100000.0,Free,0.0,Teen,Action,2018-03-03,1.6,4.1 and up
BBHAW-MP,GAME,4.3,6698,46.0,500000.0,Free,0.0,Everyone 10+,Action,2016-05-14,0.0,2.3 and up
FNAF4,GAME,4.6,21266,45.0,100000.0,Paid,2.99,Teen,Action,2015-07-26,1.1,2.3 and up
FNAF,GAME,4.7,4041,24.0,10000.0,Free,0.0,Everyone,Arcade,2017-06-27,0.0,2.3.3 and up
5NACPC,GAME,3.8,2691,52.0,100000.0,Free,0.0,Teen,Adventure,2017-02-22,1.2,4.2 and up
FNAF3,GAME,4.7,27856,50.0,100000.0,Paid,2.99,Teen,Action,2015-04-02,1.07,2.3 and up
Undertale AU Amino,SOCIAL,4.8,5369,63.0,50000.0,Free,0.0,Teen,Social,2018-07-13,0.0,4.0.3 and up
au,FAMILY,3.2,9126,5.8,1000000.0,Free,0.0,Everyone,Strategy,2016-06-08,0.0,4.0 and up
AMACH,GAME,3.9,85278,23.0,1000000.0,Free,0.0,Mature 17+,Music,2018-07-17,0.0,4.0.3 and up
AU Mobile Indonesia,GAME,3.6,16521,23.0,1000000.0,Free,0.0,Everyone,Music,2018-05-09,0.0,2.3 and up
Au Bon Pain,FOOD_AND_DRINK,3.7,70,26.0,10000.0,Free,0.0,Everyone,Food & Drink,2018-07-23,1.4,5.0 and up
Au Pair Legend,LIFESTYLE,4.4,28,8.8,1000.0,Free,0.0,Everyone,Lifestyle,2018-07-19,3.5,5.0 and up
Super Dancer,GAME,4.1,91667,27.0,1000000.0,Free,0.0,Everyone,Arcade,2018-07-24,3.3,2.3 and up
AR-ACC,FAMILY,4.0,664,2.1,100000.0,Free,0.0,Everyone,Education,2017-12-14,0.0,4.1 and up
V-BRORRE,LIFESTYLE,3.1,212,12.0,50000.0,Free,0.0,Everyone,Lifestyle,2017-09-26,0.0,4.1 and up
Au Weather Free,WEATHER,4.0,1185,5.0,100000.0,Free,0.0,Everyone,Weather,2018-06-18,0.0,2.3 and up
BringGo AU & NZ,MAPS_AND_NAVIGATION,2.8,440,23.0,10000.0,Paid,0.99,Everyone,Maps & Navigation,2018-05-10,0.0,2.3.3 and up
AU Spark,FAMILY,3.7,681,8.2,10000.0,Free,0.0,Everyone,Education,2018-08-01,5.06,4.4 and up
Rugby AU,SPORTS,2.7,17,14.0,1000.0,Free,0.0,Everyone,Sports,2017-12-21,0.0,4.1 and up
LTFADKT(,FAMILY,3.9,623,8.5,100000.0,Free,0.0,Everyone,Education,2018-03-26,3.5,4.1 and up
Au-allstar for KR,GAME,3.6,2433,47.0,100000.0,Free,0.0,Everyone,Music,2018-06-15,0.0,4.3 and up
STUCOR - AU,FAMILY,4.5,1827,12.0,100000.0,Free,0.0,Everyone,Education,2018-06-05,1.3,4.1 and up
LSM,FINANCE,3.5,30,17.0,1000.0,Free,0.0,Everyone,Finance,2018-05-27,0.0,4.1 and up
ASZ(2,FAMILY,4.0,97,3.9,10000.0,Free,0.0,Everyone,Education,2016-07-01,1.1,4.0 and up
AR2A,FAMILY,3.8,762,4.1,100000.0,Free,0.0,Everyone,Education,2017-02-01,2.0,4.0 and up
Au Pair,SOCIAL,3.6,58,15.0,10000.0,Free,0.0,Everyone,Social,2017-08-14,0.0,4.2 and up
ACB-BUCT2,COMMUNICATION,4.2,16,3.3,1000.0,Free,0.0,Everyone,Communication,2018-04-24,0.0,4.1 and up
R,BUSINESS,4.4,128,6.7,50000.0,Free,0.0,Everyone,Business,2018-06-26,0.0,5.0 and up
Powershop AU,TOOLS,4.0,498,11.0,10000.0,Free,0.0,Everyone,Tools,2018-07-12,0.0,4.0.3 and up
AN-ANA,NEWS_AND_MAGAZINES,4.7,48,4.1,1000.0,Free,0.0,Everyone,News & Magazines,2018-07-08,0.0,4.0.3 and up
Dance On Mobile,FAMILY,4.1,23609,31.0,1000000.0,Free,0.0,Teen,Casual,2018-04-13,1.26,4.0 and up
Super Dancer VN,GAME,4.0,24312,25.0,500000.0,Free,0.0,Everyone,Music,2018-07-22,3.3,4.0.3 and up
NAS,LIFESTYLE,4.7,57,5.8,10000.0,Free,0.0,Everyone,Lifestyle,2017-09-18,1.1,4.0 and up
allhomes.com.au,HOUSE_AND_HOME,3.8,874,12.0,100000.0,Free,0.0,Everyone,House & Home,2018-08-01,0.0,4.3 and up
JIC-EAC,BUSINESS,5.0,2,14.0,1000.0,Free,0.0,Teen,Business,2018-08-05,1.1,4.2 and up
PCFHA,SPORTS,4.4,27,78.0,10000.0,Free,0.0,Everyone,Sports,2016-08-03,1.0,4.0.3 and up
Love Dance,GAME,4.0,29462,44.0,1000000.0,Free,0.0,Teen,Music,2018-06-14,0.0,4.0 and up
Avatar Musik,GAME,3.8,159063,85.0,1000000.0,Free,0.0,Everyone,Music,2018-02-09,0.0,4.0 and up
J-EAC,BUSINESS,4.1,294,9.8,10000.0,Free,0.0,Everyone,Business,2018-07-05,0.0,4.0 and up
M7-AAM,NEWS_AND_MAGAZINES,4.3,697,5.7,50000.0,Free,0.0,Everyone,News & Magazines,2017-04-08,2.4,4.1 and up
Total AV,PRODUCTIVITY,3.4,617,46.0,100000.0,Free,0.0,Everyone,Productivity,2018-04-17,0.0,4.1 and up
日本AV历史,BOOKS_AND_REFERENCE,4.1,215,30.0,10000.0,Free,0.0,Teen,Books & Reference,2018-03-06,1.2,4.0 and up
AV Buddy Free,FAMILY,4.1,25,47.0,5000.0,Free,0.0,Everyone,Education,2017-03-08,1.2,4.1 and up
AV HD Video Player,FAMILY,3.8,6,23.0,1000.0,Free,0.0,Everyone,Entertainment,2018-01-19,1.0,4.4 and up
AL-3VW,FAMILY,4.4,1275373,91.0,10000000.0,Free,0.0,Teen,Role Playing,2018-07-03,0.0,4.1 and up
AV-IPTV,VIDEO_PLAYERS,4.4,43,44.0,1000.0,Free,0.0,Everyone,Video Players & Editors,2018-04-27,1.0,4.1 and up
HVP(,VIDEO_PLAYERS,3.3,171,4.8,10000.0,Free,0.0,Everyone,Video Players & Editors,2017-08-10,1.1,4.1 and up
Baby Monitor AV,COMMUNICATION,3.3,1434,9.5,100000.0,Free,0.0,Everyone,Communication,2014-03-06,0.0,2.3 and up
HVP-V&MP|AP|,VIDEO_PLAYERS,4.4,22,19.0,5000.0,Free,0.0,Everyone,Video Players & Editors,2018-03-06,0.0,4.0 and up
RFOAR&ST,TOOLS,3.7,701,7.3,100000.0,Free,0.0,Everyone,Tools,2018-07-31,3.15,4.3 and up
LG AV REMOTE,TOOLS,3.4,2420,1.8,1000000.0,Free,0.0,Everyone,Tools,2016-06-03,0.0,2.3.3 and up
ASAV,FINANCE,2.3,251,5.7,50000.0,Free,0.0,Everyone,Finance,2017-10-12,0.0,4.0 and up
Gogo Vision (Biz Av),FAMILY,3.3,11,7.3,1000.0,Free,0.0,Teen,Entertainment,2017-08-23,0.0,4.1 and up
Ai-Ball AV Recorder,PHOTOGRAPHY,2.7,90,4.0,5000.0,Paid,2.99,Everyone,Photography,2017-10-19,13.0,2.3.3 and up
NSAA,TOOLS,4.6,1170641,26.0,10000000.0,Free,0.0,Everyone,Tools,2018-07-26,0.0,4.1 and up
AV Pro Voice Changer,FAMILY,3.5,174,5.6,50000.0,Free,0.0,Everyone,Entertainment,2016-06-29,0.0,4.0 and up
RFPARAB,TOOLS,3.4,150,7.3,50000.0,Free,0.0,Everyone,Tools,2018-06-01,3.11,4.1 and up
AV Phonetics,FAMILY,4.3,259,49.0,10000.0,Free,0.0,Everyone,Education,2017-02-22,0.0,4.0 and up
AV MAX,LIFESTYLE,4.1,9,8.7,1000.0,Free,0.0,Everyone,Lifestyle,2018-07-18,0.0,4.1 and up
KMAA&WS,TOOLS,4.7,2598579,49.0,50000000.0,Free,0.0,Everyone,Tools,2018-07-24,0.0,4.1 and up
MSAWS&AL,PRODUCTIVITY,4.4,574719,20.0,10000000.0,Free,0.0,Everyone,Productivity,2018-07-16,0.0,4.1 and up
MRFD&MAR,LIFESTYLE,3.8,250,7.3,50000.0,Free,0.0,Everyone,Lifestyle,2018-07-31,3.15,4.3 and up
EUCP,VIDEO_PLAYERS,3.0,78,322.0,10000.0,Free,0.0,Everyone,Video Players & Editors,2013-09-19,1.3,1.6 and up
K&EFTB,BOOKS_AND_REFERENCE,4.4,98,6.3,10000.0,Free,0.0,Everyone,Books & Reference,2014-08-04,1.5,2.2 and up
STAG2,TOOLS,4.2,27,3.4,5000.0,Free,0.0,Everyone,Tools,2016-05-17,0.0,4.0.3 and up
PAS&PI,PRODUCTIVITY,4.5,24,22.0,1000.0,Free,0.0,Everyone,Productivity,2017-07-12,0.0,4.2 and up
AHSD,FAMILY,3.5,91,25.0,10000.0,Free,0.0,Everyone,Education,2018-04-05,0.0,4.1 and up
BAF,TOOLS,4.5,78629,6.3,1000000.0,Free,0.0,Everyone,Tools,2018-07-20,0.0,4.0.3 and up
DEER HUNTER 2018,GAME,4.3,955614,82.0,10000000.0,Free,0.0,Teen,Action,2018-06-26,0.0,3.0 and up
KTB-A,LIFESTYLE,4.5,82,8.7,5000.0,Free,0.0,Everyone,Lifestyle,2015-07-26,2.1,2.3.3 and up
AC&BPCO,TOOLS,4.5,648380,24.0,10000000.0,Free,0.0,Everyone,Tools,2018-08-01,0.0,4.1 and up
Aw Restaurant,FAMILY,4.8,4,43.0,100.0,Free,0.0,Everyone,Casual,2018-02-06,1.0,4.0 and up
ASRNR,VIDEO_PLAYERS,4.3,1659,3.7,100000.0,Free,0.0,Everyone,Video Players & Editors,2017-07-06,1.1,5.0 and up
A&W Restaurants,FOOD_AND_DRINK,1.7,14,13.0,1000.0,Free,0.0,Everyone,Food & Drink,2018-06-06,0.0,4.1 and up
ATD-D,BOOKS_AND_REFERENCE,4.2,8,3.9,5000.0,Free,0.0,Everyone,Books & Reference,2016-10-07,1.0,2.3 and up
ACAP,TOOLS,4.2,725,3.0,100000.0,Free,0.0,Everyone,Tools,2018-03-14,2.0,4.3 and up
Analog Clock AW-7,TOOLS,4.3,2158,3.0,100000.0,Free,0.0,Everyone,Tools,2018-03-07,2.0,4.3 and up
AWA,GAME,4.0,7718,46.0,100000.0,Free,0.0,Everyone,Action,2018-08-02,0.0,5.0 and up
Watch AW-7,TOOLS,4.2,249,3.0,50000.0,Free,0.0,Everyone,Tools,2018-03-17,2.0,4.3 and up
AW TeamUp,NEWS_AND_MAGAZINES,4.6,9,17.0,500.0,Free,0.0,Everyone,News & Magazines,2018-06-04,0.0,4.1 and up
AW:SK,GAME,4.1,29062,63.0,1000000.0,Free,0.0,Everyone,Casino,2017-09-15,2.1,2.3 and up
AW Training,FAMILY,4.6,11,17.0,1000.0,Free,0.0,Everyone,Education,2018-07-05,0.0,4.0.3 and up
Digital Clock AW-7,TOOLS,4.1,484,2.9,100000.0,Free,0.0,Everyone,Tools,2018-03-06,2.0,4.3 and up
AADCA,TOOLS,4.0,202,2.9,50000.0,Free,0.0,Everyone,Tools,2018-03-15,2.0,4.3 and up
ACAP,TOOLS,3.3,40,2.7,1000.0,Paid,1.99,Everyone,Tools,2018-03-07,2.0,4.3 and up
ABWCCT,TOOLS,4.0,9,4.7,500.0,Free,0.0,Everyone,Tools,2018-05-17,2.7,6.0 and up
Roman Clock AW-7,TOOLS,4.4,52,3.0,5000.0,Free,0.0,Everyone,Tools,2018-03-17,2.0,4.3 and up
SACA,TOOLS,4.2,294,3.0,50000.0,Free,0.0,Everyone,Tools,2018-03-10,2.0,4.3 and up
AirWatch Agent,BUSINESS,3.1,20973,31.0,5000000.0,Free,0.0,Everyone,Business,2018-08-01,0.0,4.0 and up
TD-1,BOOKS_AND_REFERENCE,5.0,5,4.3,1000.0,Free,0.0,Everyone,Books & Reference,2016-10-08,1.0,2.3 and up
MAC3,GAME,4.2,492,63.0,100000.0,Free,0.0,Teen,Action,2017-04-06,1.0,4.0.3 and up
HCP Anywhere,BUSINESS,4.7,114,8.6,5000.0,Free,0.0,Everyone,Business,2018-03-30,0.0,4.3 and up
CODH,GAME,4.4,1604146,57.0,10000000.0,Free,0.0,Teen,Action,2018-06-27,0.0,4.1 and up
Amber Weather,WEATHER,4.4,260137,13.0,10000000.0,Free,0.0,Everyone 10+,Weather,2018-07-16,0.0,4.1 and up
AWG,FAMILY,2.9,2079,5.6,100000.0,Free,0.0,Everyone,Entertainment,2015-06-06,0.0,3.0 and up
Video Editor,VIDEO_PLAYERS,3.8,1156,23.0,100000.0,Free,0.0,Everyone,Video Players & Editors,2015-10-20,0.0,4.3 and up
The Pursuit of God,BOOKS_AND_REFERENCE,4.8,6,1.6,1000.0,Free,0.0,Everyone,Books & Reference,2017-02-14,5.0,3.0 and up
F-OFOIA,FOOD_AND_DRINK,5.0,1,24.0,100.0,Free,0.0,Everyone,Food & Drink,2018-04-05,10.0,4.1 and up
FFAW,PRODUCTIVITY,3.9,127,5.9,1000.0,Paid,0.99,Everyone,Productivity,2017-12-24,0.0,4.3 and up
Anime Expo 2018,FAMILY,4.7,54,44.0,10000.0,Free,0.0,Everyone,Entertainment,2018-06-08,2.1,5.0 and up
Adventure Xpress,FAMILY,4.2,24775,30.0,100000.0,Free,0.0,Everyone 10+,Puzzle,2015-10-12,0.0,2.3.3 and up
A-BSB,GAME,4.2,3845,76.0,500000.0,Free,0.0,Everyone 10+,Arcade,2018-08-03,0.0,4.1 and up
Dynamics AX,BUSINESS,3.7,244,976.0,10000.0,Free,0.0,Everyone,Business,2015-10-26,3.3,2.3.3 and up
AP-VP,VIDEO_PLAYERS,4.1,15765,10.0,1000000.0,Free,0.0,Everyone,Video Players & Editors,2014-09-12,2.0,2.2 and up
AEC,LIFESTYLE,4.1,305,44.0,10000.0,Free,0.0,Everyone,Lifestyle,2017-07-04,0.0,4.4 and up
Axe Champ,GAME,3.8,141,19.0,10000.0,Free,0.0,Everyone,Arcade,2018-05-26,0.0,4.1 and up
AX Battery Saver,FINANCE,4.6,4546,3.0,100000.0,Free,0.0,Everyone,Finance,2018-02-08,0.0,4.0 and up
Axe Champion,GAME,4.4,21,15.0,5000.0,Free,0.0,Everyone,Arcade,2018-05-28,0.1,4.1 and up
VSAF,GAME,4.2,924,43.0,100000.0,Free,0.0,Everyone,Arcade,2017-10-21,0.0,3.0 and up
AX Video Player,VIDEO_PLAYERS,4.4,569,2.6,50000.0,Free,0.0,Everyone,Video Players & Editors,2015-11-11,0.0,3.0 and up
A-ATG,GAME,4.6,29,31.0,1000.0,Free,0.0,Everyone 10+,Arcade,2017-10-22,0.0,4.2 and up
Axe Champs! Wars,GAME,5.0,8,25.0,50.0,Free,0.0,Everyone,Arcade,2018-06-26,1.1,4.1 and up
Axe Knight,GAME,4.5,52,33.0,5000.0,Free,0.0,Everyone,Action,2018-06-26,0.0,4.1 and up
Axxess AX-DSP,TOOLS,3.5,17,7.4,5000.0,Free,0.0,Everyone,Tools,2018-06-04,31.0,4.4 and up
Axxess Updater,TOOLS,3.9,56,2.3,10000.0,Free,0.0,Everyone,Tools,2016-12-19,0.0,3.1 and up
The Vikings,GAME,4.4,15806,42.0,1000000.0,Free,0.0,Teen,Arcade,2018-06-06,0.0,4.1 and up
Knife&Axe Throwing,GAME,3.1,440,9.1,50000.0,Free,0.0,Everyone,Arcade,2012-11-26,0.0,2.1 and up
Stickman and Axe,GAME,4.4,69,2.8,50000.0,Free,0.0,Teen,Action,2017-11-25,1.0,4.0.3 and up
Q7 SmartWatch,HEALTH_AND_FITNESS,3.0,94,30.0,10000.0,Free,0.0,Everyone,Health & Fitness,2018-07-09,0.0,4.3 and up
Axe Man,GAME,3.7,53,14.0,1000.0,Free,0.0,Everyone,Adventure,2015-02-23,3.0,2.3.3 and up
Throw Knife,FAMILY,3.7,291,37.0,100000.0,Free,0.0,Everyone,Simulation,2017-09-14,2.04,4.1 and up
DZEK,GAME,3.9,71,52.0,10000.0,Free,0.0,Teen,Action,2016-12-01,1.1,2.3 and up
ICFMAP,FAMILY,4.8,53,4.4,1000.0,Free,0.0,Everyone,Education,2018-02-28,1.3,4.0.3 and up
Zlax.io Zombs Luv Ax,GAME,4.6,6344,32.0,500000.0,Free,0.0,Everyone,Action,2018-04-04,1.7,4.1 and up
AX Selfie,LIFESTYLE,4.6,10,3.4,500.0,Free,0.0,Everyone,Lifestyle,2015-08-31,0.0,4.0 and up
Ax 3 Domaines,SPORTS,4.5,12,23.0,1000.0,Free,0.0,Everyone,Sports,2018-01-26,0.0,4.2 and up
COAFLAX,GAME,4.3,6,61.0,1000.0,Free,0.0,Everyone,Action,2017-09-14,1.2,4.0 and up
FA:FTK&AS,GAME,5.0,7,15.0,100.0,Free,0.0,Everyone,Arcade,2017-09-27,1.1,4.2 and up
Axe Clicker,FAMILY,4.3,10446,64.0,500000.0,Free,0.0,Everyone,Casual,2018-07-13,0.0,4.0.3 and up
Axe Wallpaper,PERSONALIZATION,4.7,9,12.0,100.0,Free,0.0,Teen,Personalization,2017-02-03,2.6,4.0 and up
Woodman Deluxe,GAME,4.0,82,4.4,5000.0,Free,0.0,Everyone,Action,2015-07-06,0.0,2.3 and up
Ay,VIDEO_PLAYERS,3.8,11,3.6,5000.0,Free,0.0,Teen,Video Players & Editors,2018-05-04,0.0,2.3 and up
A-Y Collection,SHOPPING,5.0,2,2.9,100.0,Free,0.0,Teen,Shopping,2018-02-16,1.2,4.1 and up
AY Sing,BOOKS_AND_REFERENCE,4.8,111,10.0,5000.0,Free,0.0,Everyone,Books & Reference,2018-05-21,0.0,4.1 and up
Ay Up,FAMILY,4.5,11,7.2,100.0,Free,0.0,Everyone,Entertainment,2015-10-27,0.0,2.1 and up
AR-SRLVE,TOOLS,4.3,12,3.8,500.0,Free,0.0,Everyone,Tools,2017-05-15,2.2,5.0 and up
camera zoom moon,PHOTOGRAPHY,3.7,1213,1.1,500000.0,Free,0.0,Everyone,Photography,2018-01-23,1.06,2.3 and up
AHKNMN,BOOKS_AND_REFERENCE,4.3,72,1.9,10000.0,Free,0.0,Everyone,Books & Reference,2015-12-21,1.0,2.3 and up
¡Ay Metro!,GAME,3.8,489,36.0,10000.0,Free,0.0,Everyone 10+,Arcade,2015-03-17,0.0,4.0 and up
PKSAAML,FAMILY,4.6,23,17.0,10000.0,Free,0.0,Everyone,Education,2016-09-12,1.0,2.2 and up
AMTKN,BOOKS_AND_REFERENCE,4.2,27,4.3,10000.0,Free,0.0,Everyone,Books & Reference,2018-01-30,1.0,4.0 and up
QKOA,FAMILY,5.0,41,4.0,1000.0,Free,0.0,Everyone,Education,2017-12-13,10.6,4.2 and up
S&MAL,WEATHER,3.3,115,5.1,10000.0,Free,0.0,Everyone,Weather,2017-02-23,1.4,4.1 and up
DPSOT,TOOLS,3.6,9895,2.7,1000000.0,Free,0.0,Everyone,Tools,2017-02-03,2.0,4.2 and up
SACS,GAME,4.0,162530,97.0,10000000.0,Free,0.0,Mature 17+,Racing,2018-07-02,0.0,4.1 and up
Masha and The Bear,FAMILY,4.0,39779,19.0,5000000.0,Free,0.0,Everyone,Video Players & Editors;Music & Video,2016-08-05,0.0,4.0.3 and up
MCS,GAME,4.0,254518,100.0,10000000.0,Free,0.0,Mature 17+,Action,2018-07-09,2.0,4.0 and up
SHFB,GAME,4.2,88901,73.0,10000000.0,Free,0.0,Teen,Action,2018-05-24,0.0,4.0 and up
GTVD,FAMILY,4.3,65146,100.0,10000000.0,Free,0.0,Mature 17+,Simulation,2018-05-31,2.1,4.0 and up
I–P&M,VIDEO_PLAYERS,4.2,104551,18.0,10000000.0,Free,0.0,Everyone,Video Players & Editors,2017-12-19,0.0,2.2 and up
E&MIHG3PLW,PERSONALIZATION,4.5,66321,18.0,5000000.0,Free,0.0,Everyone,Personalization,2018-06-11,2.4,4.1 and up
MD-TDG,GAME,4.3,29270,44.0,5000000.0,Free,0.0,Everyone,Action,2018-07-25,0.0,4.0.3 and up
ABP&D,COMMUNICATION,4.4,1520,5.2,100000.0,Free,0.0,Everyone,Communication,2016-12-31,1.4,4.4 and up
ALPC,FAMILY,4.2,97,8.9,10000.0,Free,0.0,Everyone,Entertainment,2018-07-09,0.0,4.0.3 and up
AZ Plugin 2 (newest),LIBRARIES_AND_DEMO,4.2,11087,34.0,1000000.0,Free,0.0,Everyone,Libraries & Demo,2017-03-16,0.0,5.0 and up
Kids A-Z,FAMILY,4.2,26426,30.0,1000000.0,Free,0.0,Everyone,Education;Education,2018-08-02,0.0,4.4 and up
AC-MPC,PHOTOGRAPHY,3.4,2332,1.6,100000.0,Free,0.0,Everyone,Photography,2015-08-28,2.2,5.0 and up
A-Z App Store,PRODUCTIVITY,3.2,2728,4.4,500000.0,Free,0.0,Everyone,Productivity,2016-10-05,0.0,4.1 and up
ASRP,TOOLS,4.0,60,3.7,5000.0,Free,0.0,Everyone,Tools,2018-03-19,1.0,5.0 and up
PTAAMD,FAMILY,4.6,227,11.0,10000.0,Free,0.0,Everyone,Education,2017-10-12,0.0,4.1 and up
AZ PLAYER HD,TOOLS,3.2,24,4.7,10000.0,Free,0.0,Everyone,Tools,2016-04-11,1.0,2.2 and up
LRAHS,LIFESTYLE,4.4,132,33.0,10000.0,Free,0.0,Everyone,Lifestyle,2018-03-06,0.0,4.1 and up
NB|AZ Mobile Banking,FINANCE,4.0,463,13.0,10000.0,Free,0.0,Everyone,Finance,2018-04-05,0.0,4.2 and up
MDT:AT,VIDEO_PLAYERS,4.7,70,14.0,1000.0,Free,0.0,Everyone,Video Players & Editors,2018-07-07,1.9,4.1 and up
AIRA,MEDICAL,3.7,3,7.3,500.0,Free,0.0,Everyone,Medical,2018-05-24,1.4,3.2 and up
AZ Rockets,GAME,4.2,162,37.0,10000.0,Free,0.0,Everyone,Arcade,2018-05-25,0.0,4.1 and up
NBMB,FINANCE,4.1,44,13.0,1000.0,Free,0.0,Everyone,Finance,2018-04-05,0.0,4.2 and up
Az Content,FAMILY,3.5,24,13.0,10000.0,Free,0.0,Everyone,Entertainment,2018-06-05,0.0,4.1 and up
Catalyst AZ,FAMILY,4.8,12,8.4,500.0,Free,0.0,Teen,Education,2018-06-27,0.0,4.1 and up
CASR,TRAVEL_AND_LOCAL,4.3,201,45.0,10000.0,Free,0.0,Everyone,Travel & Local,2018-07-16,0.0,4.4 and up
GL(,LIFESTYLE,3.9,386,7.9,50000.0,Free,0.0,Everyone,Lifestyle,2017-02-18,0.0,4.0 and up
FCU(M,FINANCE,3.5,100,11.0,10000.0,Free,0.0,Everyone,Finance,2017-06-13,0.0,4.0 and up
Arizona Mobile,FAMILY,4.3,285,6.2,10000.0,Free,0.0,Everyone,Education,2017-11-07,4.7,4.1 and up
AZ Mobile Gizmo,BUSINESS,4.4,16,3.7,1000.0,Free,0.0,Everyone,Business,2018-04-02,0.0,4.2 and up
Az Video Status,FAMILY,4.8,13,6.0,100.0,Free,0.0,Everyone,Entertainment,2018-08-02,0.0,4.1 and up
ASA(L,BOOKS_AND_REFERENCE,3.9,9,8.8,1000.0,Free,0.0,Everyone,Books & Reference,2017-10-18,1.6,4.4 and up
ES&NA,TRAVEL_AND_LOCAL,3.8,43,22.0,10000.0,Free,0.0,Everyone,Travel & Local,2017-03-07,0.0,2.3 and up
ADPT-A,FAMILY,4.2,109,30.0,10000.0,Free,0.0,Everyone,Education,2018-02-15,0.0,4.4 and up
OAOEU,BOOKS_AND_REFERENCE,4.0,5300,11.0,1000000.0,Free,0.0,Everyone,Books & Reference,2017-11-28,0.0,4.1 and up
Cures A-Z,HEALTH_AND_FITNESS,4.0,265,4.1,100000.0,Free,0.0,Everyone,Health & Fitness,2015-08-13,2.1,3.0 and up
APT&Q,FAMILY,4.4,13,3.4,1000.0,Free,0.0,Everyone,Education,2017-03-23,1.0,2.3.3 and up
Arizona Trail,TRAVEL_AND_LOCAL,4.7,65,13.0,5000.0,Free,0.0,Everyone,Travel & Local,2017-04-06,0.0,4.1 and up
Ultrasound A-Z,FAMILY,4.5,112,39.0,10000.0,Free,0.0,Everyone,Education,2018-06-05,1.5,4.0 and up
APS&MV2,FAMILY,4.3,367,5.1,100000.0,Free,0.0,Everyone,Entertainment,2018-05-17,0.0,4.1 and up
MA-MCR,COMICS,3.3,126,4.7,5000.0,Free,0.0,Teen,Comics,2018-07-24,0.0,4.0.3 and up
BCDA,LIFESTYLE,4.3,127,5.5,10000.0,Free,0.0,Everyone,Lifestyle,2016-06-03,0.0,4.1 and up
PAAC,TRAVEL_AND_LOCAL,4.1,134,5.3,10000.0,Free,0.0,Everyone,Travel & Local,2018-06-20,0.0,4.0.3 and up
AZ REMOTE CONTROL,TOOLS,2.1,149,2.8,50000.0,Free,0.0,Everyone,Tools,2016-03-28,1.9,3.2 and up
GLA2,TRAVEL_AND_LOCAL,3.7,40,9.0,1000.0,Paid,8.49,Everyone,Travel & Local,2016-08-18,0.0,4.1 and up
British Airways,TRAVEL_AND_LOCAL,4.2,25726,51.0,1000000.0,Free,0.0,Everyone,Travel & Local,2018-07-24,4.2,4.4 and up
BFCP,FINANCE,4.4,31,206.0,1000.0,Paid,3.99,Everyone,Finance,2018-07-15,0.0,2.1 and up
FCBC,FINANCE,4.2,23,954.0,500.0,Paid,3.99,Everyone,Finance,2016-12-14,0.0,3.0 and up
BA4You,BUSINESS,2.1,87,26.0,5000.0,Free,0.0,Everyone,Business,2018-04-26,0.0,4.0 and up
BPFC,FINANCE,2.4,36,9.4,1000.0,Paid,1.99,Everyone,Finance,2015-11-16,0.0,2.3 and up
BA Calculator,PRODUCTIVITY,4.1,22,2.4,5000.0,Free,0.0,Everyone,Productivity,2018-07-22,0.0,4.0.3 and up
ba,FAMILY,3.1,1734,5.8,500000.0,Free,0.0,Everyone,Strategy,2016-06-08,0.0,4.0 and up
Ra Ga Ba,GAME,5.0,2,20.0,1.0,Paid,1.49,Everyone,Arcade,2017-02-08,0.0,2.3 and up
Ba Cristi,GAME,3.5,196,35.0,10000.0,Free,0.0,Everyone,Adventure,2016-03-22,0.0,2.3 and up
BBBSOV,PARENTING,4.2,20,17.0,10000.0,Free,0.0,Everyone,Parenting,2017-07-02,1.1,4.0.3 and up
Goody.ba,FAMILY,4.7,303,42.0,10000.0,Free,0.0,Everyone,Entertainment,2018-07-22,0.0,4.1 and up
Learn alif ba ta,FAMILY,4.8,23,35.0,10000.0,Free,0.0,Everyone,Educational;Education,2017-11-28,0.0,2.3 and up
AABTFK,FAMILY,4.5,226,26.0,100000.0,Free,0.0,Everyone,Education;Education,2017-05-30,0.0,2.3 and up
AAABTWB,FAMILY,4.6,66,17.0,10000.0,Free,0.0,Everyone,Educational;Education,2018-02-25,0.0,2.3 and up
LLABT,FAMILY,4.6,32,60.0,10000.0,Free,0.0,Everyone,Education,2017-11-29,6.0,4.0.3 and up
Sufara.ba,FAMILY,4.9,285,25.0,10000.0,Free,0.0,Everyone,Education,2018-01-05,0.0,4.4 and up
EB-LTHQ,FAMILY,4.8,1491,38.0,50000.0,Free,0.0,Everyone,Education,2017-10-31,1.3,4.1 and up
Instant Ba-dum-tss,FAMILY,4.0,13,2.0,1000.0,Free,0.0,Everyone,Entertainment,2015-09-23,1.0,1.6 and up
Ba Zi Fortune,LIFESTYLE,3.9,592,2.5,100000.0,Free,0.0,Everyone,Lifestyle,2018-01-02,0.0,2.3 and up
BV-FUV,FAMILY,4.1,181,9.2,10000.0,Free,0.0,Everyone,Entertainment,2018-06-14,0.0,5.0 and up
BDT-RW,COMICS,4.1,690,444.0,50000.0,Free,0.0,Everyone,Comics,2015-09-29,0.0,2.2 and up
ABTS-AK,FAMILY,4.5,227,15.0,50000.0,Free,0.0,Everyone,Educational;Education,2018-02-24,1.0,2.3 and up
FDFZWE,HEALTH_AND_FITNESS,4.2,287,12.0,50000.0,Free,0.0,Everyone,Health & Fitness,2018-07-30,1.8,4.2 and up
Cafe.ba,NEWS_AND_MAGAZINES,4.0,677,4.4,10000.0,Free,0.0,Everyone,News & Magazines,2017-06-07,0.0,4.0 and up
058.ba,NEWS_AND_MAGAZINES,4.4,27,14.0,100.0,Free,0.0,Everyone,News & Magazines,2018-07-06,1.0,4.2 and up
Loreal - BA Makeup,TOOLS,1.9,8,6.7,1000.0,Free,0.0,Everyone,Tools,2018-04-18,0.0,4.0.3 and up
Elif Ba Oyunu,TOOLS,3.7,26,2.2,5000.0,Free,0.0,Everyone,Tools,2015-11-02,1.1,2.3 and up
Klix.ba,NEWS_AND_MAGAZINES,4.0,3647,5.7,100000.0,Free,0.0,Everyone,News & Magazines,2017-02-25,0.0,4.0 and up
PBC,SPORTS,4.3,242096,87.0,10000000.0,Free,0.0,Everyone,Sports,2018-08-02,0.0,4.1 and up
Avios for Android,TRAVEL_AND_LOCAL,2.5,862,30.0,100000.0,Free,0.0,Everyone,Travel & Local,2018-04-10,0.0,5.0 and up
Banana Kong,GAME,4.4,3452530,68.0,100000000.0,Free,0.0,Everyone,Action,2018-02-07,0.0,4.0.3 and up
EQLG,FAMILY,4.7,1424,19.0,100000.0,Free,0.0,Everyone,Educational,2018-06-07,2.2,4.1 and up
SS:GA,GAME,4.6,169661,40.0,10000000.0,Free,0.0,Everyone,Arcade,2018-08-01,1.246,4.1 and up
Hunt Buddy BC,SPORTS,4.4,172,49.0,5000.0,Paid,2.99,Everyone,Sports,2018-07-10,1.5,4.0.3 and up
SMB,FAMILY,4.3,7441,52.0,500000.0,Free,0.0,Everyone 10+,Strategy,2018-08-02,0.0,2.3 and up
iHunter BC,SPORTS,4.4,55,63.0,1000.0,Paid,4.49,Everyone,Sports,2018-08-03,0.0,4.0.3 and up
iFish BC,SPORTS,3.6,25,6.0,1000.0,Paid,3.99,Everyone,Sports,2015-02-18,2.1,2.3 and up
BC Connect,FAMILY,3.8,11,17.0,1000.0,Free,0.0,Everyone,Education,2018-03-14,0.0,4.1 and up
IC1B,FAMILY,4.4,31,4.2,100.0,Paid,0.99,Everyone,Casual,2013-08-15,1.48,2.0 and up
BC Navigator,FAMILY,4.4,21,32.0,1000.0,Free,0.0,Everyone,Education,2018-05-10,3.2,4.0.3 and up
BC Lotto Check,FAMILY,3.0,10,717.0,5000.0,Free,0.0,Everyone,Entertainment,2016-06-22,0.0,4.0.3 and up
BC Liquor Stores,LIFESTYLE,3.7,492,4.3,50000.0,Free,0.0,Everyone,Lifestyle,2015-10-05,3.6,2.2 and up
BC MVA Fines,BOOKS_AND_REFERENCE,5.0,5,7.2,50.0,Paid,1.75,Everyone,Books & Reference,2015-10-08,1.0,4.1 and up
BHWT,MEDICAL,4.2,8,1.2,500.0,Free,0.0,Everyone,Medical,2016-01-19,1.2,4.1 and up
TOPB,PRODUCTIVITY,4.8,4,31.0,100.0,Free,0.0,Everyone,Productivity,2018-06-25,0.0,4.0 and up
EBC-BTG,TRAVEL_AND_LOCAL,4.4,7,17.0,500.0,Free,0.0,Everyone,Travel & Local,2017-10-09,0.0,4.4W and up
BCSF,FAMILY,4.1,36151,46.0,1000000.0,Free,0.0,Everyone,Simulation,2017-04-22,2.7,3.2 and up
BC's Pizza,LIFESTYLE,4.7,113,20.0,1000.0,Free,0.0,Everyone,Lifestyle,2016-09-30,0.0,4.0 and up
BC(L,PARENTING,4.7,8343,8.3,50000.0,Paid,4.99,Everyone,Parenting,2018-07-10,0.0,4.0.3 and up
BC Wildfire,TOOLS,3.3,27,5.0,5000.0,Free,0.0,Everyone,Tools,2018-05-31,0.0,5.0 and up
BS-TLRF,GAME,4.0,209,22.0,10000.0,Free,0.0,Teen,Casino,2018-07-13,7.0,4.0 and up
TDTC3B,FAMILY,1.0,1,2.0,50.0,Paid,1.49,Everyone,Education,2012-04-09,1.0,2.1 and up
BH-RC,TRAVEL_AND_LOCAL,4.4,382,12.0,10000.0,Free,0.0,Everyone,Travel & Local,2018-02-01,0.0,5.0 and up
BC Camera,PHOTOGRAPHY,4.2,5,5.5,500.0,Free,0.0,Everyone,Photography,2018-01-10,1.0,4.0.3 and up
BC iptv player,VIDEO_PLAYERS,4.4,8,14.0,1000.0,Free,0.0,Everyone,Video Players & Editors,2017-10-12,0.0,4.0 and up
VB|TC,TRAVEL_AND_LOCAL,4.3,20,15.0,1000.0,Free,0.0,Everyone,Travel & Local,2016-08-02,1.7,4.0 and up
BC Wildflowers,FAMILY,4.4,7,81.0,1000.0,Free,0.0,Everyone,Education,2017-07-10,3.5,4.1 and up
BC Hockey,SPORTS,3.7,20,8.9,1000.0,Free,0.0,Everyone,Sports,2017-12-08,3.1,4.4 and up
BCTP(,TRAVEL_AND_LOCAL,4.0,1,3.0,100.0,Free,0.0,Everyone,Travel & Local,2017-11-08,1.0,4.1 and up
BCL,FAMILY,3.3,14,11.0,1000.0,Free,0.0,Everyone,Education,2015-01-19,1.2,4.0 and up
ACBPT,FAMILY,4.2,4,29.0,500.0,Free,0.0,Everyone,Education,2018-01-25,0.0,4.4 and up
BC Pizza,LIFESTYLE,2.3,3,2.6,500.0,Free,0.0,Everyone,Lifestyle,2016-01-12,1.0,4.2 and up
RRVB,FAMILY,5.0,4,1.7,100.0,Free,0.0,Teen,Entertainment,2015-06-28,1.0,2.2 and up
ACBPTAF,FAMILY,3.6,5,5.4,1000.0,Free,0.0,Everyone,Education,2018-07-03,0.0,4.1 and up
BCPF,FAMILY,3.9,137377,30.0,5000000.0,Free,0.0,Everyone,Simulation,2017-04-12,2.2,4.0.3 and up
B-BLT,FAMILY,4.4,7461,31.0,1000000.0,Free,0.0,Everyone,Entertainment,2018-05-20,0.0,4.1 and up
bd's Mongolian Grill,LIFESTYLE,4.2,120,14.0,10000.0,Free,0.0,Everyone,Lifestyle,2018-02-23,0.0,4.1 and up
BBYDPA,MEDICAL,4.8,17,37.0,5000.0,Free,0.0,Everyone,Medical,2018-07-19,0.0,5.0 and up
J-BT,FAMILY,4.3,39109,4.0,1000000.0,Free,0.0,Everyone,Entertainment,2017-12-20,6.5,4.0 and up
BDP(&4,COMMUNICATION,4.4,10341,6.9,500000.0,Free,0.0,Everyone,Communication,2018-07-05,0.0,4.1 and up
বটপBBT,FAMILY,4.3,193,14.0,10000.0,Free,0.0,Everyone,Entertainment,2017-04-29,1.3,4.0 and up
BD tools,TOOLS,4.0,21,210.0,10000.0,Free,0.0,Everyone,Tools,2015-12-18,6.1,4.2 and up
BD Provider App,HEALTH_AND_FITNESS,1.4,45,13.0,5000.0,Free,0.0,Everyone,Health & Fitness,2016-09-12,1.0,4.1 and up
IRMC&B,COMICS,3.3,1476,18.0,500000.0,Free,0.0,Teen,Comics,2018-06-11,7.3,4.0 and up
BRTFL,FAMILY,4.3,539,13.0,50000.0,Free,0.0,Everyone,Entertainment,2018-08-01,1.3,4.2 and up
BD Online News,NEWS_AND_MAGAZINES,4.6,30,3.8,1000.0,Free,0.0,Everyone,News & Magazines,2018-03-20,1.5,4.0.3 and up
BD Bank Interest,FINANCE,4.7,289,3.2,5000.0,Free,0.0,Everyone,Finance,2018-05-04,1.2,4.1 and up
BD Earn Pro,FAMILY,4.2,540,3.2,10000.0,Free,0.0,Everyone,Entertainment,2018-08-01,2.4,4.1 and up
Comics Reader,COMICS,3.9,4496,609.0,100000.0,Free,0.0,Everyone,Comics,2017-10-29,0.0,2.3 and up
Upohar BD,BUSINESS,3.4,9,1.7,1000.0,Free,0.0,Everyone,Business,2016-10-08,1.0,3.0 and up
EBCB,PRODUCTIVITY,4.3,247,4.0,10000.0,Free,0.0,Everyone,Productivity,2016-06-22,1.2,4.0.3 and up
BD Fishpedia,BOOKS_AND_REFERENCE,4.8,123,6.5,1000.0,Free,0.0,Everyone,Books & Reference,2017-03-15,3.15317,3.0 and up
BD Attendance,PRODUCTIVITY,4.8,93,14.0,1000.0,Free,0.0,Everyone,Productivity,2018-07-17,0.0,4.3 and up
BD All Sim Offer,BOOKS_AND_REFERENCE,4.5,197,2.8,10000.0,Free,0.0,Everyone,Books & Reference,2017-01-03,1.2,4.1 and up
BD TYCOON,FAMILY,3.3,16,33.0,500.0,Free,0.0,Everyone,Simulation,2017-07-06,1.2,4.1 and up
BD Sports Box & TV,FAMILY,4.2,5,3.3,500.0,Free,0.0,Everyone,Entertainment,2018-04-13,1.1,4.0.3 and up
TB(DM,MAPS_AND_NAVIGATION,4.9,49,3.9,100.0,Free,0.0,Everyone,Maps & Navigation,2017-10-16,2.0,4.2 and up
BD Field Force,PRODUCTIVITY,4.2,41,15.0,1000.0,Free,0.0,Everyone,Productivity,2018-08-01,0.0,4.3 and up
BD CRICKET LIVE,SPORTS,4.6,1238,9.5,100000.0,Free,0.0,Everyone,Sports,2018-01-15,3.0,4.0.3 and up
BD All Results,FAMILY,4.1,205,7.3,50000.0,Free,0.0,Everyone,Education,2017-11-29,9.0,4.0.3 and up
BOPA,FAMILY,4.6,12,2.4,5000.0,Free,0.0,Everyone,Education,2017-10-07,3.0,4.0.3 and up
BIP(,COMMUNICATION,4.0,474,3.0,50000.0,Free,0.0,Everyone,Communication,2016-08-05,0.0,4.0 and up
Live Radio BD,FAMILY,4.2,69,3.5,10000.0,Free,0.0,Everyone,Entertainment,2015-05-04,1.1,4.0 and up
iCard BD Plus,SOCIAL,5.0,2,2.4,500.0,Free,0.0,Everyone,Social,2016-07-15,0.0,2.0 and up
BD Dialer,COMMUNICATION,4.1,29,13.0,10000.0,Free,0.0,Everyone,Communication,2018-07-09,0.0,4.1 and up
BANGLA TV 3G/4G,SPORTS,4.1,142,5.3,100000.0,Free,0.0,Everyone,Sports,2018-06-07,2.4,4.0 and up
Earn Money BD,FINANCE,3.8,103,6.9,5000.0,Free,0.0,Everyone,Finance,2018-07-11,3.4,4.0 and up
BD Hospital's,FAMILY,4.7,12,2.3,100.0,Free,0.0,Everyone,Education,2015-10-07,1.1,3.0 and up
Rabbithole,FAMILY,3.5,3347,15.0,100000.0,Free,0.0,Everyone,Entertainment,2018-07-18,0.0,4.4 and up
ERB,FAMILY,4.0,983,7.2,100000.0,Free,0.0,Everyone,Education,2018-06-12,1.0,4.0 and up
BD Online Shop,BUSINESS,4.2,63,13.0,5000.0,Free,0.0,Everyone,Business,2015-09-13,0.0,2.3.3 and up
RFST&BP(D,TOOLS,3.3,1988,7.3,500000.0,Free,0.0,Everyone,Tools,2018-08-03,3.15,4.3 and up
VCCB,TOOLS,3.7,29,3.3,10000.0,Free,0.0,Everyone,Tools,2017-07-13,1.0,4.1 and up
RFST&SBPM,TOOLS,3.4,3491,7.3,1000000.0,Free,0.0,Everyone,Tools,2018-07-31,3.15,4.3 and up
RFPT,TOOLS,3.7,533,7.3,100000.0,Free,0.0,Everyone,Tools,2018-07-31,3.15,4.3 and up
Exam Result BD,FAMILY,5.0,2,2.6,500.0,Free,0.0,Everyone,Education,2017-07-22,1.0,3.2 and up
BD Live Call,COMMUNICATION,4.4,7,308.0,5000.0,Free,0.0,Everyone,Communication,2016-09-06,1.01,2.0 and up
Helping BD,LIFESTYLE,5.0,15,4.5,100.0,Free,0.0,Everyone,Lifestyle,2018-06-19,2.1,4.0.3 and up
BBBSN,COMMUNICATION,4.8,6,21.0,10.0,Free,0.0,Everyone,Communication,2018-07-04,2.0,4.1 and up
Traffic signs BD,COMMUNICATION,4.4,7,5.3,500.0,Free,0.0,Everyone,Communication,2015-10-08,1.0,4.1 and up
BIPA,NEWS_AND_MAGAZINES,4.9,13,2.3,100.0,Free,0.0,Everyone,News & Magazines,2018-03-09,1.2,4.0.3 and up
be Produbanco,FINANCE,4.0,967,22.0,100000.0,Free,0.0,Everyone,Finance,2018-08-02,0.0,4.1 and up
M:WWTB,GAME,4.4,4396,40.0,100000.0,Free,0.0,Everyone,Trivia,2017-04-12,1.5,2.3 and up
BME-HTB,LIFESTYLE,4.9,8418,21.0,500000.0,Free,0.0,Everyone,Lifestyle,2018-07-11,0.0,4.4 and up
BMPP,FAMILY,4.4,9443,21.0,100000.0,Free,0.0,Teen,Simulation,2016-12-12,0.0,4.0.3 and up
B-EPE&SC,PHOTOGRAPHY,4.4,3156484,53.0,100000000.0,Free,0.0,Everyone,Photography,2018-07-31,0.0,4.1 and up
Movement BE,SOCIAL,5.0,20,1.2,100.0,Free,0.0,Teen,Social,2016-11-10,1.2,4.4 and up
Be Stronger,HEALTH_AND_FITNESS,4.8,787,53.0,1000.0,Paid,1.99,Everyone,Health & Fitness,2018-07-31,0.0,4.0.3 and up
BMLAK,PERSONALIZATION,4.6,838,11.0,50000.0,Free,0.0,Teen,Personalization,2018-03-30,1.7,4.1 and up
Be My Princess 2,FAMILY,4.3,2806,27.0,100000.0,Free,0.0,Teen,Entertainment,2018-03-20,3.6,2.3 and up
MQFBR,FAMILY,3.8,66033,6.8,10000000.0,Free,0.0,Everyone,Casual,2018-01-01,0.0,4.0 and up
BTM2-FS,SPORTS,4.3,7557,7.4,100000.0,Free,0.0,Everyone,Sports,2018-03-12,0.0,4.2 and up
BLM-HNT,PERSONALIZATION,4.3,44,3.5,1000.0,Free,0.0,Teen,Personalization,2016-05-26,1.3,4.0 and up
BFPB,PHOTOGRAPHY,4.1,560,1.7,10000.0,Free,0.0,Everyone,Photography,2017-02-01,1.07,4.0 and up
RadarNow!,WEATHER,4.5,54090,4.0,5000000.0,Free,0.0,Everyone,Weather,2018-02-28,6.6,4.0 and up
Be My Princess,FAMILY,4.2,3103,8.8,100000.0,Free,0.0,Teen,Entertainment,2017-09-19,6.5,2.2 and up
FNM-BTBLITG,FAMILY,3.8,48545,38.0,1000000.0,Free,0.0,Everyone,Casual,2018-08-03,0.0,4.1 and up
Be Like Bill - Maker,FAMILY,4.3,18,1.7,1000.0,Free,0.0,Everyone,Entertainment,2016-01-27,1.2,3.2 and up
BTM2(,SPORTS,4.2,4330,6.1,100000.0,Free,0.0,Everyone,Sports,2017-10-19,3.0,4.0 and up
HS-FG,FAMILY,3.8,484226,27.0,50000000.0,Free,0.0,Teen,Casual,2018-06-15,0.0,4.0 and up
Adobe Photoshop Fix,PHOTOGRAPHY,4.2,28390,38.0,5000000.0,Free,0.0,Everyone,Photography,2017-07-19,0.0,5.0 and up
MYBLB,COMICS,4.0,78,2.8,5000.0,Free,0.0,Everyone,Comics,2016-01-16,1.0,2.3 and up
BLBG,FAMILY,4.2,67,6.5,5000.0,Free,0.0,Teen,Entertainment,2016-01-29,1.08,4.0.3 and up
BYGLT,PERSONALIZATION,4.3,1580,3.6,100000.0,Free,0.0,Everyone,Personalization,2014-11-12,1.0,2.3 and up
SG-FM&DU,FAMILY,4.3,556929,53.0,10000000.0,Free,0.0,Teen,Casual,2018-04-19,0.0,4.0.3 and up
BLB-C,FAMILY,4.4,146,3.9,10000.0,Free,0.0,Teen,Entertainment,2018-03-30,2.4,4.1 and up
YAY - TBH,SOCIAL,4.1,2520,12.0,100000.0,Free,0.0,Teen,Social,2017-11-17,0.0,4.3 and up
The Sims™ Mobile,FAMILY,4.5,559597,89.0,10000000.0,Free,0.0,Teen,Simulation,2018-07-26,0.0,4.1 and up
Find My Friends,SOCIAL,4.2,305367,46.0,10000000.0,Free,0.0,Everyone,Social,2018-08-01,0.0,4.4 and up
BIFQ,GAME,4.3,128367,54.0,1000000.0,Free,0.0,Everyone,Arcade,2017-10-27,0.0,4.0.3 and up
U-NLS,TOOLS,4.4,103909,9.2,5000000.0,Free,0.0,Everyone,Tools,2018-05-11,0.0,4.3 and up
OKLPT,FAMILY,4.5,76608,24.0,1000000.0,Free,0.0,Everyone 10+,Action;Action & Adventure,2017-01-05,0.0,4.0 and up
HT(S,GAME,4.3,275843,41.0,10000000.0,Free,0.0,Teen,Adventure,2018-07-19,1.401,4.0 and up
Nick,FAMILY,4.2,123309,25.0,10000000.0,Free,0.0,Everyone 10+,Entertainment;Music & Video,2018-01-24,0.0,4.4 and up
BC,GAME,4.0,263907,62.0,10000000.0,Free,0.0,Everyone 10+,Action,2016-11-01,0.0,4.0 and up
WOTBM,GAME,3.4,32,27.0,1000.0,Paid,0.99,Everyone 10+,Arcade,2017-03-23,0.0,4.0 and up
BF at Sea Refueled,GAME,4.4,1849,37.0,10000.0,Free,0.0,Everyone,Board,2015-10-20,0.0,2.3.3 and up
BF Movies Fun,FAMILY,3.8,63,3.7,10000.0,Free,0.0,Teen,Entertainment,2018-04-07,1.0,2.3.3 and up
BBBB-SGT,COMMUNICATION,3.0,39,4.6,10000.0,Free,0.0,Everyone,Communication,2017-09-04,1.4,4.0.3 and up
My BF App,COMMUNICATION,4.1,141,9.9,50000.0,Free,0.0,Everyone,Communication,2017-12-19,2.0,4.0 and up
FVFW,VIDEO_PLAYERS,4.4,3066,9.0,1000000.0,Free,0.0,Everyone,Video Players & Editors,2017-12-17,1.7,4.0.3 and up
BF games,FAMILY,4.1,262,29.0,50000.0,Free,0.0,Everyone,Puzzle,2017-11-01,1.1,4.0.3 and up
BF 3d Wallpapers,FAMILY,4.1,256,2.5,100000.0,Free,0.0,Teen,Entertainment,2015-06-18,4.7,3.0 and up
HBVS,FAMILY,4.1,28892,6.3,5000000.0,Free,0.0,Teen,Entertainment,2018-07-11,1.3,4.0 and up
Bullet Force,GAME,4.5,634159,58.0,10000000.0,Free,0.0,Teen,Action,2018-06-21,1.4,4.2 and up
G-BCS-HEC,FAMILY,4.1,32,4.1,10000.0,Free,0.0,Everyone,Education,2018-06-18,1.5,4.1 and up
BSHFT,HEALTH_AND_FITNESS,2.2,19,9.6,1000.0,Free,0.0,Everyone,Health & Fitness,2017-11-29,2.1,4.3 and up
BF-Calc,TOOLS,3.9,428,3.8,100000.0,Free,0.0,Everyone,Tools,2015-03-31,0.0,2.3.3 and up
BF 4 Guns,FAMILY,4.0,1542,13.0,50000.0,Free,0.0,Everyone,Entertainment,2015-06-09,3.0,3.0 and up
My Virtual Boyfriend,FAMILY,4.3,105,51.0,1000.0,Paid,0.99,Teen,Casual,2017-02-17,3.6,2.3.3 and up
SHDP,FAMILY,3.9,17067,2.7,5000000.0,Free,0.0,Everyone,Casual,2018-02-13,0.0,4.1 and up
BF Combat: Genesis,GAME,4.0,3322,82.0,100000.0,Free,0.0,Mature 17+,Action,2017-03-02,0.0,2.3 and up
WHTL,HEALTH_AND_FITNESS,4.2,2509,5.0,1000000.0,Free,0.0,Mature 17+,Health & Fitness,2018-04-20,1.8,4.1 and up
CBBO3,GAME,4.2,7699,83.0,500000.0,Free,0.0,Mature 17+,Action,2017-03-02,0.0,2.3 and up
BF Beautiful Nature,FAMILY,3.6,5,2.5,1000.0,Free,0.0,Mature 17+,Entertainment,2015-06-11,4.1,3.0 and up
BF 3d Images,FAMILY,4.3,19,2.5,1000.0,Free,0.0,Teen,Entertainment,2015-06-17,4.5,3.0 and up
HBVS2-FM,FAMILY,4.4,447,3.7,100000.0,Free,0.0,Mature 17+,Entertainment,2018-04-04,1.0,4.2 and up
BSXRCPE,FAMILY,2.6,17,4.6,5000.0,Free,0.0,Everyone,Entertainment,2018-05-05,1.0,2.3 and up
BF Frontline City,GAME,4.1,29798,80.0,1000000.0,Free,0.0,Mature 17+,Action,2017-03-06,0.0,2.3 and up
Droid PRoCon BF3,TOOLS,3.5,412,2.6,5000.0,Paid,0.99,Everyone,Tools,2015-03-12,2.2,3.0 and up
BA3P,FAMILY,4.2,72,2.5,10000.0,Free,0.0,Teen,Entertainment,2015-06-18,5.1,3.0 and up
Random Love (BF),FAMILY,3.7,3,10.0,50.0,Free,0.0,Everyone,Entertainment,2015-10-04,0.0,2.2 and up
VBC,FAMILY,2.4,407,306.0,50000.0,Free,0.0,Mature 17+,Entertainment,2017-04-11,1.0,2.2 and up
Talking Boyfriend,FAMILY,2.9,1073,2.8,100000.0,Free,0.0,Everyone,Entertainment,2016-08-28,1.1,2.3.3 and up
Faketalk - Chatbot,GAME,4.2,63056,8.1,1000000.0,Free,0.0,Teen,Word,2018-07-03,0.0,2.3 and up
XXX DISTILLERY,BUSINESS,4.2,509,3.2,100000.0,Free,0.0,Everyone,Business,2017-08-02,0.0,4.0 and up
Cute Questions BF,LIFESTYLE,4.0,3,3.3,1000.0,Free,0.0,Everyone,Lifestyle,2018-06-02,0.0,4.4 and up
BG Score,SPORTS,2.6,64,1.6,10000.0,Free,0.0,Everyone,Sports,2017-07-26,2.1,4.0.3 and up
BG Advisor™,TOOLS,4.4,7,5.6,1000.0,Free,0.0,Everyone,Tools,2017-01-10,1.3,4.0.3 and up
BG Products,AUTO_AND_VEHICLES,4.8,4,4.5,500.0,Free,0.0,Everyone,Auto & Vehicles,2017-11-28,1.3,5.0 and up
BG LINKED (BGLINKED),SOCIAL,4.7,22,11.0,1000.0,Free,0.0,Everyone,Social,2018-01-19,0.0,4.1 and up
BG Monitor Diabetes,MEDICAL,4.4,643,2.8,10000.0,Free,0.0,Everyone,Medical,2017-04-23,0.0,4.4 and up
BMDP,MEDICAL,4.6,87,2.8,500.0,Paid,5.99,Everyone,Medical,2017-04-23,0.0,4.4 and up
HTC Sense Input-BG,TOOLS,2.7,198,2.8,100000.0,Free,0.0,Everyone,Tools,2014-04-22,0.0,4.1 and up
Photo BG Changer,PHOTOGRAPHY,3.8,11,17.0,1000.0,Free,0.0,Everyone,Photography,2018-02-21,1.3,4.1 and up
BG TV App,FAMILY,1.7,6,2.9,100.0,Free,0.0,Everyone,Entertainment,2017-12-21,1.0,4.1 and up
BG BRIDAL GALLERY,LIFESTYLE,4.6,17,19.0,1000.0,Free,0.0,Everyone,Lifestyle,2018-06-27,0.0,4.4 and up
HTC Sense Input - BG,TOOLS,3.3,218,4.1,10000.0,Free,0.0,Everyone,Tools,2015-11-09,0.0,5.0 and up
BGSPTFTG,LIFESTYLE,4.6,275,3.9,5000.0,Paid,2.99,Everyone,Lifestyle,2018-07-17,0.0,4.1 and up
Bg TV Online,FAMILY,2.3,50,2.8,10000.0,Free,0.0,Everyone,Entertainment,2017-10-21,1.2,4.1 and up
P,PHOTOGRAPHY,4.5,81219,2.6,10000000.0,Free,0.0,Everyone,Photography,2015-06-14,0.0,4.1 and up
BG+Phone Backup,PRODUCTIVITY,4.8,16,2.6,1000.0,Free,0.0,Everyone,Productivity,2017-02-17,0.0,2.3 and up
RBG,TOOLS,5.0,5,9.1,1000.0,Free,0.0,Everyone,Tools,2018-05-25,0.0,4.1 and up
BV-FV-BV,VIDEO_PLAYERS,4.1,64,2.0,5000.0,Free,0.0,Everyone,Video Players & Editors,2018-05-21,2.0,4.0 and up
BG Future School,FAMILY,4.9,16,10.0,100.0,Free,0.0,Everyone,Education,2017-07-22,1.0,4.0.3 and up
BVBK,SOCIAL,4.8,111,5.9,1000.0,Free,0.0,Everyone,Social,2018-07-18,2.42,4.1 and up
CARS.bg,AUTO_AND_VEHICLES,4.5,276,1.7,100000.0,Free,0.0,Everyone,Auto & Vehicles,2017-07-05,0.0,4.4 and up
ABC,PHOTOGRAPHY,4.0,35188,6.2,1000000.0,Free,0.0,Everyone,Photography,2018-02-22,0.0,3.2 and up
BG3COD,GAME,3.7,31883,20.0,1000000.0,Free,0.0,Teen,Action,2017-03-23,0.0,2.3 and up
BR&EP,TOOLS,2.2,4,4.8,500.0,Free,0.0,Everyone,Tools,2018-04-03,3.0,2.3 and up
BG Guide,TRAVEL_AND_LOCAL,5.0,3,2.4,100.0,Free,0.0,Everyone,Travel & Local,2016-11-28,1.1,2.3.3 and up
trip.bg,TRAVEL_AND_LOCAL,4.5,103,9.8,1000.0,Free,0.0,Everyone,Travel & Local,2018-07-30,0.0,4.0.3 and up
B&GI,GAME,4.3,101762,11.0,1000000.0,Free,0.0,Teen,Action,2015-06-11,0.0,3.0 and up
CPB,PHOTOGRAPHY,3.8,28660,6.4,5000000.0,Free,0.0,Everyone,Photography,2018-03-21,0.0,4.0.3 and up
BGEE,FAMILY,4.5,20101,7.8,100000.0,Paid,9.99,Teen,Role Playing,2015-10-02,1.3,3.0 and up
SF2SE,GAME,4.5,10440,86.0,50000.0,Paid,4.99,Teen,Action,2018-05-30,0.0,4.1 and up
Revita.bg,HEALTH_AND_FITNESS,4.8,10,4.0,10.0,Free,0.0,Everyone,Health & Fitness,2018-06-13,3.55,4.0 and up
Background Eraser,PHOTOGRAPHY,4.5,267378,1.9,10000000.0,Free,0.0,Everyone,Photography,2015-07-11,0.0,4.0 and up
ePay.bg,FINANCE,4.4,2017,2.4,100000.0,Free,0.0,Everyone,Finance,2018-07-26,2.22,4.1 and up
BG3GO,GAME,3.9,142693,21.0,5000000.0,Free,0.0,Teen,Action,2018-06-07,0.0,2.3 and up
MFY-TMBR,VIDEO_PLAYERS,4.3,47,8.7,1000.0,Free,0.0,Teen,Video Players & Editors,2017-09-23,1.1,4.2 and up
Bg+ Call Blocker,TOOLS,4.3,80,1.7,10000.0,Free,0.0,Everyone,Tools,2018-03-20,1.2,4.0 and up
BC&E,PHOTOGRAPHY,4.0,2076,11.0,500000.0,Free,0.0,Teen,Photography,2018-05-21,2.5,4.1 and up
CO:BEABC,PHOTOGRAPHY,4.1,7118,9.2,1000000.0,Free,0.0,Everyone,Photography,2018-06-29,1.6,4.0 and up
MTBSTMJFY,MEDICAL,4.6,21187,35.0,1000000.0,Free,0.0,Everyone,Medical,2018-07-23,0.0,5.0 and up
PBC2-BB,LIFESTYLE,3.7,34079,9.2,5000000.0,Free,0.0,Everyone,Lifestyle,2018-05-21,202.0,4.1 and up
BGCN TV,VIDEO_PLAYERS,3.4,4334,4.9,100000.0,Free,0.0,Everyone,Video Players & Editors,2015-11-04,0.0,Varies with device
ScorePal,TOOLS,4.5,1439,15.0,10000.0,Free,0.0,Everyone,Tools,2018-07-09,0.0,4.3 and up
BNFA,GAME,4.4,1644,15.0,10000.0,Paid,7.99,Everyone,Board,2017-04-05,4.1,2.3.3 and up
JOBS.bg,BUSINESS,4.4,1630,2.2,100000.0,Free,0.0,Everyone,Business,2017-08-22,0.0,4.4 and up
CB(Б,FAMILY,2.4,7,2.1,100.0,Paid,3.99,Everyone,Education,2017-03-23,1.0,4.0.3 and up
L®BBG,FAMILY,4.1,10758,8.0,100000.0,Paid,4.99,Everyone 10+,Adventure;Action & Adventure,2015-12-15,0.0,4.0.3 and up
BGT,HEALTH_AND_FITNESS,4.6,9612,3.5,100000.0,Free,0.0,Everyone,Health & Fitness,2018-05-18,0.0,4.4 and up
Baldur's Gate II,FAMILY,4.3,5442,16.0,50000.0,Paid,9.99,Teen,Role Playing,2018-06-28,0.0,3.0 and up
R-DBGO,GAME,4.3,205830,63.0,10000000.0,Free,0.0,Everyone,Board,2018-06-20,0.0,4.1 and up
Remix Second Hand,SHOPPING,4.2,867,7.5,100000.0,Free,0.0,Everyone,Shopping,2018-08-02,0.0,4.4 and up
UBE,PHOTOGRAPHY,4.3,14453,21.0,1000000.0,Free,0.0,Everyone,Photography,2018-03-13,1.9,4.1 and up
OnTrack Diabetes,MEDICAL,4.3,6079,1.8,500000.0,Free,0.0,Everyone,Medical,2018-01-17,0.0,2.1 and up
BIB,PHOTOGRAPHY,3.9,129268,11.0,10000000.0,Free,0.0,Everyone,Photography,2018-07-30,1.32,4.1 and up
APT,PRODUCTIVITY,4.7,167406,18.0,1000000.0,Free,0.0,Everyone,Productivity,2018-07-23,0.0,4.0.3 and up
Grabo.bg,SHOPPING,4.6,8175,3.2,100000.0,Free,0.0,Everyone,Shopping,2018-04-05,0.0,4.0.3 and up
GEM™,TOOLS,4.3,6,33.0,500.0,Free,0.0,Everyone,Tools,2018-07-23,1.93,5.0 and up
Diabetes Connect,MEDICAL,4.5,4027,8.4,100000.0,Free,0.0,Everyone,Medical,2017-10-10,0.0,4.0 and up
BPVPA,SHOPPING,4.6,17180,31.0,1000000.0,Free,0.0,Everyone,Shopping,2018-08-03,0.0,4.4 and up
BH by Kinomap,HEALTH_AND_FITNESS,2.9,141,22.0,10000.0,Free,0.0,Everyone,Health & Fitness,2018-07-30,0.0,4.1 and up
BH Cosmetics,BEAUTY,4.0,2,3.6,1000.0,Free,0.0,Everyone,Beauty,2018-05-29,1.0,4.0 and up
BH Bikes Premium,SPORTS,3.0,26,15.0,1000.0,Free,0.0,Everyone,Sports,2017-05-09,0.0,5.0 and up
B&H Kids AR,BOOKS_AND_REFERENCE,3.9,286,18.0,10000.0,Free,0.0,Everyone,Books & Reference,2017-09-29,0.0,4.0 and up
BH Patrole,AUTO_AND_VEHICLES,4.8,27,2.5,500.0,Free,0.0,Everyone,Auto & Vehicles,2018-02-15,2.0,4.4 and up
CINEMA.BH,FAMILY,3.9,11,16.0,1000.0,Free,0.0,Everyone,Entertainment,2018-01-30,0.0,4.2 and up
DPTA,PHOTOGRAPHY,4.0,675,15.0,100000.0,Free,0.0,Everyone,Photography,2017-07-29,2.1,2.3 and up
Bh Public School,FAMILY,5.0,2,8.7,10.0,Free,0.0,Everyone,Education,2018-03-21,1.2,4.0.3 and up
VIVA BH,TOOLS,4.0,2055,2.6,100000.0,Free,0.0,Everyone,Tools,2018-04-09,2.44,4.0 and up
Barbers.BH,LIFESTYLE,5.0,2,6.0,10.0,Free,0.0,Everyone,Lifestyle,2018-05-24,2.1,4.0.3 and up
PE-B,PHOTOGRAPHY,4.5,42,20.0,1000.0,Free,0.0,Everyone,Photography,2016-09-17,1.2,4.2 and up
BC-MOTJP,FAMILY,4.8,12,28.0,1000.0,Free,0.0,Everyone,Education,2018-03-26,0.0,4.2 and up
B y H Niños ES,BOOKS_AND_REFERENCE,4.6,53,16.0,5000.0,Free,0.0,Everyone,Books & Reference,2015-09-22,0.0,2.3 and up
BH Mail,COMMUNICATION,3.4,7,6.0,1000.0,Free,0.0,Everyone,Communication,2018-04-03,5.403,4.0.3 and up
FitConsole,HEALTH_AND_FITNESS,2.6,219,1.8,50000.0,Free,0.0,Everyone,Health & Fitness,2015-10-30,1.12015103,4.0 and up
Run on Earth,HEALTH_AND_FITNESS,2.4,577,3.7,50000.0,Free,0.0,Everyone,Health & Fitness,2018-04-25,0.0,4.0 and up
Newegg Mobile,SHOPPING,4.5,35479,16.0,1000000.0,Free,0.0,Everyone,Shopping,2018-07-11,0.0,4.4 and up
Battleheart Legacy,FAMILY,4.6,7420,7.4,50000.0,Paid,4.99,Teen,Role Playing,2014-11-10,0.0,4.1 and up
TWF(,HEALTH_AND_FITNESS,3.3,10,3.3,1000.0,Free,0.0,Everyone,Health & Fitness,2018-04-05,1.8,4.4 and up
ZiraatBank BH,FINANCE,4.1,58,3.5,10000.0,Free,0.0,Everyone,Finance,2017-07-04,0.0,4.0 and up
DTBI,TRAVEL_AND_LOCAL,4.6,19,14.0,500.0,Free,0.0,Everyone,Travel & Local,2015-10-13,0.0,2.2 and up
BH Táxi,BUSINESS,3.9,91,8.9,5000.0,Free,0.0,Everyone,Business,2018-06-07,0.0,4.0.3 and up
Bi en Línea,FINANCE,4.0,5055,17.0,100000.0,Free,0.0,Everyone,Finance,2018-03-05,0.0,4.4 and up
G-GLBD,SOCIAL,3.4,3640,9.1,500000.0,Free,0.0,Mature 17+,Social,2016-06-13,0.0,2.3 and up
MPBDA,BUSINESS,4.5,1819,10.0,100000.0,Free,0.0,Everyone,Business,2018-07-16,0.0,5.0 and up
BI Mobile Banking,FINANCE,4.0,180,27.0,10000.0,Free,0.0,Everyone,Finance,2018-06-27,0.0,4.4 and up
BI News,NEWS_AND_MAGAZINES,5.0,22,25.0,1000.0,Free,0.0,Everyone,News & Magazines,2018-06-10,0.0,4.1 and up
BI SmartLINK,BUSINESS,3.6,16,33.0,5000.0,Free,0.0,Everyone,Business,2018-07-25,0.0,5.1 and up
BI-LO,LIFESTYLE,3.5,43,30.0,10000.0,Free,0.0,Everyone,Lifestyle,2018-07-11,0.0,4.1 and up
Sisense Mobile BI,BUSINESS,4.9,23,28.0,1000.0,Free,0.0,Everyone,Business,2018-04-30,0.0,4.1 and up
S-GSSB,DATING,3.7,66,7.3,10000.0,Free,0.0,Mature 17+,Dating,2016-11-29,0.0,4.1 and up
Propel BI APP,BUSINESS,5.0,3,23.0,100.0,Free,0.0,Everyone,Business,2018-07-24,1.39,4.4 and up
BI Office,BUSINESS,4.0,76,201.0,10000.0,Free,0.0,Everyone,Business,2017-06-07,0.0,3.0 and up
BI APP,FINANCE,5.0,2,2.7,100.0,Free,0.0,Everyone,Finance,2016-02-19,1.8,4.0 and up
Oracle BI Mobile,BUSINESS,4.0,282,7.7,10000.0,Free,0.0,Everyone,Business,2018-08-01,0.0,6.0 and up
BI&D,FAMILY,4.9,7,3.5,1000.0,Free,0.0,Everyone,Education,2016-07-26,1.0,2.0 and up
BI Mobile,FINANCE,4.4,337,3.3,10000.0,Free,0.0,Everyone,Finance,2018-03-15,1.0,4.0.3 and up
Grindr - Gay chat,SOCIAL,3.6,284795,31.0,10000000.0,Free,0.0,Mature 17+,Social,2018-08-03,0.0,4.3 and up
ZR-MB,BUSINESS,4.7,45,12.0,5000.0,Free,0.0,Everyone,Business,2018-05-23,0.0,4.1 and up
PBUO,FAMILY,4.3,12,8.1,5000.0,Free,0.0,Everyone,Education,2017-02-06,0.0,4.0 and up
PBC-BA,SPORTS,3.9,5644,14.0,1000000.0,Free,0.0,Everyone,Sports,2017-11-01,1.7,4.0.3 and up
LC&D-S,SOCIAL,4.5,63765,11.0,1000000.0,Free,0.0,Mature 17+,Social,2018-07-31,0.0,4.1 and up
Bi-Tank,GAME,4.6,12,18.0,50.0,Free,0.0,Everyone,Arcade,2017-07-31,0.0,4.1 and up
MC&MNP,SOCIAL,4.2,1259723,76.0,50000000.0,Free,0.0,Mature 17+,Social,2018-08-03,0.0,4.1 and up
TED,FAMILY,4.6,181961,18.0,10000000.0,Free,0.0,Everyone 10+,Education,2018-07-27,0.0,4.1 and up
LEV-6W,FAMILY,4.5,205914,54.0,10000000.0,Free,0.0,Everyone,Education,2018-08-03,5.54,4.1 and up
ED-O,BOOKS_AND_REFERENCE,4.4,341234,30.0,10000000.0,Free,0.0,Everyone 10+,Books & Reference,2018-03-20,0.0,4.2 and up
ALT,TOOLS,4.0,29944,2.1,5000000.0,Free,0.0,Everyone,Tools,2015-10-03,1.6,2.3 and up
Bike Rivals,GAME,4.2,212067,48.0,10000000.0,Free,0.0,Everyone,Racing,2015-07-15,0.0,2.3.3 and up
BP-FBG,GAME,4.7,155694,92.0,1000000.0,Free,0.0,Teen,Board,2018-07-13,0.0,4.0.3 and up
OkCupid Dating,DATING,4.1,285838,15.0,10000000.0,Free,0.0,Mature 17+,Dating,2018-07-30,0.0,4.1 and up
Little Big City 2,FAMILY,4.4,344383,30.0,10000000.0,Free,0.0,Everyone,Casual,2018-03-20,0.0,4.0.3 and up
English Grammar Test,FAMILY,4.6,104676,2.6,5000000.0,Free,0.0,Everyone,Education,2018-07-18,0.0,4.0 and up
BJ's Wholesale Club,SHOPPING,4.2,4099,17.0,100000.0,Free,0.0,Everyone,Shopping,2018-07-27,0.0,4.1 and up
BJ’s Mobile App,SHOPPING,4.0,4722,35.0,500000.0,Free,0.0,Everyone,Shopping,2018-07-09,0.0,4.1 and up
BJ's Express Scan,SHOPPING,2.3,69,11.0,10000.0,Free,0.0,Everyone,Shopping,2018-03-19,0.0,4.4 and up
BB&GC,GAME,4.5,501,65.0,10000.0,Free,0.0,Teen,Casino,2018-07-26,0.0,4.3 and up
BJ-UFO,FAMILY,3.6,226,25.0,50000.0,Free,0.0,Everyone,Casual,2018-05-10,2.52,4.0 and up
BJ Bridge Pro 2018,GAME,4.4,17,4.8,500.0,Paid,4.49,Everyone,Card,2018-05-21,6.2,4.0 and up
BBF(,GAME,3.9,20,4.8,10000.0,Free,0.0,Everyone,Card,2018-05-21,6.2,4.0 and up
BJ & Jamie,FAMILY,3.9,13,17.0,100.0,Free,0.0,Everyone,Entertainment,2015-07-06,1.1,2.3.3 and up
The Daily BJ,HEALTH_AND_FITNESS,4.8,38,24.0,500.0,Free,0.0,Everyone,Health & Fitness,2018-07-10,1.1,5.0 and up
BJ-FPV,FAMILY,4.2,16,26.0,1000.0,Free,0.0,Everyone,Casual,2018-07-31,0.0,4.4 and up
BBAB2,GAME,3.7,11,4.8,5000.0,Free,0.0,Everyone,Card,2018-05-21,6.2,4.0 and up
BJ Memo Widget,PRODUCTIVITY,4.0,616,175.0,50000.0,Free,0.0,Everyone,Productivity,2014-09-22,1.3,3.0 and up
BBSA2,GAME,1.0,1,4.9,1000.0,Free,0.0,Everyone,Card,2018-05-21,6.2,4.0 and up
ES-FB,FAMILY,4.4,103,36.0,10000.0,Free,0.0,Everyone,Simulation,2017-10-30,1.29,4.1 and up
CCP&B,GAME,4.7,325,23.0,10000.0,Free,0.0,Teen,Casino,2015-05-08,7.0,2.3.3 and up
DJ Music Pad,FAMILY,3.6,35121,5.1,5000000.0,Free,0.0,Everyone,Entertainment,2018-05-22,0.0,4.0 and up
RC,GAME,4.1,341,26.0,50000.0,Free,0.0,Teen,Casino,2016-08-12,1.18,4.0 and up
AfreecaTV,VIDEO_PLAYERS,3.3,381023,53.0,10000000.0,Free,0.0,Everyone,Video Players & Editors,2018-07-26,0.0,4.0 and up
HBACA,FAMILY,5.0,3,1.8,100.0,Free,0.0,Mature 17+,Education,2016-12-26,3.1,4.3 and up
One Launcher,PERSONALIZATION,4.3,26601,5.4,1000000.0,Free,0.0,Everyone,Personalization,2018-07-16,0.0,2.3.3 and up
BJ Toys,SHOPPING,4.7,55,8.0,500.0,Free,0.0,Everyone,Shopping,2018-04-11,0.0,4.0.3 and up
Real DJ Simulator,FAMILY,4.0,68664,55.0,10000000.0,Free,0.0,Everyone,Simulation,2018-04-20,1.7,4.1 and up
BLACKJACK!,GAME,4.4,524467,33.0,10000000.0,Free,0.0,Teen,Casino,2016-07-07,1.126,2.3.3 and up
BVD,GAME,4.6,17,4.7,100.0,Paid,14.0,Teen,Casino,2017-07-09,0.0,3.0 and up
BJ Foods,BUSINESS,5.0,3,1.5,10.0,Free,0.0,Everyone,Business,2018-02-07,2.7,4.1 and up
3D–DM2,FAMILY,4.3,6333,30.0,1000000.0,Free,0.0,Everyone,Entertainment,2018-05-25,0.0,5.0 and up
Phonics Puzzles,FAMILY,3.8,4,54.0,100.0,Paid,2.99,Everyone,Educational,2016-08-27,0.0,2.3 and up
SGISF,FAMILY,4.1,956,10.0,100000.0,Free,0.0,Teen,Entertainment,2016-05-17,1.1,2.2 and up
BRBSK,SPORTS,4.6,969,3.6,10000.0,Free,0.0,Everyone,Sports,2014-08-21,1.0,4.0 and up
KISW 99.9 FM SEATTLE,FAMILY,4.0,1469,5.2,100000.0,Free,0.0,Everyone,Entertainment,2018-01-29,0.0,2.3.3 and up
B-CCG,GAME,4.7,2066,25.0,100000.0,Free,0.0,Teen,Casino,2018-03-14,1.3,4.0.3 and up
MDP2,TOOLS,3.6,1166,350.0,100000.0,Free,0.0,Everyone,Tools,2015-03-30,1.1,4.0 and up
BlackJack 21 Pro,GAME,4.5,26744,51.0,500000.0,Free,0.0,Teen,Casino,2018-07-27,0.0,4.0.3 and up
2MHC,PHOTOGRAPHY,4.0,802,5.1,100000.0,Free,0.0,Everyone,Photography,2017-05-03,1.1,2.3 and up
UB3F,GAME,4.1,1686,4.6,100000.0,Free,0.0,Teen,Casino,2015-04-20,0.0,2.3 and up
BURGER KING® App,LIFESTYLE,4.0,41747,39.0,5000000.0,Free,0.0,Everyone,Lifestyle,2017-01-12,0.0,4.1 and up
BKMA,LIFESTYLE,3.8,19221,13.0,5000000.0,Free,0.0,Everyone,Lifestyle,2018-05-24,0.0,Varies with device
BKPR,FOOD_AND_DRINK,4.5,2448,19.0,100000.0,Free,0.0,Everyone,Food & Drink,2017-09-01,5.4,4.0.3 and up
FCFBK,LIFESTYLE,2.8,17,3.1,5000.0,Free,0.0,Everyone,Lifestyle,2018-07-29,1.1,4.4 and up
Power Widget,TOOLS,4.2,928,383.0,10000.0,Paid,1.99,Everyone,Tools,2014-03-20,3.4,2.2 and up
BMOA2,LIFESTYLE,4.8,33,2.4,5000.0,Free,0.0,Everyone,Lifestyle,2017-05-03,1.0,4.0.3 and up
Read it easy for BK,LIFESTYLE,5.0,1,3.2,50.0,Free,0.0,Everyone,Lifestyle,2018-07-15,1.2,4.1 and up
BK Video Status,FAMILY,5.0,13,2.1,100.0,Free,0.0,Everyone,Entertainment,2018-07-07,2.3,4.4 and up
Service Disabler,TOOLS,4.3,534,3.0,100000.0,Free,0.0,Everyone,Tools,2018-06-23,0.0,4.0 and up
BK Photography,PHOTOGRAPHY,4.3,20,4.8,1000.0,Free,0.0,Everyone,Photography,2017-01-06,0.1,2.3 and up
KTDBP,PERSONALIZATION,4.5,248,2.8,10000.0,Free,0.0,Mature 17+,Personalization,2016-05-23,9.0,4.0.3 and up
CFBK,FOOD_AND_DRINK,4.5,41,4.0,500.0,Free,0.0,Teen,Food & Drink,2018-07-17,1.0,5.0 and up
BFC,TOOLS,5.0,6,11.0,100.0,Free,0.0,Everyone,Tools,2015-08-08,0.0,4.2 and up
KET,FAMILY,4.4,634,1.8,100000.0,Free,0.0,Everyone,Education,2017-09-05,1.6,2.3 and up
Dr Bk Sachin bhai,LIFESTYLE,5.0,19,3.1,1000.0,Free,0.0,Everyone,Lifestyle,2017-12-07,2.2,4.1 and up
AMGFB,FAMILY,4.7,39,20.0,1000.0,Free,0.0,Everyone,Education,2016-01-25,1.1,4.0.3 and up
BTCCC,SOCIAL,4.7,549,17.0,10000.0,Free,0.0,Teen,Social,2016-06-29,0.0,3.0 and up
HGDBC,HEALTH_AND_FITNESS,2.2,4,28.0,1000.0,Free,0.0,Everyone,Health & Fitness,2018-02-01,0.0,4.0 and up
DMSW,SOCIAL,4.6,308,454.0,10000.0,Free,0.0,Everyone,Social,2015-06-10,1.0,3.0 and up
BK Suraj bhai,LIFESTYLE,4.6,9,3.1,1000.0,Free,0.0,Everyone,Lifestyle,2017-12-08,2.2,4.1 and up
BK Shivani Videos,LIFESTYLE,4.7,29,3.2,1000.0,Free,0.0,Everyone,Lifestyle,2018-07-25,1.3,4.0.3 and up
BK News Channel,VIDEO_PLAYERS,4.6,277,6.8,10000.0,Free,0.0,Everyone,Video Players & Editors,2016-07-16,1.01,2.3 and up
BK Dinos,FAMILY,4.4,30,99.0,5000.0,Free,0.0,Everyone,Entertainment,2018-03-31,0.1,4.0 and up
Make a burger king,FAMILY,3.8,125,17.0,10000.0,Free,0.0,Everyone,Casual,2017-02-21,1.3,4.0 and up
King Burger Dash,FAMILY,3.6,445,12.0,50000.0,Free,0.0,Everyone,Casual,2015-03-22,1.3,2.2 and up
OMM,LIFESTYLE,4.9,301,25.0,10000.0,Free,0.0,Everyone,Lifestyle,2018-07-21,0.0,4.4 and up
Baba Yaad Hai?(BK's),FAMILY,4.8,160,13.0,10000.0,Free,0.0,Everyone,Entertainment,2017-03-05,1.3,2.3 and up
BKFL,FAMILY,4.4,150,5.9,10000.0,Free,0.0,Everyone,Entertainment,2018-06-11,1.07,4.0 and up
BATT,BUSINESS,5.0,8,3.7,100.0,Free,0.0,Everyone,Business,2018-06-05,0.0,4.1 and up
BMT(M-G,FAMILY,4.8,100,4.5,5000.0,Free,0.0,Everyone,Education,2018-08-05,2.0,4.4 and up
BMD(TE,FAMILY,4.6,106,3.9,10000.0,Free,0.0,Everyone,Education,2016-11-19,1.1,2.2 and up
Bk Usha behn,LIFESTYLE,5.0,10,3.0,1000.0,Free,0.0,Everyone,Lifestyle,2018-01-14,1.0,4.1 and up
B-BE,FAMILY,4.6,222,1.4,10000.0,Free,0.0,Everyone,Entertainment,2016-02-07,0.0,2.1 and up
BK Gold App,FINANCE,5.0,4,11.0,50.0,Free,0.0,Everyone,Finance,2018-05-25,0.0,4.4 and up
Burger King Italia,LIFESTYLE,4.0,4160,30.0,500000.0,Free,0.0,Everyone,Lifestyle,2018-07-06,0.0,4.0.3 and up
RE(G,FAMILY,4.3,616,25.0,10000.0,Free,0.0,Teen,Casual,2018-06-12,0.0,2.3.3 and up
BD-BG,GAME,4.5,415,52.0,10000.0,Free,0.0,Mature 17+,Adventure,2018-07-06,0.0,4.1 and up
YODL,FAMILY,4.0,2614,6.3,100000.0,Free,0.0,Mature 17+,Simulation,2015-04-14,0.0,2.2 and up
YN-SAB,FAMILY,3.2,304,4.7,10000.0,Free,0.0,Teen,Entertainment,2018-02-14,0.0,4.0.3 and up
Cerulean Heart,FAMILY,4.6,2683,25.0,10000.0,Free,0.0,Mature 17+,Simulation,2018-06-15,0.0,4.0 and up
BL 女性向け恋愛ゲーム◆俺プリクロス,FAMILY,4.2,3379,62.0,100000.0,Free,0.0,Mature 17+,Simulation,2017-03-23,0.0,2.3.3 and up
WebComics,COMICS,4.8,33783,6.4,1000000.0,Free,0.0,Teen,Comics,2018-07-28,0.0,4.1 and up
LC-DR,COMICS,3.0,28447,15.0,1000000.0,Free,0.0,Teen,Comics,2018-07-31,0.0,Varies with device
Heirs & Graces,GAME,4.3,125,70.0,5000.0,Free,0.0,Teen,Adventure,2016-07-01,0.0,2.3.3 and up
BL Driver,MAPS_AND_NAVIGATION,3.9,230,12.0,10000.0,Free,0.0,Everyone,Maps & Navigation,2018-07-13,0.0,4.1 and up
DM-C&W,COMICS,3.2,1462,7.1,100000.0,Free,0.0,Mature 17+,Comics,2018-05-18,1.0,4.0.3 and up
Gaydorado,FAMILY,3.9,8419,47.0,100000.0,Free,0.0,Teen,Role Playing,2018-08-01,0.0,4.0.3 and up
COB(G(V,FAMILY,4.8,4,23.0,10.0,Paid,14.99,Teen,Casual,2018-01-24,1.03,2.3.3 and up
TC&W,COMICS,3.5,4205,10.0,100000.0,Free,0.0,Teen,Comics,2018-07-13,1.77,4.0.3 and up
S‐,GAME,4.4,1563,40.0,50000.0,Free,0.0,Teen,Adventure,2017-06-29,0.0,4.0 and up
LITM-TTU|O,GAME,4.1,355,53.0,10000.0,Free,0.0,Teen,Adventure,2018-07-10,0.0,4.1 and up
BL 女性向け恋愛ゲーム◆ごくメン,FAMILY,4.2,1901,8.2,100000.0,Free,0.0,Mature 17+,Simulation,2016-07-07,0.0,2.3.3 and up
あなカレ【BL】無料ゲーム,FAMILY,4.7,6073,8.5,100000.0,Free,0.0,Mature 17+,Simulation,2018-02-25,0.0,2.3 and up
K-Rain BL,TOOLS,4.0,9,33.0,1000.0,Free,0.0,Everyone,Tools,2018-05-28,0.0,4.0 and up
감성학원 BL 첫사랑,COMICS,4.4,190,34.0,10000.0,Free,0.0,Everyone,Comics,2017-11-17,0.0,3.0 and up
COB(,FAMILY,4.2,45,23.0,1000.0,Free,0.0,Teen,Casual,2018-01-25,1.5,2.3.3 and up
BL Flowers Digital,SHOPPING,5.0,21,2.5,100.0,Free,0.0,Everyone,Shopping,2017-10-31,1.6,4.2 and up
B1C-F,PHOTOGRAPHY,3.5,52,1.8,10000.0,Free,0.0,Everyone,Photography,2016-08-18,0.0,2.3 and up
OTOME of Ikemen cafe,FAMILY,4.5,1318,24.0,50000.0,Free,0.0,Teen,Simulation,2018-03-05,0.0,4.1 and up
BL info,TRAVEL_AND_LOCAL,4.1,98,2.0,5000.0,Free,0.0,Everyone,Travel & Local,2018-07-17,2.0,4.3 and up
BL IP-Camera,TOOLS,4.3,15,1.2,100.0,Paid,3.99,Everyone,Tools,2014-06-05,0.0,2.3 and up
ST-BPS,FAMILY,4.3,855,7.0,10000.0,Free,0.0,Teen,Entertainment,2016-02-22,5.0,2.3.3 and up
BL Holo Theme,PERSONALIZATION,4.4,18,2.1,500.0,Paid,2.0,Everyone,Personalization,2013-07-01,0.0,2.1 and up
BCIP,PERSONALIZATION,4.0,289,2.7,10000.0,Free,0.0,Everyone,Personalization,2013-05-06,1.01,2.1 and up
BL Mobile Banking,FINANCE,4.3,23,93.0,1000.0,Free,0.0,Everyone,Finance,2018-08-01,0.0,5.0 and up
MEGA MAN MOBILE,GAME,4.0,267,40.0,10000.0,Paid,1.99,Everyone,Action,2017-02-17,0.0,4.0 and up
BL Taxi,MAPS_AND_NAVIGATION,4.9,124,3.4,1000.0,Free,0.0,Everyone,Maps & Navigation,2018-03-26,0.0,Varies with device
BL!TZ - Endless,GAME,4.7,21,9.0,100.0,Free,0.0,Everyone,Arcade,2017-06-30,10.05,4.0.3 and up
BL PowerPoint Remote,TOOLS,4.3,33,1.0,500.0,Paid,3.99,Everyone,Tools,2015-02-25,0.0,2.3 and up
BL Kennedy Theme,PERSONALIZATION,4.2,279,1.1,10000.0,Free,0.0,Everyone,Personalization,2013-05-06,0.0,2.1 and up
TPBBG,GAME,4.1,496,39.0,100000.0,Free,0.0,Teen,Card,2017-01-31,0.0,2.3.3 and up
bm offers,LIFESTYLE,3.2,320,31.0,50000.0,Free,0.0,Everyone,Lifestyle,2017-12-13,1.4,4.2 and up
B.M.Snowboard Free,SPORTS,3.9,9765,14.0,1000000.0,Free,0.0,Everyone,Sports,2017-05-01,0.0,2.3 and up
BM Wallet,FINANCE,4.2,798,29.0,50000.0,Free,0.0,Everyone,Finance,2018-01-03,0.0,4.0 and up
BOOV,TOOLS,4.1,783,4.2,100000.0,Free,0.0,Everyone,Tools,2016-08-05,0.0,4.0.3 and up
Business Mitra (BM),BUSINESS,4.9,13,5.3,100.0,Free,0.0,Everyone,Business,2018-07-12,0.0,4.0.3 and up
BM2P,SPORTS,3.7,84,6.3,1000.0,Paid,2.99,Everyone,Sports,2018-04-17,3.7,4.4 and up
bm Wallet,FINANCE,3.5,196,27.0,10000.0,Free,0.0,Everyone,Finance,2017-08-20,1.8,4.1 and up
BatControl Pro,TOOLS,4.9,83,3.1,500.0,Paid,3.99,Everyone,Tools,2018-06-01,0.0,5.0 and up
DBT,COMMUNICATION,3.3,78,2.5,10000.0,Free,0.0,Everyone,Communication,2018-03-31,4.5,6.0 and up
BBBB,BOOKS_AND_REFERENCE,4.9,659,5.0,10000.0,Free,0.0,Everyone,Books & Reference,2017-08-28,0.0,4.0 and up
BM2F,SPORTS,3.4,1520,6.3,50000.0,Free,0.0,Everyone,Sports,2018-04-17,3.7,4.4 and up
BM2F,SPORTS,4.5,2710,4.8,100000.0,Free,0.0,Everyone,Sports,2017-11-27,4.0,4.1 and up
BM SPM Practice,FAMILY,5.0,6,9.2,1000.0,Free,0.0,Everyone,Education,2018-01-24,1.0,4.1 and up
BM FlexCheck,AUTO_AND_VEHICLES,3.5,2,34.0,100.0,Free,0.0,Everyone,Auto & Vehicles,2018-06-08,0.0,5.0 and up
PT-TL,HEALTH_AND_FITNESS,4.4,622,2.5,10000.0,Free,0.0,Everyone,Health & Fitness,2018-05-09,0.0,4.4 and up
B&M Stores,SHOPPING,3.7,192,36.0,100000.0,Free,0.0,Everyone,Shopping,2018-08-03,0.0,4.1 and up
Mobilight-BM,FINANCE,4.8,6,6.2,500.0,Free,0.0,Everyone,Finance,2018-08-03,0.0,4.0.3 and up
BM2F,SPORTS,4.3,1879,4.4,100000.0,Free,0.0,Everyone,Sports,2017-02-09,2.9,4.1 and up
BM Pharmacy,HEALTH_AND_FITNESS,4.9,42,18.0,1000.0,Free,0.0,Everyone,Health & Fitness,2018-06-11,0.0,4.1 and up
BPC,HEALTH_AND_FITNESS,5.0,3,9.3,100.0,Free,0.0,Everyone,Health & Fitness,2017-10-09,0.0,4.1 and up
BMPSP,SPORTS,4.4,328,11.0,10000.0,Free,0.0,Everyone,Sports,2018-07-31,0.0,4.4 and up
MbH BM,MEDICAL,1.0,1,2.3,100.0,Free,0.0,Everyone,Medical,2016-12-14,0.0,4.3 and up
BM2P,SPORTS,4.5,117,4.4,1000.0,Paid,0.99,Everyone,Sports,2017-02-09,2.9,4.1 and up
BAMMS for BM SQ,PRODUCTIVITY,4.0,2,10.0,10.0,Free,0.0,Everyone,Productivity,2018-07-24,0.0,4.1 and up
BM speed test,TOOLS,5.0,1,3.7,10.0,Free,0.0,Everyone,Tools,2018-07-13,2.0,4.4 and up
Word Hunt,GAME,4.9,59,21.0,500.0,Free,0.0,Everyone,Word,2018-06-22,1.0,4.4 and up
BM2P,SPORTS,4.7,163,4.6,1000.0,Paid,0.99,Everyone,Sports,2017-10-06,3.9,4.1 and up
BMCDU,FINANCE,3.9,8185,45.0,500000.0,Free,0.0,Everyone,Finance,2018-07-06,5.1,4.4 and up
My College Bookstore,SHOPPING,3.2,661,7.6,100000.0,Free,0.0,Everyone,Shopping,2018-03-19,0.0,4.1 and up
NOOK Audiobooks,BOOKS_AND_REFERENCE,3.5,2539,8.6,500000.0,Free,0.0,Everyone,Books & Reference,2018-07-26,0.0,4.1 and up
BNCR Token Celular,FINANCE,3.7,913,70.0,100000.0,Free,0.0,Everyone,Finance,2012-07-20,1.0,1.5 and up
BN Mi Banco,BUSINESS,3.0,597,17.0,100000.0,Free,0.0,Everyone,Business,2018-07-12,9.0,5.0 and up
BPBHT,LIBRARIES_AND_DEMO,4.2,78,812.0,10000.0,Free,0.0,Everyone,Libraries & Demo,2017-02-05,0.0,1.6 and up
BWSP,BEAUTY,4.0,2,13.0,100.0,Free,0.0,Everyone,Beauty,2018-03-06,0.0,4.0.3 and up
BPALT,LIBRARIES_AND_DEMO,4.1,142,442.0,10000.0,Free,0.0,Everyone,Libraries & Demo,2017-02-05,0.0,1.6 and up
BPPNHT,LIBRARIES_AND_DEMO,4.0,45,842.0,5000.0,Free,0.0,Everyone,Libraries & Demo,2017-02-05,0.0,1.6 and up
BN Bank Mobilbank,FINANCE,3.1,72,2.4,10000.0,Free,0.0,Everyone,Finance,2018-02-13,0.0,4.0 and up
BPPHT,LIBRARIES_AND_DEMO,4.4,34,417.0,1000.0,Free,0.0,Everyone,Libraries & Demo,2017-02-05,0.0,1.6 and up
[BN] Blitz,SPORTS,3.2,4,5.6,100.0,Free,0.0,Everyone,Sports,2018-05-17,4.6,4.3 and up
BPLLT,LIBRARIES_AND_DEMO,3.9,71,412.0,10000.0,Free,0.0,Everyone,Libraries & Demo,2017-02-05,0.0,1.6 and up
BPRHT,LIBRARIES_AND_DEMO,4.2,86,459.0,10000.0,Free,0.0,Everyone,Libraries & Demo,2017-02-05,0.0,1.6 and up
BBB&N,BOOKS_AND_REFERENCE,4.7,146,34.0,5000.0,Free,0.0,Everyone,Books & Reference,2018-04-30,0.0,4.4 and up
BPAHT,LIBRARIES_AND_DEMO,4.0,24,478.0,1000.0,Free,0.0,Everyone,Libraries & Demo,2017-02-05,0.0,1.6 and up
BPPWHT,LIBRARIES_AND_DEMO,4.0,45,335.0,5000.0,Free,0.0,Everyone,Libraries & Demo,2017-02-05,0.0,1.6 and up
RTVBN,NEWS_AND_MAGAZINES,3.7,533,3.8,50000.0,Free,0.0,Everyone,News & Magazines,2018-08-05,4.4,4.0.3 and up
BN Pro White HD Text,LIBRARIES_AND_DEMO,4.1,120,782.0,10000.0,Free,0.0,Everyone,Libraries & Demo,2017-02-05,0.0,1.6 and up
BPRNHT,LIBRARIES_AND_DEMO,4.4,30,721.0,5000.0,Free,0.0,Everyone,Libraries & Demo,2017-02-05,0.0,1.6 and up
BN Pro LcdD HD Text,LIBRARIES_AND_DEMO,4.0,50,430.0,5000.0,Free,0.0,Everyone,Libraries & Demo,2017-02-05,0.0,1.6 and up
BPLHT,LIBRARIES_AND_DEMO,3.9,131,429.0,10000.0,Free,0.0,Everyone,Libraries & Demo,2017-02-05,0.0,1.6 and up
BPSB,LIBRARIES_AND_DEMO,3.6,7,192.0,1000.0,Free,0.0,Everyone,Libraries & Demo,2017-02-05,0.0,1.6 and up
C(BA,PRODUCTIVITY,4.6,27,2.5,1000.0,Free,0.0,Everyone,Productivity,2017-06-05,0.0,4.0 and up
BN Pro Play HD Text,LIBRARIES_AND_DEMO,4.4,63,417.0,5000.0,Free,0.0,Everyone,Libraries & Demo,2017-02-05,0.0,1.6 and up
BPRHT,LIBRARIES_AND_DEMO,4.3,15,460.0,1000.0,Free,0.0,Everyone,Libraries & Demo,2017-02-05,0.0,1.6 and up
NYM(,GAME,4.5,514,5.9,5000.0,Paid,6.99,Teen,Adventure,2018-06-04,0.0,4.0 and up
BPANHT,LIBRARIES_AND_DEMO,4.1,66,728.0,10000.0,Free,0.0,Everyone,Libraries & Demo,2017-02-05,0.0,1.6 and up
BN Pro Black Text,LIBRARIES_AND_DEMO,3.8,18,496.0,1000.0,Free,0.0,Everyone,Libraries & Demo,2017-02-05,0.0,1.6 and up
BPBHT,LIBRARIES_AND_DEMO,4.1,174,816.0,10000.0,Free,0.0,Everyone,Libraries & Demo,2017-02-05,0.0,1.6 and up
The Legacy (Full),GAME,4.6,144,6.3,1000.0,Paid,6.99,Everyone,Adventure,2018-05-15,0.0,4.0 and up
BPALT,LIBRARIES_AND_DEMO,3.7,83,414.0,10000.0,Free,0.0,Everyone,Libraries & Demo,2017-02-05,0.0,1.6 and up
BPBTOW,LIBRARIES_AND_DEMO,3.9,53,334.0,10000.0,Free,0.0,Everyone,Libraries & Demo,2017-02-05,0.0,1.6 and up
BN Pro White Text,LIBRARIES_AND_DEMO,4.4,50,506.0,5000.0,Free,0.0,Everyone,Libraries & Demo,2017-02-05,0.0,1.6 and up
BC1(H,LIFESTYLE,4.5,31,2.3,1000.0,Free,0.0,Everyone,Lifestyle,2018-04-21,0.0,4.1 and up
Skip-Bo™,GAME,4.4,33661,60.0,100000.0,Paid,2.99,Everyone,Card,2018-08-03,0.0,4.1 and up
Skip-Bo™ Free,GAME,3.5,46801,60.0,1000000.0,Free,0.0,Everyone,Card,2018-08-03,0.0,4.1 and up
B&BTFW,FAMILY,4.3,41,7.9,1000.0,Paid,2.99,Everyone,Education;Pretend Play,2018-05-31,0.0,4.0.3 and up
Bubble Bo-Bo,FAMILY,4.5,65,24.0,10000.0,Free,0.0,Everyone,Casual,2018-07-05,6.0,4.0 and up
Boom Beach,FAMILY,4.5,5591653,95.0,50000000.0,Free,0.0,Everyone 10+,Strategy,2018-07-18,35.119,4.0.3 and up
Red Ball 4,GAME,4.4,1432447,59.0,50000000.0,Free,0.0,Everyone,Arcade,2017-11-09,0.0,4.0.3 and up
Bo's Bedtime Story,FAMILY,4.2,13,23.0,1000.0,Paid,2.49,Everyone,Education;Pretend Play,2017-12-25,2.6,4.0.3 and up
Skater Boy,GAME,4.3,1167143,12.0,100000000.0,Free,0.0,Everyone,Arcade,2017-09-20,0.0,4.1 and up
FX LITE BO,FINANCE,3.6,73,14.0,10000.0,Free,0.0,Everyone,Finance,2016-10-18,0.0,4.1 and up
Casual Sic Bo (骰寶),FAMILY,4.0,3,2.2,500.0,Free,0.0,Teen,Casual,2018-07-22,0.0,5.0 and up
SBOFC,GAME,3.8,488,30.0,100000.0,Free,0.0,Teen,Casino,2016-06-10,1.3,2.3 and up
Hambo,GAME,4.4,125578,17.0,5000000.0,Free,0.0,Everyone,Action,2015-07-06,0.0,2.1 and up
HGSWTP,FAMILY,3.8,87734,32.0,10000000.0,Free,0.0,Teen,Entertainment,2018-07-19,0.0,4.1 and up
Sic Bo Rave,GAME,3.9,164,33.0,10000.0,Free,0.0,Teen,Card,2013-09-23,0.0,2.3.3 and up
Thai Sic Bo,GAME,4.1,14283,4.2,1000000.0,Free,0.0,Teen,Casino,2017-10-01,0.0,4.0 and up
BDS,FAMILY,4.3,6,33.0,1000.0,Paid,2.49,Everyone,Education;Pretend Play,2017-12-25,1.5,4.0.3 and up
B-NGM,SOCIAL,3.5,20675,96.0,1000000.0,Free,0.0,Teen,Social,2018-08-02,0.0,5.0 and up
W-CA,SOCIAL,4.3,51569,26.0,1000000.0,Free,0.0,Teen,Social,2018-07-30,0.0,4.1 and up
Bo's School Day,FAMILY,4.7,10,30.0,1000.0,Paid,2.99,Everyone,Education;Pretend Play,2017-12-18,1.3,4.0.3 and up
Bounce Classic,GAME,4.5,38297,6.4,10000000.0,Free,0.0,Everyone,Arcade,2018-07-05,0.0,4.0.3 and up
H-VW,FAMILY,3.8,159398,28.0,5000000.0,Free,0.0,Teen,Role Playing,2018-05-30,0.0,4.2 and up
Bomber Friends,GAME,4.5,776730,49.0,10000000.0,Free,0.0,Everyone 10+,Action,2018-07-26,2.23,4.0.3 and up
SB(X-MC,GAME,4.2,152,16.0,10000.0,Free,0.0,Teen,Casino,2018-07-08,0.0,4.1 and up
PSBB,FAMILY,4.3,70903,51.0,5000000.0,Free,0.0,Everyone,Puzzle;Brain Games,2018-05-03,0.0,4.0.3 and up
Bo Aung Din,EVENTS,4.1,110,2.6,5000.0,Free,0.0,Teen,Events,2018-06-05,0.0,4.0.3 and up
NC&SFI,PHOTOGRAPHY,4.6,819694,25.0,10000000.0,Free,0.0,Everyone,Photography,2018-06-26,0.0,4.0 and up
Hungry Shark World,GAME,4.5,1243017,27.0,50000000.0,Free,0.0,Teen,Action,2018-07-18,0.0,4.2 and up
GFG,FAMILY,4.5,66740,23.0,1000000.0,Free,0.0,Everyone,Arcade;Action & Adventure,2016-07-08,0.0,2.3 and up
B-MFP&BDRA,TRAVEL_AND_LOCAL,3.0,69,31.0,10000.0,Free,0.0,Everyone,Travel & Local,2018-06-11,0.0,5.0 and up
My BP Lab,HEALTH_AND_FITNESS,2.6,186,25.0,10000.0,Free,0.0,Everyone,Health & Fitness,2018-05-19,0.0,8.0 and up
BP World Energy,BUSINESS,3.4,25,16.0,10000.0,Free,0.0,Everyone,Business,2018-07-27,0.0,4.1 and up
BASTP,LIFESTYLE,4.0,7808,5.0,1000000.0,Free,0.0,Everyone,Lifestyle,2015-11-05,0.0,2.2 and up
BPL-M,MEDICAL,4.7,8347,2.6,500000.0,Free,0.0,Everyone,Medical,2018-04-13,0.0,4.0 and up
iFORA BP,MEDICAL,3.4,18,45.0,1000.0,Free,0.0,Everyone,Medical,2018-06-05,0.0,2.3.3 and up
MbH BP,MEDICAL,3.7,9,23.0,1000.0,Free,0.0,Everyone,Medical,2017-10-03,0.0,2.3.3 and up
CJ—BPL,MEDICAL,4.5,3320,8.3,100000.0,Free,0.0,Everyone,Medical,2018-02-12,0.0,4.1 and up
Blood Pressure Info,FAMILY,3.9,174423,7.9,10000000.0,Free,0.0,Everyone,Entertainment,2018-08-02,2.28,4.0 and up
MedM Blood Pressure,MEDICAL,4.0,255,16.0,10000.0,Free,0.0,Everyone,Medical,2018-05-25,0.0,4.2 and up
DBPHTA,MEDICAL,4.5,309,5.9,10000.0,Free,0.0,Everyone,Medical,2017-03-15,2.21,4.4 and up
BPRL,MEDICAL,4.0,91,335.0,10000.0,Free,0.0,Everyone,Medical,2012-02-08,1.6,2.1 and up
bp e-store,BOOKS_AND_REFERENCE,4.4,52,2.2,1000.0,Free,0.0,Everyone,Books & Reference,2016-01-15,0.0,4.0 and up
Wireless BP,MEDICAL,1.8,30,887.0,500.0,Free,0.0,Everyone,Medical,2016-05-27,1.1,4.3 and up
BP Tracker,HEALTH_AND_FITNESS,4.3,12,613.0,1000.0,Free,0.0,Everyone,Health & Fitness,2016-02-20,0.0,5.0 and up
BP Log lite,LIFESTYLE,5.0,3,1.5,100.0,Free,0.0,Everyone,Lifestyle,2014-11-15,1.1,2.2 and up
MI-BP,HEALTH_AND_FITNESS,5.0,1,12.0,50.0,Free,0.0,Everyone,Health & Fitness,2018-04-09,0.0,5.0 and up
BP-Tech,FAMILY,3.2,12,13.0,1000.0,Free,0.0,Everyone,Casual,2018-02-03,1.34,4.0 and up
Blood Pressure Diary,FAMILY,4.6,47,3.3,5000.0,Free,0.0,Everyone,Simulation,2018-08-01,1.1,4.0.3 and up
High Blood Pressure,MEDICAL,3.8,4,2.9,1000.0,Free,0.0,Everyone,Medical,2016-06-01,1.0,3.0 and up
SBPL,MEDICAL,3.9,31,10.0,1000.0,Free,0.0,Everyone,Medical,2016-01-15,0.0,4.4 and up
BT&S,MEDICAL,4.2,34,3.2,1000.0,Free,0.0,Everyone,Medical,2016-10-12,1.2016,3.0 and up
BPT,MEDICAL,4.0,11,1.8,1000.0,Free,0.0,Everyone,Medical,2017-11-08,0.0,4.0 and up
HHBP,MEDICAL,3.8,292,2.7,100000.0,Free,0.0,Everyone,Medical,2018-04-16,43.0,4.0.3 and up
BP Scanner Prank,FAMILY,4.1,157,7.0,50000.0,Free,0.0,Everyone,Entertainment,2016-09-20,1.2,4.0.3 and up
Deep Breathe BP,HEALTH_AND_FITNESS,3.9,26,12.0,1000.0,Free,0.0,Everyone,Health & Fitness,2018-06-09,1.0,4.1 and up
BP Toolbox,HEALTH_AND_FITNESS,2.1,32,9.6,1000.0,Free,0.0,Everyone,Health & Fitness,2018-05-22,5.9,4.3 and up
BMFB,LIFESTYLE,1.8,5,18.0,1000.0,Free,0.0,Everyone 10+,Lifestyle,2018-02-12,26.0,4.1 and up
BP-H,MEDICAL,4.2,70,1.9,10000.0,Free,0.0,Everyone,Medical,2016-05-27,2.46,4.4 and up
UM BP Track,MEDICAL,2.0,1,29.0,50.0,Free,0.0,Everyone,Medical,2017-06-27,0.0,5.0 and up
Blood pressure,HEALTH_AND_FITNESS,3.4,2256,1.6,500000.0,Free,0.0,Everyone,Health & Fitness,2014-07-31,0.0,4.0 and up
HBPS,MEDICAL,4.3,46,2.0,10000.0,Free,0.0,Everyone,Medical,2017-04-05,0.0,4.0.3 and up
BQ Services,TOOLS,3.7,5004,2.5,1000000.0,Free,0.0,Everyone,Tools,2018-07-09,0.0,Varies with device
BQ-መጽሐፍ ቅዱሳዊ ጥያቄዎች,GAME,4.7,191,7.2,5000.0,Free,0.0,Everyone,Trivia,2018-07-31,0.0,4.1 and up
BQLLF&M,BOOKS_AND_REFERENCE,4.5,67186,6.3,1000000.0,Free,0.0,Everyone 10+,Books & Reference,2018-05-18,0.0,2.3.3 and up
BQ Scan,TOOLS,4.6,18,4.0,100.0,Free,0.0,Everyone,Tools,2018-04-01,0.0,4.0 and up
Add-On: bq (a),PRODUCTIVITY,3.6,26,1.2,5000.0,Free,0.0,Everyone,Productivity,2015-05-19,0.0,4.0 and up
Software Update,TOOLS,4.4,8259,3.5,1000000.0,Free,0.0,Everyone,Tools,2018-07-18,13.3,4.0 and up
RoboPad,FAMILY,4.6,41,9.2,1000.0,Free,0.0,Everyone,Education,2017-07-07,5.1,2.3 and up
Bono’s Pit Bar-B-Q,FAMILY,2.3,3,36.0,1000.0,Free,0.0,Everyone 10+,Entertainment,2018-01-23,2.4,2.3.3 and up
QS&BS2,PRODUCTIVITY,3.8,8211,4.1,5000000.0,Free,0.0,Everyone,Productivity,2018-07-20,0.0,4.4 and up
BQ Scanner,TOOLS,3.0,2,2.7,100.0,Free,0.0,Everyone,Tools,2017-10-10,0.0,4.4 and up
Bar-B-Q Rib House,FOOD_AND_DRINK,5.0,2,33.0,50.0,Free,0.0,Everyone,Food & Drink,2018-03-08,0.8,2.3.3 and up
Gold Wallpapers,PERSONALIZATION,4.5,43,28.0,10000.0,Free,0.0,Everyone,Personalization,2018-03-26,1.1,4.0 and up
[MT,PERSONALIZATION,4.4,16,6.7,5000.0,Free,0.0,Everyone,Personalization,2018-03-10,0.0,7.0 and up
Zowi App,FAMILY,4.5,516,21.0,50000.0,Free,0.0,Everyone,Education;Education,2016-12-21,0.0,4.0.3 and up
Bar-B-Q Recipes,FOOD_AND_DRINK,4.8,18,3.5,5000.0,Free,0.0,Everyone,Food & Drink,2016-08-15,1.0,4.0 and up
System Update Free,TOOLS,4.3,3068,6.0,100000.0,Free,0.0,Everyone,Tools,2018-07-20,11.1,4.0 and up
Woody's Bar-B-Q,FOOD_AND_DRINK,3.7,3,27.0,1000.0,Free,0.0,Everyone,Food & Drink,2018-03-05,0.0,4.1 and up
Launcher Oreo 8.1,PERSONALIZATION,4.5,13466,3.4,500000.0,Free,0.0,Everyone,Personalization,2018-06-19,1.9,5.0 and up
FAAV,TOOLS,4.3,27749,16.0,1000000.0,Free,0.0,Everyone,Tools,2018-07-19,0.0,4.0.3 and up
RoboPad++,FAMILY,4.4,77,10.0,10000.0,Free,0.0,Everyone,Education,2017-07-07,1.6,2.3 and up
Simple Gallery,TOOLS,4.5,28030,9.0,1000000.0,Free,0.0,Everyone,Tools,2018-08-02,0.0,4.1 and up
Pick-a-Paint,LIFESTYLE,1.6,242,36.0,50000.0,Free,0.0,Everyone,Lifestyle,2018-05-14,0.0,3.0 and up
LVRBT,FAMILY,4.5,75719,30.0,5000000.0,Free,0.0,Everyone,Educational,2017-11-24,0.0,4.0.3 and up
Baskin-Robbins,FOOD_AND_DRINK,3.8,1103,6.6,100000.0,Free,0.0,Everyone,Food & Drink,2018-06-08,0.0,4.1 and up
Infinity Dungeon VIP,FAMILY,4.3,21804,44.0,1000000.0,Paid,0.99,Everyone 10+,Role Playing,2018-07-03,0.0,2.3 and up
Carros Rebaixados BR,GAME,4.3,20691,89.0,1000000.0,Free,0.0,Everyone,Racing,2018-07-31,0.0,4.4 and up
BR,LIFESTYLE,3.0,859,3.5,100000.0,Free,0.0,Everyone,Lifestyle,2018-07-19,0.0,2.2 and up
Bleacher Report Live,SPORTS,4.0,232,32.0,50000.0,Free,0.0,Everyone,Sports,2018-08-01,0.0,5.0 and up
Cardboard,LIBRARIES_AND_DEMO,4.2,130287,50.0,10000000.0,Free,0.0,Everyone,Libraries & Demo,2016-03-14,1.8,4.1 and up
QR Code Pro,PRODUCTIVITY,4.8,5865,15.0,100000.0,Paid,4.49,Everyone,Productivity,2018-07-18,1.0,4.1 and up
BR Video Player,VIDEO_PLAYERS,4.0,46,3.1,5000.0,Free,0.0,Everyone,Video Players & Editors,2015-04-20,0.0,3.0 and up
BP-BRP32,FAMILY,4.5,41,30.0,5000.0,Free,0.0,Everyone,Simulation,2018-01-13,1.01,4.1 and up
BRTFMB,FINANCE,4.7,413,13.0,10000.0,Free,0.0,Everyone,Finance,2018-05-30,0.0,5.0 and up
BR Chat Bot,SOCIAL,1.9,16,2.6,1000.0,Free,0.0,Everyone,Social,2016-06-30,1.0,4.0 and up
Br Browser,SOCIAL,4.9,29,2.5,500.0,Free,0.0,Everyone,Social,2018-03-20,5.0,5.0 and up
DBRA(B,SOCIAL,4.7,2068,7.5,100000.0,Free,0.0,Everyone,Social,2014-04-13,1.0,2.2 and up
Br Shafi,FAMILY,4.9,1288,26.0,10000.0,Free,0.0,Everyone,Education,2018-07-11,1.0,4.1 and up
Dr. B.R.Ambedkar,SOCIAL,4.8,1902,5.2,100000.0,Free,0.0,Everyone,Social,2014-06-05,1.3,2.1 and up
THPD(,GAME,4.5,1418,26.0,10000.0,Free,0.0,Teen,Casino,2018-05-30,0.0,4.0.3 and up
Mu Mobile BR,BUSINESS,4.5,43,92.0,100.0,Free,0.0,Everyone,Business,2018-07-20,0.0,2.3 and up
Brick Breaker BR,GAME,5.0,7,19.0,5.0,Free,0.0,Everyone,Arcade,2018-07-23,1.0,4.1 and up
BR Series,VIDEO_PLAYERS,3.9,1016,13.0,50000.0,Free,0.0,Teen,Video Players & Editors,2018-05-28,6.0,4.1 and up
CJ - BR MEMES,COMICS,4.3,109,3.5,10000.0,Free,0.0,Everyone,Comics,2018-01-18,1.0,4.0.3 and up
VGV-TG,FAMILY,4.8,1304467,68.0,10000000.0,Free,0.0,Everyone,Strategy,2018-07-27,2.9,4.1 and up
NPL,TOOLS,4.3,1320,778.0,100000.0,Free,0.0,Everyone,Tools,2013-09-13,1.0,2.0 and up
BAB&Q,BOOKS_AND_REFERENCE,4.6,156,2.1,10000.0,Free,0.0,Everyone,Books & Reference,2018-06-11,2.0,2.3 and up
BC|SO|FS,GAME,4.1,1167,72.0,100000.0,Free,0.0,Teen,Action,2018-05-03,1.4,4.1 and up
GOS,SHOPPING,4.5,245104,35.0,5000000.0,Free,0.0,Everyone,Shopping,2018-08-01,0.0,4.0.3 and up
TSRSGF,GAME,3.8,8175,31.0,1000000.0,Free,0.0,Everyone 10+,Arcade,2018-01-03,0.0,4.1 and up
Bullshit! (Free),GAME,2.4,45,4.1,10000.0,Free,0.0,Teen,Card,2016-08-26,1.1,4.1 and up
Bullshite!,GAME,2.8,48,13.0,10000.0,Free,0.0,Teen,Card,2016-04-10,0.0,4.1 and up
Block Strike,GAME,4.5,947515,60.0,10000000.0,Free,0.0,Teen,Action,2018-07-25,0.0,4.1 and up
Loved by King Bs,FAMILY,4.6,5546,85.0,100000.0,Free,0.0,Everyone,Simulation,2018-06-15,1.21,4.0.3 and up
BombSquad Remote,GAME,4.1,13304,1.3,1000000.0,Free,0.0,Everyone,Arcade,2016-11-30,0.0,4.0 and up
BS CS IT & SE,FAMILY,4.6,9,6.9,1000.0,Free,0.0,Everyone,Education,2018-05-16,1.2,4.1 and up
BAVCS,VIDEO_PLAYERS,4.3,9966,5.5,1000000.0,Free,0.0,Everyone,Video Players & Editors,2017-03-31,1.23,2.1 and up
Marked by King Bs,FAMILY,4.6,70335,58.0,500000.0,Free,0.0,Teen,Simulation,2017-10-17,0.0,4.3 and up
CBSFB,FAMILY,5.0,15,94.0,50.0,Free,0.0,Everyone,Education,2018-07-11,2.0,4.0.3 and up
BS-Mobile,COMMUNICATION,5.0,1,683.0,50.0,Free,0.0,Everyone,Communication,2015-09-03,0.1,2.3 and up
BM(S,FAMILY,3.9,14,592.0,1000.0,Free,0.0,Teen,Entertainment,2013-08-14,2.0,2.2 and up
SBBFB,FAMILY,3.9,168,6.4,5000.0,Free,0.0,Everyone,Simulation,2017-06-27,1.1,4.0.3 and up
BS Generator,FAMILY,4.2,5,3.3,100.0,Free,0.0,Everyone,Entertainment,2016-07-23,1.1,4.4 and up
BS player remote,VIDEO_PLAYERS,3.5,54,186.0,10000.0,Free,0.0,Everyone,Video Players & Editors,2013-04-22,1.0,2.2 and up
King of B.S.,FAMILY,4.0,4,840.0,100.0,Free,0.0,Everyone,Education,2014-06-09,0.0,4.0.3 and up
BS Play,FAMILY,3.7,56,1.5,5000.0,Free,0.0,Everyone,Education,2015-03-04,0.0,4.0 and up
B@dL!bs Lite,GAME,3.8,10,36.0,1000.0,Free,0.0,Mature 17+,Word,2016-04-05,6.0,4.0.3 and up
BS Battery+,TOOLS,4.3,269,647.0,50000.0,Free,0.0,Everyone,Tools,2012-08-18,0.0,2.0 and up
BS MAPS,MAPS_AND_NAVIGATION,4.5,6,2.5,50.0,Free,0.0,Everyone,Maps & Navigation,2018-07-28,2.1,4.0 and up
Beauty Rental Shop,FAMILY,4.6,11480,93.0,100000.0,Free,0.0,Everyone,Simulation,2018-05-25,0.0,4.4 and up
Bsc Agri Notes,FAMILY,4.5,301,5.6,10000.0,Free,0.0,Everyone,Education,2018-07-01,1.0,4.1 and up
Love Signal: D-Mate,FAMILY,4.3,1895,72.0,50000.0,Free,0.0,Everyone,Simulation,2018-02-27,0.0,4.4 and up
BSC IT,FAMILY,4.4,847,21.0,10000.0,Free,0.0,Everyone,Education,2018-07-16,2.3,4.0.3 and up
Sleeping Delivery,FAMILY,4.6,19640,67.0,100000.0,Free,0.0,Teen,Simulation,2018-05-18,2.0,4.4 and up
CSCB7,TOOLS,3.9,333,1.1,100000.0,Free,0.0,Everyone,Tools,2016-02-03,2.4,2.3 and up
Strætó.is,MAPS_AND_NAVIGATION,3.1,742,15.0,100000.0,Free,0.0,Everyone,Maps & Navigation,2018-07-09,5.7,4.1 and up
VDCB7,TOOLS,3.9,71,1.1,10000.0,Free,0.0,Everyone,Tools,2016-01-26,2.0,2.3 and up
BAEP,FAMILY,4.4,138,6.2,10000.0,Free,0.0,Everyone,Education,2018-05-31,3.7,4.1 and up
1ECS,BOOKS_AND_REFERENCE,4.4,47,1.4,1000.0,Paid,3.08,Everyone,Books & Reference,2016-05-27,1.22,2.2 and up
Black Survival,FAMILY,4.4,48451,52.0,1000000.0,Free,0.0,Teen,Strategy,2018-08-01,0.0,4.0.3 and up
Black Social,SOCIAL,4.6,22,8.7,1000.0,Free,0.0,Teen,Social,2018-08-05,0.0,4.3 and up
BTNotification,TOOLS,3.9,15665,373.0,5000000.0,Free,0.0,Everyone,Tools,2016-07-08,0.0,4.0 and up
Little Magnet BT,TOOLS,4.6,3703,3.8,100000.0,Free,0.0,Everyone,Tools,2018-08-05,0.0,4.2 and up
BT Notifier,TOOLS,2.5,2794,3.8,1000000.0,Free,0.0,Everyone,Tools,2018-05-28,2.9,4.3 and up
Little Magnet BT Pro,TOOLS,4.6,251,3.8,1000.0,Paid,0.99,Everyone,Tools,2018-08-05,0.0,4.2 and up
BN-N,TOOLS,2.8,632,8.2,500000.0,Free,0.0,Everyone,Tools,2017-05-23,1.0,6.0 and up
BOVMA,COMMUNICATION,4.0,32,437.0,5000.0,Free,0.0,Everyone,Communication,2015-07-30,1.6,1.6 and up
BOMSA,BUSINESS,3.4,54,5.7,10000.0,Free,0.0,Everyone,Business,2016-07-28,3.61,2.3.3 and up
BT Communicator,SOCIAL,3.8,32,1.6,10000.0,Free,0.0,Teen,Social,2016-12-16,1.0,1.6 and up
BOVA,BUSINESS,4.5,80,16.0,10000.0,Free,0.0,Everyone,Business,2016-12-23,0.0,2.2 and up
BFAFB,BUSINESS,4.8,8,2.6,5000.0,Free,0.0,Everyone,Business,2017-10-31,2.0,3.0 and up
BT Camera,PHOTOGRAPHY,3.3,1307,6.6,500000.0,Free,0.0,Everyone,Photography,2017-02-24,1.8,2.3 and up
BT Messenger,COMMUNICATION,3.9,97,598.0,50000.0,Free,0.0,Everyone,Communication,2015-05-15,1.0,2.2 and up
BOPMA,COMMUNICATION,3.5,33,2.7,10000.0,Free,0.0,Everyone,Communication,2017-09-18,0.0,4.1 and up
SBC,COMMUNICATION,4.0,1926,716.0,1000000.0,Free,0.0,Everyone,Communication,2015-12-16,0.0,2.2 and up
BMWDV,COMMUNICATION,3.6,437,12.0,100000.0,Free,0.0,Everyone,Communication,2018-07-13,0.0,5.0 and up
BT Share It,BUSINESS,4.7,12,13.0,500.0,Free,0.0,Everyone,Business,2018-05-16,0.0,4.4 and up
BAC,COMMUNICATION,3.9,20829,1.9,5000000.0,Free,0.0,Everyone,Communication,2017-11-17,0.0,3.0 and up
Wifi BT Scanner,FAMILY,5.0,2,1.2,500.0,Free,0.0,Everyone,Education,2016-11-03,1.0,4.0.3 and up
Ultimate Control BT,BUSINESS,4.6,14,4.3,500.0,Free,0.0,Everyone,Business,2018-06-06,0.0,4.4 and up
BT Controller,TOOLS,3.9,4374,13.0,1000000.0,Free,0.0,Everyone,Tools,2018-06-25,0.0,4.2 and up
BT Church,LIFESTYLE,4.9,26,8.4,1000.0,Free,0.0,Teen,Lifestyle,2018-06-25,0.0,4.1 and up
Mediatek SmartDevice,TOOLS,3.6,11187,7.3,1000000.0,Free,0.0,Everyone,Tools,2017-03-17,0.0,4.0 and up
LG BT Reader Plus,TOOLS,3.7,2992,585.0,500000.0,Free,0.0,Everyone,Tools,2016-02-25,0.0,4.1 and up
BT Mobile,MAPS_AND_NAVIGATION,3.9,22,3.2,1000.0,Free,0.0,Everyone,Maps & Navigation,2018-07-04,2.2,4.1 and up
MagicLight BT,LIFESTYLE,2.7,135,6.5,10000.0,Free,0.0,Everyone,Lifestyle,2018-07-11,0.0,4.3 and up
BCBF,TOOLS,3.8,67,2.7,10000.0,Free,0.0,Everyone,Tools,2016-06-06,0.0,3.0 and up
B.T.,NEWS_AND_MAGAZINES,2.8,636,1.4,100000.0,Free,0.0,Everyone,News & Magazines,2018-06-08,0.0,4.1 and up
Autool BT-BOX,TOOLS,3.5,4,17.0,500.0,Free,0.0,Everyone,Tools,2018-05-12,0.0,4.3 and up
BR(FB,TOOLS,4.1,36,3.1,10000.0,Free,0.0,Everyone,Tools,2016-10-24,1.16,2.3.3 and up
BNPB,TOOLS,4.7,1363,1.6,10000.0,Paid,2.59,Everyone,Tools,2017-06-07,0.0,1.6 and up
BNBF,TOOLS,4.5,21979,982.0,1000000.0,Free,0.0,Everyone,Tools,2017-06-07,0.0,1.6 and up
BD-YMHCBS,SOCIAL,4.1,158,26.0,50000.0,Free,0.0,Mature 17+,Social,2018-07-19,2.3,4.1 and up
Aegis BT,BUSINESS,4.8,16,4.5,500.0,Free,0.0,Everyone,Business,2017-09-06,0.0,4.1 and up
ABAG,COMMUNICATION,3.4,198,219.0,50000.0,Free,0.0,Everyone,Communication,2017-02-21,0.0,4.0 and up
Jabbla BT,TOOLS,5.0,3,55.0,100.0,Free,0.0,Everyone,Tools,2014-10-06,1.0,4.2 and up
SBZS,TOOLS,4.3,37,323.0,5000.0,Free,0.0,Everyone,Tools,2015-05-15,0.0,2.2 and up
BTBB-CPCG,FAMILY,4.4,37122,89.0,1000000.0,Free,0.0,Everyone,Educational,2018-06-14,1.03,4.1 and up
BUA,FAMILY,1.8,5,5.2,1000.0,Free,0.0,Everyone,Education,2017-12-02,4.0,4.4 and up
BU Bus Tracker,MAPS_AND_NAVIGATION,4.2,57,15.0,10000.0,Free,0.0,Everyone,Maps & Navigation,2017-09-05,2.02,4.1 and up
kick the buddy,GAME,3.3,294,19.0,10000.0,Free,0.0,Everyone,Arcade,2018-07-19,1.0,3.0 and up
BU Study,FAMILY,5.0,7,5.6,10.0,Free,0.0,Everyone,Education,2017-12-07,1.0,4.0.3 and up
sustainability@BU,LIFESTYLE,4.8,10,11.0,1000.0,Free,0.0,Everyone,Lifestyle,2018-01-18,0.0,4.1 and up
BU Mobile,FAMILY,4.5,472,4.3,10000.0,Free,0.0,Everyone,Education,2018-07-06,0.0,2.3.3 and up
BUAF,FAMILY,5.0,100,10.0,1000.0,Free,0.0,Everyone,Education,2018-05-06,0.0,4.0.3 and up
P-CGPBBPCG,FAMILY,4.5,22167,88.0,1000000.0,Free,0.0,Everyone,Educational,2018-06-12,1.18,4.1 and up
BSRC,FAMILY,4.7,38,5.3,500.0,Free,0.0,Everyone,Education,2018-07-05,0.0,4.0 and up
BU Calculator,FAMILY,4.6,69,3.1,1000.0,Free,0.0,Everyone,Education,2017-07-24,2.4,4.0.3 and up
BU Syllabus,FAMILY,4.5,38,6.5,1000.0,Free,0.0,Everyone,Education,2017-09-21,0.0,4.0.3 and up
BU Bison Nation,SPORTS,3.5,4,40.0,100.0,Free,0.0,Everyone,Sports,2017-09-21,0.0,4.4 and up
BU Library,FAMILY,3.5,4,21.0,1000.0,Free,0.0,Everyone,Education,2017-09-22,1.1,4.3 and up
SkyTest BU/GU Lite,BUSINESS,2.9,28,20.0,500.0,Paid,17.99,Everyone,Business,2017-10-24,0.0,3.0 and up
Kristian Hla Bu,BOOKS_AND_REFERENCE,4.8,238,27.0,10000.0,Free,0.0,Everyone,Books & Reference,2018-05-25,1.0,4.0 and up
SA HLA BU,BOOKS_AND_REFERENCE,4.7,119,1.5,1000.0,Free,0.0,Everyone,Books & Reference,2017-09-21,1.0,4.1 and up
Büfe BU,LIFESTYLE,4.1,14,13.0,100.0,Free,0.0,Everyone,Lifestyle,2015-10-17,2.0,4.0.3 and up
BV Mobile Apps,PRODUCTIVITY,5.0,3,4.8,100.0,Free,0.0,Everyone,Productivity,2018-06-05,2.0,4.2 and up
BV,COMMUNICATION,5.0,3,1.6,100.0,Free,0.0,Everyone,Communication,2016-08-04,101.0,3.0 and up
Bacteria Vaginosis,HEALTH_AND_FITNESS,4.0,4015,7.7,1000000.0,Free,0.0,Mature 17+,Health & Fitness,2017-04-27,6.0,3.0 and up
BV Smart,BUSINESS,4.3,28,3.4,1000.0,Free,0.0,Everyone,Business,2015-05-01,1.1,4.0 and up
BVS,MEDICAL,4.1,698,2.4,100000.0,Free,0.0,Everyone 10+,Medical,2015-02-03,1.1,3.0 and up
BV Sridhara Maharaj,FAMILY,5.0,8,2.7,100.0,Free,0.0,Everyone,Entertainment,2017-12-03,1.1,4.1 and up
BVT-SD,HEALTH_AND_FITNESS,5.0,2,5.9,500.0,Free,0.0,Everyone,Health & Fitness,2018-06-25,2.0,4.0.3 and up
Schulman B.V.,SHOPPING,4.0,6,20.0,100.0,Free,0.0,Everyone,Shopping,2016-09-14,1.0,4.1 and up
BV Taxi Sudan,MAPS_AND_NAVIGATION,3.5,8,26.0,10.0,Free,0.0,Everyone,Maps & Navigation,2018-01-17,0.0,4.1 and up
Meu Cartão BV,FINANCE,4.1,15057,5.7,500000.0,Free,0.0,Everyone,Finance,2018-08-03,0.0,5.0 and up
SPS,LIFESTYLE,4.6,10198,2.2,100000.0,Free,0.0,Everyone,Lifestyle,2017-08-21,1.1,2.1 and up
TGNT,MAPS_AND_NAVIGATION,4.1,132792,62.0,10000000.0,Free,0.0,Everyone,Maps & Navigation,2017-10-25,0.0,4.0.3 and up
OUSBC,SHOPPING,4.2,4977,9.8,100000.0,Free,0.0,Everyone,Shopping,2018-07-25,0.0,4.1 and up
Feel Performer,COMMUNICATION,2.2,62,34.0,10000.0,Free,0.0,Everyone,Communication,2018-04-09,0.0,4.1 and up
Smashy Road: Arena,GAME,4.3,45558,53.0,5000000.0,Free,0.0,Everyone 10+,Action,2018-05-24,0.0,4.1 and up
My Budget Book,FINANCE,4.7,19784,7.3,100000.0,Paid,2.99,Everyone,Finance,2018-06-13,7.6,4.0 and up
Allsetra B.V.,BUSINESS,4.1,15,24.0,1000.0,Free,0.0,Everyone,Business,2018-04-05,0.0,4.3 and up
Philips Hue,LIFESTYLE,3.1,10006,53.0,1000000.0,Free,0.0,Everyone,Lifestyle,2018-07-26,0.0,5.0 and up
EBFU,FAMILY,4.2,246705,27.0,1000000.0,Free,0.0,Teen,Strategy,2018-05-04,0.0,4.0.3 and up
Best Western To Go,TRAVEL_AND_LOCAL,3.0,2719,17.0,100000.0,Free,0.0,Teen,Travel & Local,2018-08-02,0.0,4.2 and up
BW-Go,GAME,4.8,265,1.3,1000.0,Paid,3.49,Everyone,Board,2015-06-18,0.0,2.3 and up
BW Smart,TOOLS,3.7,50,19.0,5000.0,Free,0.0,Everyone,Tools,2017-06-06,0.0,4.0 and up
Watch Face BW Inter,PERSONALIZATION,3.1,112,8.8,1000.0,Paid,0.99,Everyone,Personalization,2017-04-26,0.0,4.3 and up
BW-Go Free,GAME,4.6,547,1.3,10000.0,Free,0.0,Everyone,Board,2015-06-18,0.0,2.3 and up
BS-BS,PHOTOGRAPHY,2.9,333,1.8,50000.0,Free,0.0,Everyone,Photography,2017-11-22,0.0,4.0 and up
B&WC-LB,PHOTOGRAPHY,4.2,329,4.8,100000.0,Free,0.0,Everyone,Photography,2017-11-13,0.0,4.4 and up
BW-Joseki,GAME,4.7,705,1.8,10000.0,Free,0.0,Everyone,Board,2015-07-28,0.0,4.0.3 and up
BW-DGS plugin,GAME,4.5,70,691.0,1000.0,Free,0.0,Everyone,Board,2018-05-13,0.0,4.0 and up
BW App,LIFESTYLE,2.8,48,12.0,5000.0,Free,0.0,Everyone,Lifestyle,2017-09-27,0.0,4.0 and up
NL3TS,PERSONALIZATION,4.4,2839,5.1,100000.0,Free,0.0,Everyone,Personalization,2014-01-11,1.0,2.2 and up
SCM(,FINANCE,4.4,96,7.2,10000.0,Free,0.0,Everyone,Finance,2018-08-05,2.9,4.0 and up
BMFSUT,FINANCE,4.1,2048,24.0,100000.0,Free,0.0,Everyone,Finance,2018-07-10,0.0,4.4 and up
BW COMPANY FINDER,BUSINESS,4.6,48,7.4,1000.0,Free,0.0,Everyone,Business,2017-08-21,1.5,4.0 and up
BW Taxi,MAPS_AND_NAVIGATION,3.0,67,53.0,5000.0,Free,0.0,Everyone,Maps & Navigation,2018-05-01,0.0,5.0 and up
BW-GnuGo,GAME,4.1,64,1.3,5000.0,Free,0.0,Everyone,Board,2013-06-02,0.0,2.2 and up
Bw Events,EVENTS,4.4,16,1.7,100.0,Free,0.0,Everyone,Events,2016-08-09,1.0,4.0 and up
BWF,PERSONALIZATION,3.9,25035,14.0,1000000.0,Free,0.0,Everyone,Personalization,2016-10-20,0.0,2.3 and up
HD Widgets,PERSONALIZATION,4.3,58614,26.0,1000000.0,Paid,0.99,Everyone,Personalization,2016-12-07,0.0,4.4 and up
BW Wallpaper,PERSONALIZATION,4.5,4,511.0,50.0,Free,0.0,Everyone,Personalization,2016-12-31,1.4,4.0 and up
Skull Widget BW,PERSONALIZATION,4.5,4,1.7,10.0,Free,0.0,Everyone,Personalization,2018-02-28,1.1,4.4 and up
BW Map mobile,TRAVEL_AND_LOCAL,3.6,57,32.0,10000.0,Free,0.0,Everyone,Travel & Local,2018-05-31,3.2,4.0 and up
BAWCBP+,LIFESTYLE,2.0,8,12.0,1000.0,Free,0.0,Everyone,Lifestyle,2016-11-14,0.0,2.3 and up
BWEH,TRAVEL_AND_LOCAL,4.0,41,23.0,10000.0,Free,0.0,Everyone,Travel & Local,2018-06-04,0.0,5.0 and up
BP-BC,PHOTOGRAPHY,4.5,1376,5.5,100000.0,Paid,1.49,Everyone,Photography,2018-03-26,1.51,4.0 and up
SAP BW Tutorial,FAMILY,4.0,11,9.4,1000.0,Free,0.0,Everyone,Education,2016-01-10,0.0,4.1 and up
KBTFN,PERSONALIZATION,4.3,1098,18.0,50000.0,Free,0.0,Everyone,Personalization,2014-10-11,0.0,3.0 and up
CCP[,PERSONALIZATION,4.5,69,951.0,1000.0,Paid,0.99,Everyone,Personalization,2017-01-12,1.11,4.4 and up
FTDBBB,ART_AND_DESIGN,4.8,41,1.9,5000.0,Free,0.0,Everyone,Art & Design,2018-03-20,0.0,4.0 and up
KTGFB,PERSONALIZATION,4.5,75,2.6,10000.0,Free,0.0,Mature 17+,Personalization,2016-05-26,2.0,4.0.3 and up
BEBIP,PERSONALIZATION,4.2,17,963.0,1000.0,Free,0.0,Everyone,Personalization,2013-05-06,0.0,2.1 and up
Hypocam,PHOTOGRAPHY,4.5,12572,8.5,1000000.0,Free,0.0,Everyone,Photography,2018-03-14,1.31,4.0 and up
Hitman GO,FAMILY,4.6,84114,23.0,500000.0,Paid,0.99,Everyone 10+,Puzzle,2018-07-05,0.0,2.3.3 and up
BPFE,PHOTOGRAPHY,3.9,205,2.4,50000.0,Free,0.0,Everyone,Photography,2017-07-29,0.0,4.0 and up
BX Memo,FAMILY,4.3,131,2.0,5000.0,Free,0.0,Everyone,Education,2016-11-17,0.0,2.2 and up
BBR-BP/C,TOOLS,3.9,319,25.0,10000.0,Paid,2.99,Everyone,Tools,2017-04-28,1.0,7.0 and up
BBR-B,TOOLS,4.3,13064,4.6,1000000.0,Free,0.0,Everyone,Tools,2018-05-23,4.72,7.0 and up
Bitcoin BX Thailand,FINANCE,3.7,120,31.0,10000.0,Free,0.0,Everyone,Finance,2017-10-23,4.1,4.0.3 and up
BTA(,FINANCE,4.7,3,8.2,100.0,Free,0.0,Everyone,Finance,2018-02-05,0.0,4.2 and up
BHABEL,FAMILY,4.3,42,554.0,5000.0,Free,0.0,Everyone,Education,2017-05-09,2.0,2.2 and up
BBTP,FINANCE,1.7,21,21.0,100.0,Paid,4.99,Everyone,Finance,2017-10-22,5.0,4.0.3 and up
BB(,FINANCE,4.5,101,6.9,10000.0,Free,0.0,Everyone,Finance,2018-08-04,0.0,5.0 and up
BMTFSB,BUSINESS,4.7,3,11.0,100.0,Free,0.0,Everyone,Business,2015-01-20,0.0,4.0.3 and up
B-BB(,FINANCE,5.0,4,4.1,50.0,Free,0.0,Everyone,Finance,2018-07-14,0.0,4.2 and up
BD-CCC,FINANCE,4.6,83,4.0,5000.0,Free,0.0,Everyone,Finance,2018-07-16,0.0,4.4 and up
BEBT,FINANCE,2.9,19,2.2,5000.0,Free,0.0,Everyone,Finance,2017-06-26,1.6,4.4 and up
B&C-B,FINANCE,4.8,11,3.7,1000.0,Free,0.0,Everyone,Finance,2017-11-28,0.0,4.1 and up
BEMA,HEALTH_AND_FITNESS,2.3,3,2.4,1000.0,Free,0.0,Everyone,Health & Fitness,2018-07-18,6.0,5.0 and up
CDSC,FAMILY,3.8,174,44.0,10000.0,Free,0.0,Everyone,Simulation,2017-07-18,1.0,2.3 and up
LEDSHOWTW,TOOLS,4.2,5,31.0,500.0,Free,0.0,Everyone,Tools,2018-04-23,0.0,4.0.3 and up
WSFBBRR,FAMILY,4.4,551,38.0,100000.0,Free,0.0,Everyone,Simulation,2017-07-03,1.0,2.3 and up
RMT-ODS,GAME,4.0,38448,27.0,5000000.0,Free,0.0,Everyone,Racing,2018-06-16,0.0,4.1 and up
Tiny Call Confirm,COMMUNICATION,4.1,22782,351.0,1000000.0,Free,0.0,Everyone,Communication,2015-03-25,0.0,2.2 and up
CDBBM,FINANCE,3.4,5,8.8,500.0,Free,0.0,Everyone,Finance,2017-07-18,0.0,4.0 and up
Super Jabber Jump,GAME,4.3,85882,23.0,10000000.0,Free,0.0,Everyone,Arcade,2017-11-07,0.0,2.3 and up
CAA,GAME,4.0,51067,48.0,5000000.0,Free,0.0,Teen,Action,2018-05-29,1.18,4.1 and up
LPEQAX,TOOLS,4.2,13005,9.7,1000000.0,Free,0.0,Everyone,Tools,2018-01-21,0.2918664,4.2 and up
LLP,PERSONALIZATION,4.1,131,27.0,1000.0,Paid,4.99,Everyone,Personalization,2015-03-08,1.0,4.0.3 and up
CTBB,FINANCE,4.7,396,12.0,10000.0,Free,0.0,Everyone,Finance,2018-08-05,0.0,5.0 and up
CB2CM,FAMILY,4.2,41693,74.0,1000000.0,Free,0.0,Everyone,Simulation,2018-06-04,0.0,4.0 and up
FFF(,SPORTS,3.9,138739,44.0,10000000.0,Free,0.0,Teen,Sports,2018-07-07,1.998,4.1 and up
TDS,FAMILY,3.8,91645,36.0,10000000.0,Free,0.0,Teen,Simulation,2018-05-08,1.94,4.1 and up
RAL,GAME,4.1,41,1.4,5000.0,Free,0.0,Everyone,Casino,2014-08-21,2.2,3.0 and up
BBBSRG,GAME,3.8,299,25.0,10000.0,Free,0.0,Everyone,Racing,2017-11-10,1.1,4.1 and up
BFDU&M,FAMILY,3.7,7664,44.0,500000.0,Free,0.0,Everyone,Casual;Pretend Play,2015-09-09,0.0,4.0.3 and up
WOWD,GAME,4.3,25952,36.0,500000.0,Free,0.0,Everyone 10+,Action,2015-09-07,0.0,2.3 and up
TFW,TOOLS,4.0,22,82.0,1000.0,Paid,0.99,Everyone,Tools,2014-10-10,2.4,2.3 and up
Driving Zone,GAME,4.2,51791,57.0,1000000.0,Free,0.0,Everyone,Racing,2018-06-06,1.53,4.1 and up
QESWSAG,FAMILY,4.7,513,9.8,50000.0,Free,0.0,Everyone,Education,2017-12-14,0.0,4.0 and up
CBN–NCB,GAME,4.7,142308,24.0,5000000.0,Free,0.0,Everyone 10+,Board,2018-08-01,0.0,4.1 and up
CRBFGFF,GAME,4.3,54221,47.0,1000000.0,Free,0.0,Everyone,Racing,2013-06-15,1.2,2.3 and up
ACBNBNCP,FAMILY,4.2,2231,37.0,500000.0,Free,0.0,Everyone,Entertainment,2018-07-23,2.9,4.4 and up
GCBN-GNC,FAMILY,3.5,1380,6.9,500000.0,Free,0.0,Everyone,Entertainment,2018-07-18,1.6,4.0 and up
S-CBNCP,FAMILY,4.7,412744,10.0,10000000.0,Free,0.0,Everyone,Entertainment;Creativity,2018-07-19,0.0,4.4 and up
SACBNCP,FAMILY,4.7,12784,15.0,1000000.0,Free,0.0,Everyone,Entertainment,2018-08-04,0.0,4.1 and up
One Today by Google,LIFESTYLE,4.5,2586,9.4,100000.0,Free,0.0,Everyone,Lifestyle,2015-12-17,0.0,4.0.3 and up
APCCBN,FAMILY,4.5,992,49.0,100000.0,Free,0.0,Teen,Entertainment,2018-08-02,0.0,4.2 and up
CBN-SPCB,FAMILY,4.7,24557,24.0,1000000.0,Free,0.0,Everyone,Casual;Creativity,2018-08-03,0.0,4.4 and up
P-CBNSPA,FAMILY,4.6,16041,7.3,1000000.0,Free,0.0,Everyone,Entertainment,2018-07-05,0.0,4.3 and up
Slot Machines by IGG,GAME,4.6,267229,24.0,10000000.0,Free,0.0,Teen,Casino,2018-05-28,0.0,2.3 and up
P-CBNPACB,FAMILY,4.9,55723,14.0,1000000.0,Free,0.0,Everyone,Entertainment,2018-06-04,3.3,4.0.3 and up
PEBA,PHOTOGRAPHY,4.4,1490722,21.0,50000000.0,Free,0.0,Everyone,Photography,2018-07-19,0.0,4.1 and up
N–CBN,FAMILY,4.4,23474,8.8,5000000.0,Free,0.0,Everyone,Casual;Creativity,2018-07-26,0.0,4.1 and up
PC-CBNS,FAMILY,4.5,12293,4.0,1000000.0,Free,0.0,Everyone,Entertainment,2018-05-06,0.0,4.0.3 and up
P-CBN&CPA,FAMILY,4.4,3588,18.0,500000.0,Free,0.0,Everyone,Entertainment,2018-02-25,1.18,4.3 and up
VLCBNAC,FAMILY,4.4,767,18.0,100000.0,Free,0.0,Everyone,Entertainment,2018-02-23,1.1,4.1 and up
R‼CBN&PCB,FAMILY,3.0,1279,13.0,100000.0,Free,0.0,Everyone,Casual,2018-06-13,0.0,4.3 and up
PCBNCB,FAMILY,4.8,22290,13.0,500000.0,Free,0.0,Everyone,Puzzle,2018-08-05,0.0,4.0 and up
DCBN-SPA,FAMILY,4.7,34279,24.0,1000000.0,Free,0.0,Everyone,Casual;Creativity,2018-08-02,0.0,4.4 and up
TCBNDBPPA,FAMILY,4.0,309,25.0,100000.0,Free,0.0,Everyone,Entertainment,2018-05-02,1.4,4.1 and up
SMPBN,FAMILY,3.7,1478,43.0,100000.0,Free,0.0,Everyone,Casual,2017-04-22,0.0,2.3 and up
Paint By Number,FAMILY,3.5,807,4.6,500000.0,Free,0.0,Everyone,Casual,2018-05-01,0.0,3.0 and up
Color by Disney,FAMILY,2.7,5706,47.0,500000.0,Free,0.0,Everyone,Entertainment,2017-07-13,1.7,4.4 and up
BBITB,GAME,4.7,183343,20.0,5000000.0,Free,0.0,Teen,Casino,2018-05-28,0.0,2.3 and up
Painting By Numbers,FAMILY,4.1,213,26.0,50000.0,Free,0.0,Everyone,Puzzle;Brain Games,2018-06-08,0.0,4.1 and up
3CBNWV,FAMILY,4.5,5481,69.0,500000.0,Free,0.0,Everyone,Entertainment,2018-07-07,1.3,4.4 and up
BPA-CBN,FAMILY,4.6,769,13.0,100000.0,Free,0.0,Everyone,Entertainment,2018-04-04,1.06,4.1 and up
BHSBS,BEAUTY,4.5,45452,9.2,5000000.0,Free,0.0,Everyone,Beauty,2018-07-19,1.25,4.0 and up
HSNCCBN,FAMILY,4.4,289,19.0,100000.0,Free,0.0,Everyone,Entertainment,2018-02-17,1.2,4.1 and up
FBT-FMAMNF,SOCIAL,4.3,112223,34.0,1000000.0,Free,0.0,Mature 17+,Social,2018-07-05,0.0,5.0 and up
PAPBBND,FAMILY,4.5,2442,13.0,100000.0,Free,0.0,Everyone,Casual;Brain Games,2018-07-06,0.0,4.0.3 and up
CBNPA,FAMILY,4.6,12034,34.0,1000000.0,Free,0.0,Everyone,Entertainment,2018-05-26,4.8,4.1 and up
U-CBN&PAC,FAMILY,4.7,8264,24.0,500000.0,Free,0.0,Everyone,Art & Design;Creativity,2018-08-02,0.0,4.4 and up
F-CBNS,FAMILY,4.6,1977,3.8,100000.0,Free,0.0,Everyone,Entertainment,2018-02-21,0.0,4.0.3 and up
CBN-AGFKAA,FAMILY,3.1,305,8.3,100000.0,Free,0.0,Everyone,Educational;Brain Games,2016-07-07,3.0,2.3.3 and up
V-3CBN&PCB,GAME,4.7,62561,53.0,1000000.0,Free,0.0,Everyone,Board,2018-07-31,0.0,4.1 and up
N–CBN,FAMILY,4.6,9016,24.0,1000000.0,Free,0.0,Everyone,Entertainment;Creativity,2018-08-06,0.0,4.1 and up
BZ Reminder,BUSINESS,4.7,41625,5.4,1000000.0,Free,0.0,Everyone,Business,2017-12-21,0.0,4.1 and up
Weather BZ,WEATHER,4.4,8433,5.6,100000.0,Free,0.0,Everyone,Weather,2018-06-06,0.0,4.0 and up
BZ Reminder PRO,BUSINESS,4.8,726,5.4,1000.0,Paid,3.99,Everyone,Business,2017-12-20,0.0,4.1 and up
Evasion.bz,SOCIAL,4.1,8,4.4,100.0,Free,0.0,Teen,Social,2017-07-14,0.0,4.1 and up
BZ-Smart,NEWS_AND_MAGAZINES,4.3,828,8.2,10000.0,Free,0.0,Everyone,News & Magazines,2017-10-10,1.98,2.3.3 and up
BZ Zombie VR,GAME,4.4,12,98.0,1000.0,Free,0.0,Mature 17+,Action,2018-02-07,1.4,4.4 and up
BZ Conferencing,TOOLS,4.7,7,29.0,1000.0,Free,0.0,Everyone,Tools,2018-06-27,0.0,4.1 and up
GITZ.bz,SHOPPING,4.0,4,2.4,10.0,Free,0.0,Everyone,Shopping,2017-08-04,1.0,4.1 and up
Berner Zeitung,NEWS_AND_MAGAZINES,3.4,736,8.5,50000.0,Free,0.0,Teen,News & Magazines,2018-08-03,0.0,4.1 and up
BZ Fingers,GAME,4.6,15,3.2,50.0,Free,0.0,Everyone,Arcade,2017-07-05,1.3,4.0.3 and up
BBN,NEWS_AND_MAGAZINES,2.8,33,33.0,1000.0,Free,0.0,Everyone,News & Magazines,2018-06-06,0.0,5.0 and up
24/7 BZ Reis,TRAVEL_AND_LOCAL,3.1,421,53.0,100000.0,Free,0.0,Everyone,Travel & Local,2018-03-09,0.0,4.1 and up
Badische Zeitung,NEWS_AND_MAGAZINES,3.9,262,22.0,10000.0,Free,0.0,Everyone,News & Magazines,2018-06-26,5.3,4.1 and up
bz Baselland E-Paper,NEWS_AND_MAGAZINES,4.2,69,25.0,5000.0,Free,0.0,Everyone,News & Magazines,2017-08-24,0.0,4.4 and up
BZWBK24 mobile,FINANCE,4.5,64983,39.0,1000000.0,Free,0.0,Everyone,Finance,2018-06-18,0.0,4.1 and up
BZ Vesper-App,TRAVEL_AND_LOCAL,4.1,60,13.0,1000.0,Free,0.0,Everyone,Travel & Local,2015-08-06,0.0,2.3.3 and up
DBSW,FAMILY,4.2,12,13.0,1000.0,Free,0.0,Everyone,Entertainment,2018-01-16,1.0,4.0.3 and up
Südtirol2Go,MAPS_AND_NAVIGATION,3.3,555,31.0,50000.0,Free,0.0,Everyone,Maps & Navigation,2017-12-20,0.0,4.0 and up
TFO BZ Lessons,FAMILY,4.4,75,3.7,500.0,Free,0.0,Everyone,Education,2017-04-28,0.0,4.1 and up
CDJMPP2,FAMILY,4.4,36,24.0,10000.0,Free,0.0,Everyone,Simulation,2018-06-14,1.0,4.0 and up
SGS3IM,GAME,4.6,20,34.0,100.0,Free,0.0,Mature 17+,Action,2018-05-04,1.0,4.0 and up
ECA,SHOPPING,4.4,19212,6.9,500000.0,Free,0.0,Everyone,Shopping,2018-08-03,0.0,4.1 and up
ECSW,GAME,4.5,14,45.0,100.0,Free,0.0,Teen,Action,2018-06-29,1.0,4.0 and up
RS,TRAVEL_AND_LOCAL,4.1,46,12.0,1000.0,Free,0.0,Everyone,Travel & Local,2017-01-11,0.0,4.0 and up
bz Basel News,NEWS_AND_MAGAZINES,2.2,23,33.0,1000.0,Free,0.0,Everyone,News & Magazines,2018-06-06,0.0,5.0 and up
CCC-HL,FAMILY,4.2,31,35.0,5000.0,Free,0.0,Everyone,Simulation,2018-06-12,1.01,4.0 and up
PLRLPS,FAMILY,4.8,4,25.0,1000.0,Free,0.0,Everyone,Simulation,2018-07-20,1.0,4.0 and up
Inwestor mobile,FINANCE,3.2,124,7.2,10000.0,Free,0.0,Everyone,Finance,2018-01-03,0.0,4.1 and up
BZ Straußenführer,TRAVEL_AND_LOCAL,4.3,291,14.0,10000.0,Free,0.0,Everyone,Travel & Local,2016-03-17,0.0,4.0 and up
Putzmeister Experts,TOOLS,4.6,21,8.9,1000.0,Free,0.0,Everyone,Tools,2018-05-08,1.3,4.1 and up
Bubble,TOOLS,4.5,31621,208.0,5000000.0,Free,0.0,Everyone,Tools,2011-07-10,0.0,1.6 and up
CSM,BUSINESS,3.4,91,8.3,10000.0,Free,0.0,Everyone,Business,2018-03-20,0.0,5.0 and up
CA Mobile OTP,TOOLS,3.3,688,5.5,100000.0,Free,0.0,Everyone,Tools,2017-09-05,0.0,2.3.3 and up
CLOA,FAMILY,4.2,7000,26.0,1000000.0,Free,0.0,Teen,Entertainment,2018-08-02,0.0,4.4 and up
CA Case Management,BUSINESS,2.4,16,5.2,500.0,Free,0.0,Everyone,Business,2016-05-04,0.0,4.0 and up
CA UIM Mobile,BUSINESS,3.2,54,7.7,1000.0,Free,0.0,Everyone,Business,2016-02-29,0.0,4.0 and up
CCMTM,BUSINESS,3.1,104,5.3,10000.0,Free,0.0,Everyone,Business,2015-05-14,2.0,2.2 and up
CA Auth ID,TOOLS,3.8,39,375.0,10000.0,Free,0.0,Teen,Tools,2014-10-17,0.0,1.6 and up
CA Speakers Free,LIFESTYLE,4.8,74,2.9,5000.0,Free,0.0,Teen,Lifestyle,2015-09-30,1.6,2.3.3 and up
CA World '17,PRODUCTIVITY,3.7,7,18.0,1000.0,Free,0.0,Teen,Productivity,2018-06-10,0.0,5.0 and up
CA DMV,TOOLS,4.2,5463,6.0,1000000.0,Free,0.0,Everyone,Tools,2017-08-25,4.0,4.1 and up
Save.ca,SHOPPING,3.7,2094,34.0,100000.0,Free,0.0,Everyone,Shopping,2018-07-02,0.0,4.1 and up
CCACC,PRODUCTIVITY,3.0,5,7.0,100.0,Paid,4.99,Everyone,Productivity,2014-02-11,1.3,2.2 and up
CL2(LAC,BOOKS_AND_REFERENCE,3.9,56,38.0,5000.0,Free,0.0,Everyone,Books & Reference,2018-03-24,1.17,4.4 and up
CC-T,TRAVEL_AND_LOCAL,4.0,305,5.4,10000.0,Free,0.0,Everyone,Travel & Local,2018-06-20,0.0,4.0.3 and up
CA Speakers,LIFESTYLE,5.0,12,1.2,100.0,Paid,0.99,Teen,Lifestyle,2014-03-25,1.0,3.0 and up
CRC-FF,COMMUNICATION,4.0,17998,7.9,1000000.0,Free,0.0,Teen,Communication,2018-03-27,0.0,4.0 and up
TC&CFT,MAPS_AND_NAVIGATION,2.7,89,2.3,10000.0,Free,0.0,Mature 17+,Maps & Navigation,2018-07-31,0.0,4.0.3 and up
CB Frequencies FREE!,TOOLS,3.1,364,2.3,100000.0,Free,0.0,Everyone,Tools,2018-03-02,2.0,4.0.3 and up
CB On Mobile,COMMUNICATION,4.1,901,323.0,100000.0,Free,0.0,Teen,Communication,2017-04-26,0.0,4.0 and up
CB Frequencies,TOOLS,4.0,5,1.4,100.0,Paid,0.99,Everyone,Tools,2015-12-24,1.0,4.0.3 and up
VWT,COMMUNICATION,3.8,21785,2.5,1000000.0,Free,0.0,Everyone,Communication,2015-08-13,1.41,2.3 and up
CB Outdoors,FAMILY,3.8,5,12.0,1000.0,Free,0.0,Everyone,Education,2017-05-30,1.2,4.0.3 and up
Viking CB Radios,BUSINESS,4.3,6,15.0,1000.0,Free,0.0,Everyone,Business,2017-05-24,0.0,4.1 and up
Frequencies Free,TOOLS,3.5,382,3.1,100000.0,Free,0.0,Everyone,Tools,2018-02-04,1.9,4.0.3 and up
CB-Mobile Banking,FINANCE,4.5,96,12.0,10000.0,Free,0.0,Everyone,Finance,2018-06-22,0.0,4.4 and up
CBRadioTab,TOOLS,3.9,127,1.5,50000.0,Free,0.0,Everyone,Tools,2017-04-01,1.0,3.0 and up
CBMB,FINANCE,4.5,1308,3.7,100000.0,Free,0.0,Everyone,Finance,2015-06-08,13.0,2.2 and up
CB Underground,LIFESTYLE,3.3,3,7.4,500.0,Free,0.0,Everyone,Lifestyle,2015-09-15,1.2,3.2 and up
CB-FHWI,PERSONALIZATION,4.1,4538,3.3,1000000.0,Free,0.0,Everyone,Personalization,2018-03-24,0.0,4.0 and up
CB Fit,HEALTH_AND_FITNESS,5.0,1,7.8,10.0,Free,0.0,Everyone,Health & Fitness,2018-07-09,0.0,4.1 and up
Channel 19,COMMUNICATION,3.7,916,12.0,100000.0,Free,0.0,Mature 17+,Communication,2018-07-13,0.0,4.1 and up
CB-CM,FINANCE,4.8,6,11.0,1000.0,Free,0.0,Everyone,Finance,2018-08-02,0.0,4.4 and up
CB Mobile Access,FINANCE,1.5,57,25.0,1000.0,Free,0.0,Everyone,Finance,2018-02-26,0.0,4.2 and up
CB VIDEO VISION,PHOTOGRAPHY,5.0,13,2.6,100.0,Free,0.0,Everyone,Photography,2017-09-12,0.0,4.1 and up
CHP-NHPFCE,PHOTOGRAPHY,4.6,26,7.2,500.0,Free,0.0,Everyone,Photography,2018-07-29,2.0,4.0 and up
CBPHC,HEALTH_AND_FITNESS,5.0,5,14.0,100.0,Free,0.0,Everyone,Health & Fitness,2018-07-02,0.0,4.4 and up
CB Trader,FINANCE,4.7,11,2.2,1000.0,Free,0.0,Everyone,Finance,2018-04-11,0.0,4.0 and up
FGCT,PERSONALIZATION,4.7,26,5.6,1000.0,Free,0.0,Everyone,Personalization,2017-03-03,0.0,4.0.3 and up
CB News,FAMILY,5.0,7,20.0,50.0,Free,0.0,Everyone,Education,2016-09-10,0.0,4.1 and up
CB Pay,FINANCE,4.5,198,11.0,10000.0,Free,0.0,Everyone,Finance,2018-07-09,0.0,4.4 and up
CB Register,FAMILY,5.0,1,5.6,10.0,Free,0.0,Everyone,Entertainment,2018-06-27,1.0,4.1 and up
Cb browser,COMMUNICATION,5.0,5,3.7,50.0,Free,0.0,Everyone,Communication,2018-04-02,1.0,4.0 and up
CEP&CB,PHOTOGRAPHY,4.2,17,3.4,5000.0,Free,0.0,Everyone,Photography,2018-07-20,0.0,4.1 and up
CB Mobile Biz,FINANCE,1.0,3,8.4,500.0,Free,0.0,Everyone,Finance,2016-02-22,0.0,4.0 and up
Antenna Tool Premium,TOOLS,4.5,14,2.9,500.0,Paid,0.99,Everyone,Tools,2017-10-26,2.2,4.0.3 and up
Antenna Tool,TOOLS,4.2,522,2.9,50000.0,Free,0.0,Everyone,Tools,2017-10-26,2.2,4.0.3 and up
CB Heroes,SOCIAL,5.0,5,1.8,5.0,Free,0.0,Everyone,Social,2018-08-04,0.0,5.0 and up
Frequencies,TOOLS,4.2,11,3.1,500.0,Paid,0.99,Everyone,Tools,2018-02-04,1.9,4.0.3 and up
Creative Destruction,GAME,4.4,201426,80.0,5000000.0,Free,0.0,Teen,Action,2018-08-02,0.0,4.0 and up
CD Library,PRODUCTIVITY,3.9,44,3.3,10000.0,Free,0.0,Everyone,Productivity,2017-02-18,0.0,2.1 and up
Sonic CD Classic,GAME,4.6,26138,15.0,1000000.0,Free,0.0,Everyone,Action,2018-02-14,0.0,4.2 and up
ASE,GAME,3.8,51523,36.0,500000.0,Free,0.0,Teen,Adventure,2018-08-02,0.0,7.0 and up
DIY Crafts Cds,LIFESTYLE,4.0,209,3.1,50000.0,Free,0.0,Everyone,Lifestyle,2017-01-24,3.0,3.0 and up
BM,BOOKS_AND_REFERENCE,3.4,37,3.4,10000.0,Free,0.0,Everyone,Books & Reference,2018-05-31,1.5,4.0 and up
CD CHOICE TUBE,FAMILY,5.0,10,5.8,500.0,Free,0.0,Everyone,Entertainment,2017-07-23,0.0,4.1 and up
MMP-M&TCL,LIFESTYLE,4.6,6477,20.0,10000.0,Paid,7.99,Everyone,Lifestyle,2018-07-16,2.2617,4.1 and up
YCCEOA,FAMILY,5.0,8,3.8,500.0,Free,0.0,Everyone,Entertainment,2018-01-12,2.0,4.0 and up
Disc Label Print,TOOLS,3.0,262,37.0,10000.0,Free,0.0,Everyone,Tools,2016-09-20,0.0,4.0 and up
Nero AirBurn,VIDEO_PLAYERS,4.2,1008,1.7,100000.0,Free,0.0,Everyone,Video Players & Editors,2015-06-26,0.0,4.0 and up
CD COMET,MAPS_AND_NAVIGATION,4.3,12,2.6,100.0,Free,0.0,Everyone,Maps & Navigation,2018-08-04,4.0,4.1 and up
DIY CD Craft Ideas,LIFESTYLE,4.4,5,4.6,1000.0,Free,0.0,Everyone,Lifestyle,2017-01-14,1.0,2.3 and up
РSRMCP,TOOLS,3.2,27,2.7,5000.0,Free,0.0,Everyone,Tools,2018-01-22,1.2,4.0 and up
MCIOUD,LIFESTYLE,3.5,155,12.0,10000.0,Free,0.0,Everyone,Lifestyle,2017-10-13,3.1,4.1 and up
CE on the go,TOOLS,4.4,79,3.7,10000.0,Free,0.0,Everyone,Tools,2018-02-15,0.0,2.3.3 and up
CM-ICEM,MAPS_AND_NAVIGATION,4.5,62,1.6,1000.0,Paid,0.99,Everyone,Maps & Navigation,2018-06-30,1.3,4.0 and up
CE Broker,FAMILY,3.7,190,12.0,10000.0,Free,0.0,Everyone,Education,2017-03-22,0.0,4.4 and up
CE Smart,TOOLS,5.0,3,29.0,100.0,Free,0.0,Everyone,Tools,2018-05-28,0.0,4.1 and up
PAC-MAN CE DX,GAME,4.5,1692,36.0,10000.0,Paid,4.99,Everyone,Arcade,2018-04-23,0.0,4.0.3 and up
C-CCFN,FAMILY,4.5,12,4.0,1000.0,Free,0.0,Everyone,Education,2018-05-25,0.0,5.0 and up
TOTAC,FAMILY,4.1,1143,15.0,10000.0,Paid,2.99,Everyone 10+,Casual,2013-05-21,1.0,2.0.1 and up
OTCAA,MEDICAL,3.4,16,7.8,5000.0,Free,0.0,Everyone,Medical,2018-03-20,0.0,4.4 and up
POS,FAMILY,4.1,188,4.6,10000.0,Free,0.0,Everyone,Education,2018-07-06,1.3,4.1 and up
TCGCMT8,FAMILY,5.0,1,27.0,100.0,Paid,4.99,Everyone,Education,2018-03-28,0.0,4.1 and up
Ultra CE calculator,SPORTS,4.2,28,7.3,1000.0,Free,0.0,Everyone,Sports,2018-06-17,1.52,4.0.3 and up
SMGC,FAMILY,4.1,3433,23.0,50000.0,Free,0.0,Everyone 10+,Casual,2016-03-14,0.0,2.3.3 and up
BOLIC,FAMILY,4.1,2683,20.0,50000.0,Free,0.0,Everyone 10+,Casual,2014-01-23,1.0,2.3 and up
Volvo CE Insider,BUSINESS,4.2,45,24.0,1000.0,Free,0.0,Everyone,Business,2018-03-16,0.0,4.0.3 and up
GTTWC,GAME,4.3,4923,20.0,100000.0,Free,0.0,Everyone 10+,Adventure,2015-08-26,0.0,2.3.3 and up
MCQ CE IT,FAMILY,5.0,22,3.6,1000.0,Free,0.0,Everyone,Education,2017-11-07,2.0,4.4 and up
PTFB(,FAMILY,4.4,7,6.3,500.0,Free,0.0,Everyone,Education,2016-06-24,1.4,4.0 and up
DOBC(,FAMILY,4.3,363,14.0,1000.0,Paid,2.99,Everyone 10+,Casual,2013-08-19,0.0,2.3 and up
Merck CE,BUSINESS,4.5,2,25.0,100.0,Free,0.0,Everyone,Business,2017-02-13,1.0,4.1 and up
MJCLNU:P3O3,FAMILY,4.8,65,55.0,5000.0,Free,0.0,Everyone,Education,2017-11-19,1.0,4.0 and up
CCleaner,TOOLS,4.4,885187,22.0,50000000.0,Free,0.0,Everyone,Tools,2018-07-19,0.0,4.1 and up
TEFA,TOOLS,4.4,113951,551.0,10000000.0,Free,0.0,Everyone,Tools,2015-04-15,0.0,1.6 and up
PT&CTBDD,PARENTING,4.7,658087,62.0,10000000.0,Free,0.0,Everyone,Parenting,2018-05-24,0.0,5.0 and up
CrossFire: Legends,GAME,4.3,144040,29.0,5000000.0,Free,0.0,Teen,Action,2018-07-25,0.0,4.0 and up
CF.lumen,TOOLS,4.4,4901,1.9,100000.0,Free,0.0,Everyone,Tools,2017-02-09,3.7,5.0 and up
CF-Bench Pro,TOOLS,4.6,159,29.0,1000.0,Paid,1.49,Everyone,Tools,2011-06-23,1.1,1.6 and up
CF SHOP!,LIFESTYLE,2.8,88,43.0,10000.0,Free,0.0,Everyone,Lifestyle,2018-06-30,0.0,4.4 and up
CF Life,FAMILY,5.0,4,8.3,100.0,Free,0.0,Everyone,Education,2018-06-27,0.0,4.1 and up
C–FS,TRAVEL_AND_LOCAL,4.4,47777,19.0,5000000.0,Free,0.0,Everyone,Travel & Local,2018-07-31,0.0,Varies with device
CF-Bench,TOOLS,4.4,2132,103.0,100000.0,Free,0.0,Everyone,Tools,2013-07-03,1.3,2.1 and up
CF Appreciation,LIFESTYLE,2.0,11,6.2,1000.0,Free,0.0,Everyone,Lifestyle,2018-06-12,0.0,4.1 and up
Unity CF,LIFESTYLE,5.0,5,8.3,100.0,Free,0.0,Everyone,Lifestyle,2016-04-12,1.0,4.0.3 and up
NL3BT,PERSONALIZATION,4.4,175,5.5,1000.0,Paid,0.99,Everyone,Personalization,2014-01-11,1.042,2.2 and up
Overcomers CF - GA,LIFESTYLE,5.0,7,11.0,100.0,Free,0.0,Everyone,Lifestyle,2017-03-20,1.1,4.1 and up
CCCF,COMMUNICATION,3.4,5,2.4,100.0,Free,0.0,Teen,Communication,2016-04-27,1.4,2.3 and up
CF Invest,FINANCE,4.4,11,4.6,500.0,Free,0.0,Everyone,Finance,2018-02-02,1.2,4.1 and up
iOBD2-CF,TOOLS,3.4,5,21.0,500.0,Free,0.0,Everyone,Tools,2016-12-26,1.0,2.3.3 and up
CF Calculator,LIFESTYLE,3.3,25,4.7,1000.0,Free,0.0,Everyone,Lifestyle,2015-03-10,0.0,4.0 and up
CF Climb,LIFESTYLE,1.5,2,3.0,100.0,Free,0.0,Everyone,Lifestyle,2018-06-07,0.0,2.3 and up
CF,FINANCE,5.0,2,2.0,100.0,Free,0.0,Everyone,Finance,2016-03-30,1.1,4.0 and up
CF cal,TOOLS,4.3,123,2.9,10000.0,Free,0.0,Everyone,Tools,2016-02-09,0.0,4.0 and up
CF GeneE,MEDICAL,4.3,16,40.0,1000.0,Free,0.0,Everyone,Medical,2018-05-31,0.0,4.0 and up
Thrive CF,HEALTH_AND_FITNESS,2.2,6,8.0,100.0,Free,0.0,Everyone,Health & Fitness,2018-01-05,0.0,4.3 and up
SFG2,GAME,4.6,1432809,29.0,10000000.0,Free,0.0,Mature 17+,Action,2018-07-29,3.3,4.0 and up
CF Townsville,HEALTH_AND_FITNESS,5.0,4,14.0,100.0,Free,0.0,Everyone,Health & Fitness,2018-07-09,0.0,4.1 and up
CFSD&T,HEALTH_AND_FITNESS,4.7,6,9.7,100.0,Free,0.0,Teen,Health & Fitness,2018-04-24,0.0,5.0 and up
Casa CF,HEALTH_AND_FITNESS,4.7,12,6.3,500.0,Free,0.0,Everyone,Health & Fitness,2018-07-12,0.0,4.1 and up
CampGladiator,HEALTH_AND_FITNESS,3.5,293,19.0,50000.0,Free,0.0,Everyone,Health & Fitness,2018-07-20,0.0,4.1 and up
CCS2A,NEWS_AND_MAGAZINES,4.3,117,5.0,10000.0,Free,0.0,Everyone,News & Magazines,2016-06-22,3.1,4.0.3 and up
MMSO,GAME,3.6,51366,16.0,5000000.0,Free,0.0,Everyone,Racing,2017-06-14,0.0,2.3 and up
CG Daily News,NEWS_AND_MAGAZINES,4.3,65,3.5,10000.0,Free,0.0,Everyone,News & Magazines,2018-04-29,8.2,4.0.3 and up
C-CA,PRODUCTIVITY,3.6,49,2.3,5000.0,Free,0.0,Everyone 10+,Productivity,2015-07-29,0.0,4.0 and up
CG Fit Scale,HEALTH_AND_FITNESS,2.6,13,3.3,1000.0,Free,0.0,Everyone,Health & Fitness,2015-10-13,0.0,4.0 and up
All Info about Cg,FAMILY,4.7,15,4.1,1000.0,Free,0.0,Teen,Education,2017-11-10,7.4,2.3 and up
cg guruji,FAMILY,4.5,170,4.1,10000.0,Free,0.0,Everyone,Education,2017-11-14,7.2,2.3 and up
CY&J,FAMILY,4.0,54,4.1,5000.0,Free,0.0,Teen,Education,2017-09-12,7.2,2.3 and up
OJŘCT,MAPS_AND_NAVIGATION,4.6,7314,7.0,100000.0,Free,0.0,Everyone,Maps & Navigation,2017-09-07,0.0,4.0 and up
CG Prints,PHOTOGRAPHY,5.0,1,2.3,100.0,Free,0.0,Everyone,Photography,2017-01-24,0.0,4.3 and up
CG Job Alerts,FAMILY,4.2,116,4.1,10000.0,Free,0.0,Everyone,Education,2017-09-11,7.2,2.3 and up
CG Samanya Gyan,FAMILY,4.2,145,4.1,10000.0,Free,0.0,Teen,Education,2017-09-12,7.2,2.3 and up
CG Freelancer,NEWS_AND_MAGAZINES,4.7,10,2.3,1000.0,Free,0.0,Everyone,News & Magazines,2014-07-30,0.0,4.1 and up
CG Wallpapers,FAMILY,4.5,11,3.5,500.0,Free,0.0,Mature 17+,Entertainment,2018-06-19,12.1,4.0.3 and up
Best CG Backgrounds,FAMILY,3.6,8,3.7,500.0,Free,0.0,Everyone,Entertainment,2018-05-20,8.0,4.0.3 and up
ACB,FAMILY,4.2,34,4.0,1000.0,Free,0.0,Everyone,Entertainment,2018-05-17,9.0,4.0.3 and up
CG BILASPUR CARNIVAL,EVENTS,3.8,59,1.8,5000.0,Free,0.0,Everyone,Events,2018-04-11,1.5,4.0 and up
CAGEC,DATING,3.5,69,4.0,5000.0,Free,0.0,Everyone,Dating,2017-07-10,0.0,2.3 and up
CG Shikshak Mitan,TOOLS,4.1,295,3.8,50000.0,Free,0.0,Everyone,Tools,2018-03-05,1.1,5.0 and up
CG FM,FAMILY,5.0,2,6.6,500.0,Free,0.0,Everyone,Entertainment,2018-01-31,0.0,4.1 and up
Best CG views,FAMILY,4.2,4,2.5,100.0,Free,0.0,Teen,Entertainment,2015-06-24,5.1,3.0 and up
Bhunaksha CG,TOOLS,4.1,67,4.1,10000.0,Free,0.0,Everyone,Tools,2018-05-07,0.0,4.1 and up
BCVW,FAMILY,3.6,13,2.5,1000.0,Free,0.0,Teen,Entertainment,2015-06-19,3.0,3.0 and up
CSBP2,FAMILY,4.3,14,4.3,1000.0,Free,0.0,Teen,Education,2018-01-10,7.4,2.3 and up
BT/STBCT,SPORTS,4.1,315,7.7,10000.0,Free,0.0,Everyone,Sports,2018-07-18,6.95,4.4 and up
CG Shikshak,FAMILY,4.4,211,6.8,10000.0,Free,0.0,Everyone,Education,2016-07-05,2.0,4.0.3 and up
CG Backgrounds,FAMILY,4.0,8,3.6,500.0,Free,0.0,Everyone,Entertainment,2018-06-19,8.1,4.0.3 and up
CG - Chemistry free,FAMILY,5.0,7,2.3,1000.0,Free,0.0,Everyone,Education,2018-05-25,1.0,4.0.3 and up
CG Jobs,FAMILY,5.0,8,14.0,10.0,Free,0.0,Everyone,Education,2018-08-01,1.1,4.2 and up
CG Patwari Exam,FAMILY,3.8,28,4.1,1000.0,Free,0.0,Teen,Education,2017-10-23,7.2,2.3 and up
NMN&CN,NEWS_AND_MAGAZINES,4.3,2746,8.7,100000.0,Free,0.0,Everyone,News & Magazines,2018-04-09,3.2,4.1 and up
BCAP,FAMILY,4.7,6,2.5,1000.0,Free,0.0,Teen,Entertainment,2015-06-19,2.7,3.0 and up
BLRC(,NEWS_AND_MAGAZINES,4.5,12,2.9,5000.0,Free,0.0,Everyone,News & Magazines,2018-02-03,1.1,4.1 and up
CJ-C&S,FAMILY,4.4,31,4.3,1000.0,Free,0.0,Everyone,Entertainment,2018-06-03,1.1,4.0 and up
UPC(3IU,TRAVEL_AND_LOCAL,4.7,213,6.1,5000.0,Paid,3.99,Everyone,Travel & Local,2018-08-05,0.0,4.4 and up
CH info,NEWS_AND_MAGAZINES,3.9,45,15.0,5000.0,Free,0.0,Everyone,News & Magazines,2018-02-20,0.0,4.4 and up
FAV KWGT,PERSONALIZATION,4.9,88,66.0,1000.0,Paid,0.99,Everyone,Personalization,2018-07-26,8.0,5.0 and up
Flo's CH Boss Timer,FAMILY,3.5,163,3.4,1000.0,Free,0.0,Everyone,Role Playing,2017-03-27,1.2,4.0.3 and up
Calvary.ch App,LIFESTYLE,4.4,10,7.7,500.0,Free,0.0,Teen,Lifestyle,2018-06-25,0.0,4.1 and up
AHO1COO,AUTO_AND_VEHICLES,4.2,25,6.5,10000.0,Free,0.0,Everyone,Auto & Vehicles,2017-08-02,1.02,4.2 and up
BF2,FAMILY,4.7,54,50.0,1000.0,Paid,19.4,Everyone,Education,2017-11-18,0.0,4.2 and up
waut.ch!,FAMILY,4.5,10,2.5,100.0,Free,0.0,Everyone,Educational,2018-06-30,8.225412624322714e+19,2.0 and up
search.ch,TRAVEL_AND_LOCAL,4.4,11514,2.2,500000.0,Free,0.0,Everyone,Travel & Local,2018-03-29,5.5,4.0 and up
homegate.ch,HOUSE_AND_HOME,4.2,2543,4.6,100000.0,Free,0.0,Everyone,House & Home,2018-07-27,0.0,5.0 and up
T-FC,SHOPPING,4.4,9950,15.0,500000.0,Free,0.0,Everyone,Shopping,2018-07-18,0.0,4.1 and up
A–V,LIFESTYLE,3.3,1045,13.0,100000.0,Free,0.0,Everyone,Lifestyle,2018-03-13,5.1,4.0 and up
LCABCD,LIFESTYLE,4.9,66,8.1,1000.0,Free,0.0,Everyone,Lifestyle,2018-07-18,1.0,4.1 and up
DRAGON QUEST IV,FAMILY,4.7,1647,16.0,10000.0,Paid,14.99,Everyone,Role Playing,2017-02-28,0.0,2.3 and up
swissinfo.ch,NEWS_AND_MAGAZINES,3.9,271,9.6,50000.0,Free,0.0,Everyone 10+,News & Magazines,2018-07-18,0.0,4.4 and up
CH Kadels,BUSINESS,4.4,36,10.0,1000.0,Free,0.0,Everyone,Business,2018-03-26,0.0,4.1 and up
SOPCS,GAME,4.8,35,3.1,10000.0,Free,0.0,Everyone,Trivia,2016-07-29,0.0,4.0 and up
Pixxy KWGT,PERSONALIZATION,4.8,60,78.0,1000.0,Paid,0.99,Everyone,Personalization,2018-07-29,0.0,5.0 and up
ricardo.ch,SHOPPING,4.0,13232,27.0,500000.0,Free,0.0,Everyone,Shopping,2018-07-21,0.0,4.1 and up
SNE,NEWS_AND_MAGAZINES,5.0,4,10.0,100.0,Free,0.0,Everyone,News & Magazines,2018-07-23,0.0,4.4 and up
ci,FAMILY,3.0,1691,5.8,500000.0,Free,0.0,Everyone,Strategy,2016-06-08,0.0,4.0 and up
GB-AUTCC,TOOLS,3.9,7,3.2,100.0,Free,0.0,Everyone,Tools,2018-06-06,0.0,5.0 and up
myNaida CI,MEDICAL,4.6,64,57.0,5000.0,Free,0.0,Everyone,Medical,2018-07-10,0.0,5.0 and up
CI MOBI,FAMILY,4.3,108,42.0,5000.0,Free,0.0,Everyone,Education,2017-10-07,0.0,4.0 and up
PCLSDM,MAPS_AND_NAVIGATION,4.2,453,36.0,10000.0,Paid,2.99,Everyone,Maps & Navigation,2018-04-02,4.3,4.1 and up
C1GIP,PERSONALIZATION,5.0,1,46.0,10.0,Paid,0.99,Everyone,Personalization,2018-05-21,1.1,4.1 and up
PC-PDGCD,HEALTH_AND_FITNESS,4.5,5509,3.2,100000.0,Free,0.0,Everyone,Health & Fitness,2018-07-03,0.0,4.0.3 and up
IQ Test,PRODUCTIVITY,4.2,1623,1.8,100000.0,Free,0.0,Everyone,Productivity,2018-03-06,1.8,2.3 and up
Thistletown CI,PRODUCTIVITY,1.0,1,6.6,100.0,Free,0.0,Everyone,Productivity,2018-03-15,41.9,4.1 and up
CI Dictionary,FAMILY,4.6,31,3.2,1000.0,Free,0.0,Everyone,Education,2015-09-01,1.0,4.0.3 and up
C I Patel School,FAMILY,4.1,101,5.1,1000.0,Free,0.0,Everyone,Education,2017-03-10,1.3,4.0 and up
CS-IP,PERSONALIZATION,4.7,19,6.4,1000.0,Free,0.0,Everyone,Personalization,2016-06-30,1.5,4.0.3 and up
PDGCEP,HEALTH_AND_FITNESS,4.4,2599,6.9,100000.0,Free,0.0,Mature 17+,Health & Fitness,2018-01-09,0.0,2.0 and up
CI Capital - Dynamic,FINANCE,4.8,4,5.1,50.0,Free,0.0,Everyone,Finance,2018-05-23,0.0,5.0 and up
Chicken Invaders 3,GAME,4.2,52390,20.0,5000000.0,Free,0.0,Everyone,Arcade,2018-05-04,1.28,2.3.3 and up
Trovami se ci riesci,GAME,5.0,11,6.1,10.0,Free,0.0,Everyone,Arcade,2017-03-11,0.1,2.3 and up
CircleCI Viewer,PRODUCTIVITY,4.6,16,3.2,1000.0,Free,0.0,Everyone,Productivity,2017-08-23,0.0,4.4 and up
SimCity BuildIt,FAMILY,4.5,4218587,100.0,50000000.0,Free,0.0,Everyone 10+,Simulation,2018-06-19,0.0,4.0 and up
NT1C,LIBRARIES_AND_DEMO,5.0,15,1.4,1000.0,Free,0.0,Everyone,Libraries & Demo,2017-04-27,1.0,1.6 and up
TDIC,FAMILY,2.9,21,2.1,5000.0,Free,0.0,Everyone,Education,2015-05-11,1.05,2.3 and up
SPPD,FAMILY,4.4,288835,91.0,5000000.0,Free,0.0,Mature 17+,Strategy,2018-07-19,0.0,4.4 and up
CI On The Go,NEWS_AND_MAGAZINES,3.0,2,14.0,100.0,Free,0.0,Everyone,News & Magazines,2018-07-18,0.0,5.0 and up
CJ SO COOL,FAMILY,4.5,145,14.0,10000.0,Free,0.0,Everyone,Entertainment,2018-07-11,1.0,4.2 and up
CJ Fitness,HEALTH_AND_FITNESS,2.4,221,43.0,10000.0,Free,0.0,Everyone,Health & Fitness,2018-02-14,0.0,4.1 and up
CJ: Strike Back,GAME,4.3,29330,6.9,1000000.0,Free,0.0,Everyone,Action,2012-08-17,0.0,2.0.1 and up
TGWSA,GAME,3.9,29990,96.0,1000000.0,Free,0.0,Teen,Action,2017-12-08,0.0,2.3 and up
CFER,FAMILY,1.9,76,14.0,5000.0,Free,0.0,Everyone,Education,2014-02-13,0.0,3.0 and up
GTASA,GAME,4.4,348962,26.0,1000000.0,Paid,6.99,Mature 17+,Action,2015-03-21,1.08,3.0 and up
CJ Gospel Hour,SOCIAL,5.0,7,18.0,100.0,Free,0.0,Everyone,Social,2018-07-25,1.0,4.4 and up
CT&A,AUTO_AND_VEHICLES,4.0,5,34.0,1000.0,Free,0.0,Everyone,Auto & Vehicles,2018-07-30,2.8,2.3.3 and up
CJ Camcorder,VIDEO_PLAYERS,4.7,3,2.8,500.0,Free,0.0,Everyone,Video Players & Editors,2017-11-26,1.0,4.0 and up
The Grand Way,GAME,3.9,1995,92.0,500000.0,Free,0.0,Teen,Action,2018-07-03,1.9,4.1 and up
CTAAI,PRODUCTIVITY,5.0,5,11.0,100.0,Free,0.0,Everyone,Productivity,2018-05-30,0.0,4.1 and up
CB-F&P,COMMUNICATION,4.2,5,15.0,100.0,Free,0.0,Everyone,Communication,2017-11-07,1.0,4.0 and up
CJ WOW SHOP,SHOPPING,4.2,2099,4.0,100000.0,Free,0.0,Everyone,Shopping,2017-12-23,0.0,4.0.3 and up
GTPE,PHOTOGRAPHY,2.8,1022,3.8,100000.0,Free,0.0,Everyone,Photography,2016-08-24,2.0,2.3 and up
CVHR(S,VIDEO_PLAYERS,4.2,4074,1.3,500000.0,Free,0.0,Everyone,Video Players & Editors,2013-11-13,0.0,2.1 and up
CJ DVD Rentals,COMMUNICATION,1.0,5,13.0,100.0,Free,0.0,Everyone,Communication,2017-10-06,1.0,4.1 and up
SAC:ATCG,GAME,3.9,923,67.0,100000.0,Free,0.0,Teen,Action,2018-07-17,1.4,4.1 and up
MCVT,GAME,4.1,154519,99.0,10000000.0,Free,0.0,Mature 17+,Action,2017-05-09,1.4,2.3 and up
CPOC,GAME,4.1,207,116.0,50000.0,Free,0.0,Everyone,Card,2011-01-30,1.2,1.6 and up
Commission Manager,PRODUCTIVITY,3.2,12,2.2,1000.0,Free,0.0,Everyone,Productivity,2015-03-26,0.0,2.3.3 and up
The CJ Rubric,HEALTH_AND_FITNESS,5.0,5,43.0,100.0,Free,0.0,Everyone,Health & Fitness,2017-12-05,0.0,4.1 and up
CJ's Coffee Cafe,TRAVEL_AND_LOCAL,5.0,6,2.4,500.0,Free,0.0,Everyone,Travel & Local,2017-08-21,0.0,4.0.3 and up
GCAT,GAME,4.3,350,67.0,50000.0,Free,0.0,Everyone,Action,2018-07-27,0.0,4.0.3 and up
CTAT2,GAME,4.1,364,67.0,50000.0,Free,0.0,Everyone 10+,Action,2018-05-23,0.0,4.0.3 and up
CFGSA,FAMILY,3.8,12414,13.0,1000000.0,Free,0.0,Everyone,Entertainment,2017-08-04,0.0,4.1 and up
CWZ,PRODUCTIVITY,4.0,4,8.2,500.0,Free,0.0,Everyone,Productivity,2018-07-11,0.0,4.0.3 and up
SCJNPS,FAMILY,5.0,3,9.2,100.0,Free,0.0,Everyone,Education,2018-07-25,0.0,4.0 and up
GWOSA,GAME,4.1,9898,63.0,1000000.0,Free,0.0,Mature 17+,Action,2018-02-15,0.0,4.0.3 and up
CJ the REALTOR,BUSINESS,5.0,1,4.2,10.0,Free,0.0,Everyone,Business,2017-05-31,0.0,4.0.3 and up
CJmall,SHOPPING,3.7,18253,10.0,10000000.0,Free,0.0,Everyone,Shopping,2018-08-06,0.0,4.1 and up
SCH:CSOV,GAME,4.1,3371,78.0,100000.0,Free,0.0,Teen,Action,2017-09-08,1.1,4.0.3 and up
Courier Journal,NEWS_AND_MAGAZINES,3.5,254,38.0,10000.0,Free,0.0,Everyone 10+,News & Magazines,2018-06-20,0.0,5.0 and up
FANDOM for: GTA,FAMILY,3.9,39038,9.5,5000000.0,Free,0.0,Mature 17+,Entertainment,2018-06-06,0.0,4.4 and up
Zombie Death Shooter,GAME,3.8,17372,45.0,1000000.0,Free,0.0,Mature 17+,Arcade,2015-08-08,1.3,2.3 and up
PGATSB,GAME,3.7,7885,28.0,500000.0,Free,0.0,Mature 17+,Racing,2018-02-09,1.07,4.0 and up
Company Kitchen,LIFESTYLE,2.8,81,7.7,10000.0,Free,0.0,Everyone,Lifestyle,2018-03-06,0.0,2.3.3 and up
CK–US,SHOPPING,4.7,221,9.5,50000.0,Free,0.0,Teen,Shopping,2017-08-01,0.0,4.1 and up
CK FFXIV Companion,FAMILY,4.3,1364,5.2,100000.0,Free,0.0,Everyone,Entertainment,2018-07-12,0.0,2.3 and up
Can Knockdown,FAMILY,4.1,155649,38.0,10000000.0,Free,0.0,Everyone,Casual,2018-07-11,1.38,4.1 and up
Louis CK,FAMILY,4.7,244,25.0,10000.0,Free,0.0,Mature 17+,Entertainment,2017-10-11,0.0,4.1 and up
CPM&S,FAMILY,4.2,562,20.0,50000.0,Free,0.0,Everyone,Education;Education,2017-12-21,0.0,4.1 and up
CK 初一 十五,LIFESTYLE,4.0,294,153.0,10000.0,Free,0.0,Everyone,Lifestyle,2013-07-03,0.0,2.1 and up
CK Eorzea Timepiece,PERSONALIZATION,3.2,8,5.3,100.0,Free,0.0,Everyone,Personalization,2015-06-05,1.1,4.3 and up
F*ck This Game,GAME,4.6,8,6.3,100.0,Paid,0.99,Teen,Action,2015-07-18,0.0,2.3 and up
211:CK,GAME,5.0,8,38.0,10.0,Paid,0.99,Teen,Arcade,2018-04-11,1.3,4.1 and up
CKZ(,GAME,4.4,206602,13.0,5000000.0,Free,0.0,Mature 17+,Action,2013-07-01,0.0,2.1 and up
ck-modelcars Shop,SHOPPING,4.5,118,6.4,5000.0,Free,0.0,Everyone,Shopping,2018-06-15,0.0,5.0 and up
BI,FAMILY,4.0,24,1.9,1000.0,Free,0.0,Mature 17+,Entertainment,2016-09-03,0.0,2.3 and up
ck-modelcars-UK Shop,SHOPPING,4.6,69,6.4,5000.0,Free,0.0,Everyone,Shopping,2018-06-15,0.0,5.0 and up
CM-GA,SHOPPING,4.7,10,2.0,500.0,Free,0.0,Everyone,Shopping,2017-02-03,1.5,3.0 and up
CPS,FAMILY,4.1,30,24.0,5000.0,Free,0.0,Everyone,Education;Education,2018-04-18,0.0,4.1 and up
CKZ ORIGINS,GAME,4.5,219821,10.0,1000000.0,Free,0.0,Mature 17+,Action,2013-10-28,0.0,2.1 and up
211:CK Lite,GAME,4.3,3,39.0,10.0,Free,0.0,Mature 17+,Action,2017-09-22,1.0,4.1 and up
US2CF,FAMILY,5.0,1,40.0,10.0,Paid,19.99,Everyone,Education,2014-05-26,2.47,2.2 and up
CK Employee Portal,BUSINESS,5.0,7,15.0,1000.0,Free,0.0,Everyone,Business,2017-01-05,0.0,4.1 and up
FFML+W,FAMILY,4.2,1415,209.0,100000.0,Free,0.0,Everyone,Entertainment,2010-05-21,3.1,1.5 and up
US2CCL,FAMILY,4.0,28,1.5,5000.0,Free,0.0,Everyone,Education,2014-05-20,2.46,2.2 and up
Tic Tac CK,FAMILY,5.0,3,13.0,10.0,Free,0.0,Everyone,Puzzle,2018-07-03,1.0,4.0.3 and up
CK Pharmacies,HEALTH_AND_FITNESS,2.7,3,9.4,100.0,Free,0.0,Everyone 10+,Health & Fitness,2018-06-28,0.0,4.0.3 and up
INFAMY RO,FAMILY,4.1,2167,3.7,50000.0,Free,0.0,Everyone,Role Playing,2017-12-14,202.0,4.3 and up
CKZ,GAME,4.4,144545,13.0,5000000.0,Free,0.0,Teen,Action,2011-12-01,0.0,2.1 and up
FlexBook,FAMILY,4.3,104,12.0,10000.0,Free,0.0,Everyone,Education;Education,2018-05-21,0.0,4.1 and up
Can Knockdown 3,GAME,4.1,349503,19.0,10000000.0,Free,0.0,Everyone,Arcade,2015-08-26,1.31,4.0 and up
OUSC3Q&A,MEDICAL,4.4,34,4.9,10000.0,Free,0.0,Everyone,Medical,2015-05-16,1.2,2.0 and up
NCBE,PHOTOGRAPHY,3.6,100,2.5,10000.0,Free,0.0,Everyone,Photography,2018-08-05,4.2,4.2 and up
CV2M,PHOTOGRAPHY,4.0,2480,2.5,100000.0,Free,0.0,Everyone,Photography,2018-08-01,4.0,4.1 and up
CMP-CFC,SHOPPING,4.1,1288,18.0,100000.0,Free,0.0,Mature 17+,Shopping,2018-07-09,48.0,4.1 and up
cloudLibrary,BOOKS_AND_REFERENCE,4.0,10774,35.0,100000.0,Free,0.0,Everyone,Books & Reference,2018-06-28,0.0,4.1 and up
CRFCSJR,TOOLS,4.1,61,6.3,1000.0,Free,0.0,Everyone,Tools,2017-09-14,1.9,4.1 and up
CPAFC,SHOPPING,4.0,119,1.3,10000.0,Free,0.0,Everyone,Shopping,2017-07-01,150.0,4.0 and up
CCHOTEU,FAMILY,4.6,4578890,24.0,50000000.0,Free,0.0,Everyone 10+,Strategy,2018-07-17,0.0,4.1 and up
CL REPL,TOOLS,5.0,47,17.0,1000.0,Free,0.0,Everyone,Tools,2018-04-10,0.0,4.1 and up
CPCFC,SHOPPING,3.6,48,2.2,5000.0,Free,0.0,Everyone,Shopping,2016-09-10,4.0,4.0 and up
AFCP-B&SP,LIFESTYLE,4.3,707,5.0,100000.0,Free,0.0,Everyone,Lifestyle,2018-05-09,0.0,4.1 and up
PAFC,SHOPPING,4.1,5618,4.6,500000.0,Free,0.0,Teen,Shopping,2018-05-09,0.0,4.1 and up
CSFCCF,AUTO_AND_VEHICLES,2.6,5,9.0,1000.0,Free,0.0,Everyone,Auto & Vehicles,2018-05-08,0.0,2.3.3 and up
CL Clock,BUSINESS,2.7,7,1.3,1000.0,Free,0.0,Everyone,Business,2016-07-22,1.0,5.0 and up
Old: CL-150,FAMILY,3.8,120,24.0,10000.0,Free,0.0,Everyone,Education,2018-05-21,0.0,4.0.3 and up
CK-MK(A,TOOLS,5.0,24,3.2,5000.0,Free,0.0,Everyone,Tools,2018-06-13,0.0,4.3 and up
COK:TKOFV,FAMILY,4.2,2233681,97.0,50000000.0,Free,0.0,Teen,Strategy,2018-08-01,0.0,2.3.3 and up
CL Notifier,TOOLS,5.0,36,3.2,100.0,Free,0.0,Teen,Tools,2017-08-02,1.0,4.0 and up
Leica CL,PHOTOGRAPHY,2.6,8,2.4,1000.0,Free,0.0,Everyone,Photography,2017-11-21,1.0,4.1 and up
CMBSRDJ,SHOPPING,4.4,385764,8.4,10000000.0,Free,0.0,Mature 17+,Shopping,2018-08-05,3.82,4.1 and up
P(SA,SHOPPING,4.3,151095,12.0,5000000.0,Free,0.0,Mature 17+,Shopping,2018-07-01,0.0,4.1 and up
CL-Phlebotomist,MEDICAL,4.7,19,7.3,100.0,Free,0.0,Everyone,Medical,2018-06-16,0.0,4.1 and up
New: CL-150,FAMILY,2.8,4,4.2,500.0,Free,0.0,Everyone,Education,2018-07-25,0.0,5.0 and up
BOZCW,FAMILY,4.1,488039,58.0,10000000.0,Free,0.0,Teen,Strategy,2017-11-15,0.0,2.3.3 and up
CL Pebble Apps,LIFESTYLE,3.6,67,499.0,5000.0,Free,0.0,Everyone,Lifestyle,2015-12-23,3.5,4.0 and up
CL e-bank,FINANCE,4.0,210,3.7,10000.0,Free,0.0,Everyone,Finance,2018-07-30,0.0,4.2 and up
Color CL,LIFESTYLE,5.0,2,1.3,100.0,Free,0.0,Everyone,Lifestyle,2017-02-02,1.01,4.0.3 and up
CL Strength,HEALTH_AND_FITNESS,5.0,3,40.0,50.0,Free,0.0,Everyone,Health & Fitness,2018-06-27,0.0,4.1 and up
CL-App,MEDICAL,4.7,6,5.2,100.0,Free,0.0,Everyone,Medical,2017-02-17,1.1,4.0 and up
CL3-TWE,PERSONALIZATION,4.6,6700847,17.0,100000000.0,Free,0.0,Teen,Personalization,2018-08-03,0.0,4.0.3 and up
CM Launcher 3D Pro💎,PERSONALIZATION,4.7,23802,173.0,100000.0,Paid,4.99,Everyone,Personalization,2016-11-17,0.0,4.0 and up
CML-FLP,TOOLS,4.6,2246379,5.1,50000000.0,Free,0.0,Everyone,Tools,2018-06-28,0.0,4.0 and up
CSOV-FFUP,TOOLS,4.6,85496,5.8,1000000.0,Free,0.0,Everyone,Tools,2018-02-14,0.0,4.0.3 and up
CSL-A,TOOLS,4.6,262076,1.2,10000000.0,Free,0.0,Everyone,Tools,2018-01-04,0.0,2.3 and up
CT-SAFWFN,COMMUNICATION,4.6,71740,5.8,5000000.0,Free,0.0,Everyone,Communication,2018-06-27,0.0,4.0 and up
CF(S,TOOLS,4.4,166363,1.8,5000000.0,Free,0.0,Everyone,Tools,2018-05-25,0.0,2.3 and up
CM Apps,TOOLS,3.8,3341,1.9,100000.0,Free,0.0,Everyone,Tools,2016-04-17,4.5,4.2 and up
CM AppLock,TOOLS,4.1,843,3.6,100000.0,Free,0.0,Everyone,Tools,2016-02-25,0.0,4.0 and up
"Ruler(cm, inch)",TOOLS,3.4,2889,2.5,500000.0,Free,0.0,Everyone,Tools,2016-07-27,0.0,2.3 and up
A-FU,TOOLS,4.5,112482,2.1,5000000.0,Free,0.0,Everyone,Tools,2018-07-10,0.0,4.0 and up
CLDT,PERSONALIZATION,4.5,3989,1.1,100000.0,Free,0.0,Everyone,Personalization,2015-09-11,0.0,4.0 and up
BDLS&BC,TOOLS,4.5,8190074,17.0,100000000.0,Free,0.0,Everyone,Tools,2018-06-01,6.24,4.0 and up
IC,PRODUCTIVITY,4.0,319,2.1,100000.0,Free,0.0,Everyone,Productivity,2017-08-20,0.0,2.3.3 and up
SB-RB&GSB,TOOLS,4.7,85079,2.8,1000000.0,Free,0.0,Everyone,Tools,2018-07-17,0.0,2.3 and up
TCLT,PERSONALIZATION,4.4,10093,5.5,1000000.0,Free,0.0,Everyone,Personalization,2016-02-26,0.0,4.0 and up
SDC/CT,PERSONALIZATION,4.7,1500,41.0,10000.0,Paid,1.99,Everyone,Personalization,2017-01-05,0.0,5.0 and up
MN-MCT,PERSONALIZATION,4.7,1873,14.0,100000.0,Free,0.0,Everyone,Personalization,2016-11-07,0.0,Varies with device
HCFC,TOOLS,4.2,498,597.0,100000.0,Free,0.0,Everyone,Tools,2013-10-22,1.0,2.2 and up
CSB(,TOOLS,4.2,1147,2.7,100000.0,Free,0.0,Everyone,Tools,2017-10-02,0.0,4.0 and up
📏SR↔CMFH,TOOLS,4.0,19,3.2,10000.0,Free,0.0,Everyone,Tools,2017-10-21,1.0,4.2 and up
Ruler cm,TOOLS,3.6,661,809.0,100000.0,Free,0.0,Everyone,Tools,2014-09-10,2.1,2.2 and up
LCCMF,TOOLS,4.7,76,2.2,50000.0,Free,0.0,Everyone,Tools,2018-04-05,1.4,4.0.3 and up
CAF2,TOOLS,4.4,1264,8.2,100000.0,Free,0.0,Everyone,Tools,2018-08-06,0.0,4.3 and up
MCMTYFICT,TOOLS,4.3,246,2.8,100000.0,Free,0.0,Everyone,Tools,2018-02-06,1.1,4.0 and up
SCCLT,PERSONALIZATION,4.4,7519,4.0,500000.0,Free,0.0,Everyone,Personalization,2016-01-26,0.0,4.0 and up
Calculator CM,TOOLS,4.4,8,1.8,500.0,Free,0.0,Everyone,Tools,2015-03-09,1.0,2.3 and up
ITCC,TOOLS,4.4,29,70.0,10000.0,Free,0.0,Everyone,Tools,2015-01-14,1.4,4.0 and up
VFCLT,PERSONALIZATION,4.3,2910,2.3,500000.0,Free,0.0,Everyone,Personalization,2016-01-24,0.0,4.0 and up
Centimeter Ruler,TOOLS,3.3,16,1.3,10000.0,Free,0.0,Everyone,Tools,2016-11-05,2.0,4.0 and up
CSPA,TOOLS,3.6,373,122.0,10000.0,Free,0.0,Everyone,Tools,2017-02-24,0.0,4.1 and up
Ruler,TOOLS,4.5,27180,4.1,1000000.0,Free,0.0,Everyone,Tools,2018-07-06,3.24,4.1 and up
My Style CM 13 Theme,PERSONALIZATION,4.5,314,11.0,10000.0,Free,0.0,Everyone,Personalization,2016-09-08,1.9,5.0 - 6.0
Q-PGWGDS,PHOTOGRAPHY,4.6,847144,4.2,10000000.0,Free,0.0,Everyone,Photography,2017-11-10,0.0,4.0 and up
R&AM(I,TOOLS,4.3,10,8.2,10000.0,Free,0.0,Everyone,Tools,2017-07-28,1.2,4.1 and up
ITC,TOOLS,3.6,949,411.0,100000.0,Free,0.0,Everyone,Tools,2018-04-13,3.0,1.6 and up
CMTIFCT,PRODUCTIVITY,4.3,176,2.3,100000.0,Free,0.0,Everyone,Productivity,2016-09-27,1.1,2.3.3 and up
CLCLT,PERSONALIZATION,4.4,6271,5.7,500000.0,Free,0.0,Everyone,Personalization,2016-02-24,0.0,4.0 and up
CM FILE MANAGER Pro,BUSINESS,4.2,2359,2.7,10000.0,Paid,2.99,Everyone,Business,2016-02-16,0.0,1.6 and up
CTI|CTIC,TOOLS,4.8,52,1.9,5000.0,Free,0.0,Everyone,Tools,2018-05-07,0.0,4.0 and up
OBUT-C1,PERSONALIZATION,4.2,12,19.0,100.0,Paid,0.99,Everyone,Personalization,2015-08-20,1.0,5.0 and up
CN Summer Challenge,FAMILY,3.7,985,49.0,100000.0,Free,0.0,Everyone,Entertainment;Brain Games,2018-05-24,1.1,4.4 and up
TTGF,FAMILY,4.5,1985,28.0,10000.0,Paid,3.99,Everyone 10+,Action;Action & Adventure,2018-07-18,0.0,5.1 and up
CSSG,FAMILY,4.1,3863,41.0,100000.0,Paid,2.99,Everyone,Sports;Action & Adventure,2018-05-24,0.0,4.1 and up
TT-TTG,FAMILY,4.6,20463,25.0,100000.0,Paid,3.99,Everyone 10+,Strategy;Action & Adventure,2018-07-18,0.0,4.1 and up
CS-CN,FAMILY,4.5,85,25.0,10000.0,Free,0.0,Everyone,Entertainment,2018-03-27,1.22,4.4 and up
CNML,FAMILY,4.7,21979,38.0,1000000.0,Free,0.0,Everyone,Puzzle,2018-07-09,0.0,5.1 and up
Card Wars Kingdom,FAMILY,4.3,920571,28.0,10000000.0,Free,0.0,Everyone 10+,Card;Action & Adventure,2017-01-17,0.0,4.0.3 and up
WR-G,FAMILY,4.3,2263,55.0,100000.0,Free,0.0,Everyone,Puzzle;Action & Adventure,2017-09-21,14.15,4.3 and up
SSB-G,FAMILY,4.6,5395,58.0,500000.0,Free,0.0,Everyone,Arcade;Action & Adventure,2018-05-24,0.0,4.0.3 and up
B-C,FAMILY,4.1,30444,27.0,1000000.0,Free,0.0,Everyone 10+,Arcade;Action & Adventure,2015-10-26,0.0,4.3 and up
FFA–WBB,FAMILY,4.2,256916,25.0,10000000.0,Free,0.0,Everyone,Arcade;Action & Adventure,2015-10-08,0.0,4.0 and up
SS-G,GAME,4.3,37513,31.0,5000000.0,Free,0.0,Everyone,Arcade,2015-12-07,4.0,2.3 and up
JARA,GAME,4.2,40847,94.0,1000000.0,Free,0.0,Everyone,Action,2016-01-08,0.0,2.3.3 and up
Soundtrack Attack,FAMILY,4.3,96045,25.0,5000000.0,Free,0.0,Everyone,Action;Action & Adventure,2016-07-26,0.0,4.1 and up
[adult swim],FAMILY,3.6,21433,21.0,1000000.0,Free,0.0,Mature 17+,Entertainment,2018-05-29,0.0,5.0 and up
B1AE,FAMILY,4.2,82005,45.0,10000000.0,Free,0.0,Everyone 10+,Action;Action & Adventure,2017-10-24,0.0,4.4 and up
M–MM,FAMILY,4.2,120035,45.0,5000000.0,Free,0.0,Everyone,Entertainment;Action & Adventure,2018-01-04,0.0,4.1 and up
DA-SU,GAME,4.0,6386,24.0,500000.0,Free,0.0,Everyone,Arcade,2017-11-19,0.99,5.1 and up
SYQ-M,FAMILY,4.6,43314,83.0,1000000.0,Free,0.0,Everyone 10+,Role Playing;Action & Adventure,2017-06-20,0.0,4.1 and up
Adventure Time Run,GAME,4.3,24628,88.0,1000000.0,Free,0.0,Everyone,Action,2018-07-26,0.0,4.4 and up
GFPG,GAME,4.4,39698,51.0,5000000.0,Free,0.0,Everyone,Arcade,2016-12-01,0.0,4.1 and up
SS-WBB,GAME,4.5,121533,63.0,10000000.0,Free,0.0,Everyone,Arcade,2016-03-24,0.0,2.3.3 and up
BB–WBB,FAMILY,4.3,10776,21.0,1000000.0,Free,0.0,Everyone,Arcade;Action & Adventure,2017-10-26,3.4,4.1 and up
LEGO® TV,FAMILY,3.7,17250,7.2,1000000.0,Free,0.0,Everyone 10+,Entertainment;Music & Video,2018-08-04,0.0,5.0 and up
Boomerang,FAMILY,4.2,13519,51.0,1000000.0,Free,0.0,Everyone,Entertainment;Music & Video,2018-07-27,2.18,5.0 and up
WBBMR,FAMILY,4.7,39153,98.0,1000000.0,Free,0.0,Everyone,Puzzle,2018-07-25,0.0,4.1 and up
CAC-AT,FAMILY,4.6,51973,27.0,1000000.0,Free,0.0,Everyone,Role Playing,2018-08-02,0.0,4.4 and up
SSAT,FAMILY,4.5,48754,9.3,100000.0,Paid,0.99,Everyone,Arcade;Action & Adventure,2014-10-07,0.0,2.3 and up
BSCS,FAMILY,4.1,7046,87.0,500000.0,Free,0.0,Everyone 10+,Puzzle,2017-10-12,0.0,4.0.3 and up
WUS-P,FAMILY,4.5,773,55.0,100000.0,Free,0.0,Everyone,Arcade;Action & Adventure,2017-08-22,0.0,5.1 and up
Rockstars of Ooo,FAMILY,3.4,642,26.0,10000.0,Paid,1.99,Everyone 10+,Arcade;Action & Adventure,2015-08-11,0.0,2.3.3 and up
AR-CD,GAME,3.9,108336,62.0,1000000.0,Free,0.0,Everyone,Adventure,2016-06-27,0.0,4.4 and up
FO-PG,FAMILY,4.4,412,22.0,10000.0,Paid,2.99,Everyone 10+,Action;Action & Adventure,2016-06-30,0.0,4.0 and up
ATGW,GAME,4.1,4107,40.0,50000.0,Paid,4.99,Everyone,Adventure,2015-07-16,0.0,4.1 and up
BPITU,GAME,4.3,3904,5.5,10000.0,Paid,2.99,Everyone 10+,Action,2014-09-10,0.0,4.0 and up
FCAS,FAMILY,3.9,1213,18.0,10000.0,Paid,2.99,Everyone,Racing;Action & Adventure,2015-06-25,0.0,2.3.3 and up
MME,GAME,4.0,14563,74.0,1000000.0,Free,0.0,Everyone 10+,Adventure,2017-12-22,0.0,4.1 and up
CN Resident,FAMILY,5.0,1,64.0,100.0,Free,0.0,Everyone,Entertainment,2017-05-22,40.1,4.1 and up
LLD,FAMILY,4.2,17786,16.0,1000000.0,Free,0.0,Everyone,Casual,2018-05-14,0.0,4.0 and up
Foods Co,SHOPPING,4.3,199,25.0,10000.0,Free,0.0,Everyone,Shopping,2018-08-02,0.0,5.0 and up
AND CO,FINANCE,4.5,175,12.0,10000.0,Free,0.0,Everyone,Finance,2018-08-03,0.0,5.0 and up
Tetrobot and Co.,FAMILY,4.5,709,18.0,5000.0,Paid,2.99,Everyone,Puzzle,2015-04-20,0.0,2.3 and up
D&CAPA,FAMILY,4.5,81001,85.0,1000000.0,Free,0.0,Everyone,Puzzle,2018-04-27,0.0,4.1 and up
A-T#FCA,PARENTING,3.5,159,85.0,10000.0,Free,0.0,Everyone,Parenting,2018-07-31,0.0,4.4 and up
Co-op CRS,LIFESTYLE,3.6,581,26.0,100000.0,Free,0.0,Everyone,Lifestyle,2018-03-04,0.0,4.4 and up
Co Checker,TOOLS,1.9,12,2.0,1000.0,Free,0.0,Everyone,Tools,2017-10-20,0.0,4.3 and up
V-VAC,LIFESTYLE,4.3,87,3.9,10000.0,Free,0.0,Everyone,Lifestyle,2018-03-16,1.2,4.1 and up
Feeder.co,NEWS_AND_MAGAZINES,3.2,77,11.0,5000.0,Free,0.0,Everyone,News & Magazines,2018-03-12,0.0,4.2 and up
Co-op Connections,SHOPPING,1.6,8,18.0,1000.0,Free,0.0,Everyone,Shopping,2018-05-03,1.5,4.1 and up
mail.co.uk Mail,COMMUNICATION,4.2,21,8.7,5000.0,Free,0.0,Everyone,Communication,2018-07-24,0.0,4.0.3 and up
ACP,LIFESTYLE,4.9,206,3.9,1000.0,Free,0.0,Everyone,Lifestyle,2017-06-20,0.0,4.2 and up
MC-CI,BUSINESS,4.4,373,4.0,10000.0,Free,0.0,Everyone,Business,2018-02-16,0.0,2.0 and up
Co-op Taxi,MAPS_AND_NAVIGATION,3.4,168,53.0,10000.0,Free,0.0,Everyone,Maps & Navigation,2018-05-01,0.0,5.0 and up
TBCBGPW2F,GAME,4.7,8038,52.0,100000.0,Free,0.0,Teen,Board,2018-07-12,0.0,4.1 and up
REI Co-op Mastercard,FINANCE,2.9,320,23.0,10000.0,Free,0.0,Everyone,Finance,2018-06-14,0.0,4.4 and up
WIW,BUSINESS,4.3,327,13.0,10000.0,Free,0.0,Everyone,Business,2018-06-25,1.48,4.1 and up
CCUOTG,FINANCE,4.4,5,30.0,1000.0,Free,0.0,Everyone,Finance,2018-04-25,0.0,5.0 and up
HFL,SOCIAL,4.3,420,18.0,50000.0,Free,0.0,Everyone,Social,2016-12-19,1.1,4.0.3 and up
CC(XF),GAME,4.6,963,4.1,50000.0,Free,0.0,Everyone,Board,2017-04-18,0.0,2.3 and up
Krypton by krypt.co,PRODUCTIVITY,4.6,38,13.0,1000.0,Free,0.0,Everyone,Productivity,2018-07-17,0.0,6.0 and up
CC/CT,GAME,4.2,6947,20.0,500000.0,Free,0.0,Everyone,Board,2017-10-25,0.0,2.3 and up
F-CS,PRODUCTIVITY,3.5,16,21.0,1000.0,Free,0.0,Everyone,Productivity,2018-07-20,0.0,5.0 and up
Sprig by CO-OP,FINANCE,2.9,252,18.0,10000.0,Free,0.0,Everyone,Finance,2017-10-11,0.0,4.1 and up
GCMT,BUSINESS,4.4,26572,41.0,1000000.0,Free,0.0,Everyone,Business,2018-07-24,0.0,4.1 and up
CBATC,FINANCE,4.7,65,12.0,5000.0,Free,0.0,Everyone,Finance,2018-06-12,0.0,5.0 and up
SCMB,FINANCE,4.5,159,14.0,1000.0,Free,0.0,Everyone,Finance,2017-09-12,0.0,4.0.3 and up
Holl & Co Barbers,LIFESTYLE,4.7,12,6.0,500.0,Free,0.0,Everyone,Lifestyle,2018-02-26,0.0,4.0 and up
COMZ2,GAME,4.4,248417,17.0,5000000.0,Free,0.0,Teen,Arcade,2015-02-10,0.0,2.3.3 and up
GCB,FINANCE,4.4,137,400.0,10000.0,Free,0.0,Everyone,Finance,2013-06-26,0.0,1.6 and up
DL-PAMRCG,FAMILY,4.4,102215,42.0,1000000.0,Free,0.0,Teen,Role Playing,2018-06-25,3.1,4.0.3 and up
PTCCD,FAMILY,4.5,41,11.0,1000.0,Free,0.0,Everyone,Education,2017-06-15,0.0,4.1 and up
CC3O(象CT,GAME,3.5,23,37.0,1000.0,Paid,0.99,Everyone,Board,2017-12-27,0.0,4.1 and up
2CZS,GAME,4.2,33,13.0,1000.0,Free,0.0,Teen,Action,2018-07-01,0.0,2.3 and up
CAC-CIE,TRAVEL_AND_LOCAL,3.7,19,6.5,1000.0,Free,0.0,Everyone,Travel & Local,2018-04-17,0.0,4.1 and up
R|FT|AT|K|C,TOOLS,4.4,15911,16.0,1000000.0,Free,0.0,Everyone,Tools,2018-06-30,0.0,4.1 and up
Comboios de Portugal,MAPS_AND_NAVIGATION,3.4,1147,19.0,100000.0,Free,0.0,Everyone,Maps & Navigation,2018-05-28,0.0,4.0.3 and up
CP Dialer,SOCIAL,4.3,64,3.3,50000.0,Free,0.0,Teen,Social,2018-03-22,0.0,4.1 and up
CP Federal Mobile,FINANCE,3.6,180,35.0,10000.0,Free,0.0,Everyone,Finance,2017-10-06,0.0,4.2 and up
Cestovné poriadky CP,MAPS_AND_NAVIGATION,4.6,2681,6.3,100000.0,Free,0.0,Everyone,Maps & Navigation,2017-09-25,0.0,4.0.3 and up
CP Channel,FAMILY,4.6,7,12.0,500.0,Free,0.0,Everyone 10+,Education,2018-03-21,0.0,4.1 and up
CP Clicker,LIFESTYLE,4.2,251,5.0,10000.0,Free,0.0,Everyone,Lifestyle,2018-03-22,0.0,4.1 and up
EC&ICFP,FAMILY,4.3,9465,43.0,500000.0,Free,0.0,Everyone,Entertainment,2018-07-08,0.0,4.4 and up
CP Creepypasta,FAMILY,3.8,128,2.9,10000.0,Free,0.0,Teen,Entertainment,2016-07-11,0.0,4.0.3 and up
Hercules CP Mobile,TOOLS,1.4,20,4.1,1000.0,Free,0.0,Everyone,Tools,2018-07-06,0.0,4.3 and up
Cerebral Palsy,MEDICAL,4.4,38,8.5,1000.0,Free,0.0,Everyone,Medical,2014-07-30,2.0,3.0 and up
CP RACING 2 FREE,FAMILY,4.0,4607,19.0,100000.0,Free,0.0,Everyone,Simulation,2018-03-12,3.0,4.0 and up
CP ToolBox,BUSINESS,4.6,70,14.0,1000.0,Free,0.0,Everyone,Business,2015-02-11,0.0,2.3.3 and up
TPAC,MEDICAL,3.9,22,801.0,5000.0,Free,0.0,Everyone,Medical,2017-03-06,1.14,3.0 and up
CH-PE,LIFESTYLE,3.8,85,5.6,5000.0,Free,0.0,Teen,Lifestyle,2015-03-06,0.0,4.0.3 and up
PG-SIC,TOOLS,4.7,92958,36.0,1000000.0,Free,0.0,Everyone,Tools,2018-07-27,0.0,5.0 and up
ICCCT,TOOLS,4.2,242,3.2,10000.0,Free,0.0,Everyone,Tools,2016-10-06,1.3,4.2 and up
CP Plus Showcase,BUSINESS,4.3,236,7.0,50000.0,Free,0.0,Everyone,Business,2018-03-09,0.0,4.0 and up
CP Calculator,FAMILY,4.1,187,2.9,10000.0,Free,0.0,Everyone,Entertainment,2016-09-13,3.21,4.1 and up
IMC,FAMILY,4.3,1018,35.0,100000.0,Free,0.0,Everyone,Education;Education,2017-06-28,0.0,4.0.3 and up
gCMOB,TOOLS,4.2,7935,21.0,1000000.0,Free,0.0,Everyone,Tools,2018-01-08,0.0,3.0 and up
Evolution CP,FAMILY,3.6,13,4.7,500.0,Free,0.0,Everyone,Entertainment,2016-09-04,0.0,4.0.3 and up
IGIFP,GAME,4.6,132282,20.0,1000000.0,Free,0.0,Everyone,Adventure,2018-07-31,15.0,4.1 and up
DCCG,TOOLS,4.3,34,12.0,1000.0,Free,0.0,Everyone,Tools,2018-02-25,1.9,4.0.3 and up
Foothills CP,FAMILY,5.0,4,7.8,100.0,Free,0.0,Teen,Education,2018-06-25,0.0,4.1 and up
CP Installer App,BUSINESS,5.0,4,24.0,100.0,Free,0.0,Everyone,Business,2018-07-24,0.0,4.1 and up
CP Trivia,GAME,5.0,5,12.0,100.0,Free,0.0,Everyone,Trivia,2018-08-06,0.99,5.0 and up
CP Surprise,LIFESTYLE,3.8,2548,4.9,100000.0,Free,0.0,Everyone,Lifestyle,2018-01-30,0.0,4.1 and up
ECCFP,TOOLS,3.9,116,3.3,10000.0,Free,0.0,Everyone,Tools,2016-12-18,2.6,4.4 and up
CCATFG,COMMUNICATION,4.8,34443,27.0,1000000.0,Free,0.0,Teen,Communication,2018-06-28,0.0,5.0 and up
CC-PGC,FAMILY,4.1,7,22.0,500.0,Free,0.0,Everyone,Entertainment,2016-09-17,1.1,4.2 and up
CP,TOOLS,4.0,1,1.2,100.0,Free,0.0,Everyone,Tools,2018-06-20,5.0,3.0 and up
CCFE,FAMILY,4.8,124,2.5,500.0,Free,0.0,Everyone,Entertainment,2016-08-23,1.2,4.2 and up
Calcy IV,TOOLS,4.8,36557,14.0,1000000.0,Free,0.0,Everyone,Tools,2018-08-03,2.51,5.0 and up
CBED,FAMILY,4.4,8,6.8,500.0,Free,0.0,Everyone,Education,2017-11-10,3.0,4.0 and up
CECP,FAMILY,4.1,78,787.0,10000.0,Free,0.0,Everyone,Educational,2017-02-26,1.3,4.1 and up
Crusaders Quest,FAMILY,4.4,475020,69.0,5000000.0,Free,0.0,Everyone 10+,Role Playing,2018-07-26,0.0,4.1 and up
CQ Hotels,TRAVEL_AND_LOCAL,4.3,15,14.0,10000.0,Free,0.0,Everyone,Travel & Local,2018-07-06,0.0,4.4 and up
CQ,NEWS_AND_MAGAZINES,3.7,7,3.4,1000.0,Free,0.0,Everyone 10+,News & Magazines,2018-05-18,0.0,4.0.3 and up
Curio Quest,FAMILY,4.3,59152,50.0,1000000.0,Free,0.0,Everyone 10+,Role Playing,2018-03-29,0.0,4.0.3 and up
Sabbath School 4,FAMILY,4.3,2871,18.0,100000.0,Free,0.0,Everyone,Education,2015-05-08,1.6,2.3.3 and up
CQ Mobile,FINANCE,2.7,36,18.0,1000.0,Free,0.0,Everyone,Finance,2018-07-10,0.0,Varies with device
Cardinal Quest 2,FAMILY,4.4,19207,36.0,100000.0,Free,0.0,Everyone,Role Playing,2016-09-19,1.19,2.3 and up
SCQ,BOOKS_AND_REFERENCE,4.5,8,5.1,500.0,Free,0.0,Everyone,Books & Reference,2018-07-13,1.2,4.4 and up
CLIT,GAME,4.2,4,61.0,10.0,Free,0.0,Everyone,Action,2018-05-13,1.1,4.4 and up
Roll Call News,NEWS_AND_MAGAZINES,3.7,24,10.0,5000.0,Free,0.0,Everyone,News & Magazines,2015-12-24,1.1,4.1 and up
CQ ESPM,BUSINESS,5.0,2,3.4,5.0,Free,0.0,Everyone,Business,2017-06-03,0.0,4.1 and up
QRZ Assistant,COMMUNICATION,4.2,1044,3.5,100000.0,Free,0.0,Everyone,Communication,2018-05-30,2.0,4.4 and up
Palavras la cq,GAME,3.9,783,3.4,100000.0,Free,0.0,Everyone,Trivia,2014-10-18,1.0,2.3.3 and up
Pocket Prefix Plus,COMMUNICATION,4.5,192,15.0,10000.0,Free,0.0,Everyone,Communication,2018-02-12,0.0,3.0 and up
1WAHRCMCT,COMMUNICATION,3.5,10,3.8,100.0,Paid,1.49,Everyone,Communication,2018-05-12,0.0,2.1 and up
Sabbath School,BOOKS_AND_REFERENCE,4.7,28237,10.0,100000.0,Free,0.0,Everyone,Books & Reference,2018-04-22,0.0,4.0.3 and up
GMC3,GAME,4.2,3247,26.0,500000.0,Free,0.0,Teen,Action,2017-07-25,1.05,2.3 and up
ClanManagerTT2,FAMILY,4.7,55,3.3,1000.0,Free,0.0,Everyone,Casual,2018-07-24,0.0,4.4 and up
CQP,FAMILY,4.6,222,15.0,10000.0,Free,0.0,Everyone,Education,2018-03-28,2.8,4.0.3 and up
SKS,GAME,4.0,119368,19.0,10000000.0,Free,0.0,Teen,Action,2017-02-21,0.0,2.3 and up
SRFFG,GAME,3.8,4552,43.0,100000.0,Free,0.0,Everyone,Racing,2016-10-26,0.0,2.3.3 and up
theCut,LIFESTYLE,4.7,499,6.9,50000.0,Free,0.0,Everyone,Lifestyle,2018-05-10,0.0,4.1 and up
الفاتحون Conquerors,FAMILY,4.5,108130,40.0,5000000.0,Free,0.0,Teen,Strategy,2018-08-03,0.0,4.0 and up
RIDE ZERO,GAME,4.6,8778,36.0,100000.0,Free,0.0,Teen,Music,2018-01-02,0.0,4.3 and up
CricQuick,SPORTS,5.0,17,1.5,50.0,Free,0.0,Everyone,Sports,2017-12-08,1.0,4.0.3 and up
NIDV,FAMILY,3.9,29,37.0,1000.0,Free,0.0,Everyone 10+,Casual,2018-05-04,1.0,5.0 and up
iReadMe,PRODUCTIVITY,5.0,8,22.0,100.0,Free,0.0,Everyone,Productivity,2018-03-06,1.5,4.4 and up
WWMA,TOOLS,2.3,395,2.6,100000.0,Free,0.0,Everyone,Tools,2018-08-05,4.2,4.1 and up
TIATA,MAPS_AND_NAVIGATION,3.6,695,2.9,100000.0,Free,0.0,Everyone,Maps & Navigation,2018-01-28,5.3,4.0 and up
Color Quartets,FAMILY,4.0,42,12.0,1000.0,Free,0.0,Everyone,Casual,2016-11-15,1.46,4.0 and up
Ham Radio Prefixes,COMMUNICATION,3.7,218,3.7,10000.0,Free,0.0,Everyone,Communication,2014-07-12,1.12,2.3 and up
BRPFC,TOOLS,4.2,7063,17.0,1000000.0,Free,0.0,Everyone,Tools,2017-02-04,0.0,4.1 and up
Deck Advisor for CR,TOOLS,4.1,37975,23.0,5000000.0,Free,0.0,Everyone,Tools,2017-02-02,0.0,4.1 and up
Card Creator for CR,TOOLS,4.4,117850,17.0,10000000.0,Free,0.0,Everyone,Tools,2018-05-19,0.0,4.1 and up
C&CPS-CBP,FAMILY,4.6,167974,5.0,500000.0,Free,0.0,Everyone,Entertainment,2018-07-27,0.0,4.0.3 and up
Deck Analyzer for CR,TOOLS,4.2,2630,18.0,100000.0,Free,0.0,Everyone,Tools,2017-02-02,0.0,4.1 and up
CSFCR,FAMILY,4.4,4756,33.0,100000.0,Free,0.0,Everyone,Simulation,2018-07-19,0.0,4.1 and up
CSFC&C,FAMILY,4.3,13,26.0,500.0,Free,0.0,Everyone,Entertainment,2018-01-03,1.1,4.0.3 and up
QFCR,FAMILY,4.0,3788,32.0,100000.0,Free,0.0,Everyone,Entertainment,2018-07-18,0.0,4.1 and up
CR Blue Icon Pack,PERSONALIZATION,4.5,323,38.0,10000.0,Free,0.0,Everyone,Personalization,2014-12-04,1.03,2.3.3 and up
CCFC,FAMILY,3.9,14754,21.0,1000000.0,Free,0.0,Everyone 10+,Entertainment,2018-07-22,0.0,4.1 and up
UCFC,PRODUCTIVITY,3.7,7389,41.0,500000.0,Free,0.0,Everyone,Productivity,2017-03-15,0.0,4.0 and up
DCP,TOOLS,4.6,82,1.7,500.0,Paid,0.99,Everyone,Tools,2017-08-14,3.3,3.0 and up
SCCFCR,FAMILY,3.8,16,9.9,100.0,Free,0.0,Everyone,Entertainment,2018-07-25,0.0,4.1 and up
UCRT,FAMILY,4.7,92010,5.9,1000000.0,Free,0.0,Everyone,Strategy,2018-07-04,0.0,4.2 and up
DSFC,TOOLS,3.4,202,12.0,10000.0,Free,0.0,Everyone,Tools,2017-06-16,1.0,4.0.3 and up
SRFCR,BOOKS_AND_REFERENCE,4.5,68226,16.0,1000000.0,Free,0.0,Everyone,Books & Reference,2018-08-06,0.0,4.2 and up
CDCFC,TOOLS,4.1,3446,19.0,500000.0,Free,0.0,Everyone,Tools,2017-02-04,0.0,4.1 and up
CR Calculator,TOOLS,4.3,297,2.8,50000.0,Free,0.0,Everyone,Tools,2018-01-27,2.2,4.0 and up
SPDCYC-LR,FAMILY,4.6,3106,3.6,10000.0,Free,0.0,Everyone,Entertainment,2018-05-17,7.0,4.0.3 and up
HFCR(,FAMILY,4.3,6078,37.0,500000.0,Free,0.0,Everyone,Entertainment,2017-11-10,0.0,4.1 and up
CFMCYG,FAMILY,4.3,219,4.3,5000.0,Free,0.0,Everyone,Entertainment,2017-12-21,0.0,2.3 and up
DCL,TOOLS,4.0,182,1.7,10000.0,Free,0.0,Everyone,Tools,2017-08-14,3.3,3.0 and up
CR Best Decks,FAMILY,3.5,34,30.0,1000.0,Free,0.0,Everyone,Strategy,2017-07-05,1.03,4.0.3 and up
CR Family,FAMILY,2.3,10,5.2,1000.0,Free,0.0,Everyone,Education,2017-02-08,0.0,4.1 and up
JavaScript Editor CR,TOOLS,3.9,114,18.0,5000.0,Free,0.0,Everyone,Tools,2018-03-16,0.0,4.0 and up
JFHCDB,SPORTS,4.1,7,3.4,100.0,Paid,3.49,Everyone,Sports,2016-04-13,2.2,3.0 and up
CR-Red,PERSONALIZATION,4.5,561,41.0,10000.0,Free,0.0,Everyone,Personalization,2014-12-04,1.05,2.3.3 and up
DSFCR,FAMILY,4.6,2167,13.0,100000.0,Free,0.0,Everyone,Entertainment,2018-08-06,0.0,4.4 and up
Royale Tournaments,FAMILY,4.4,2420,6.7,50000.0,Free,0.0,Teen,Entertainment,2018-07-28,0.0,4.1 and up
DB&AFC,FAMILY,3.1,52,9.8,5000.0,Free,0.0,Everyone,Entertainment,2017-05-04,1.0,4.0.3 and up
CTFCR,TOOLS,4.3,77717,14.0,5000000.0,Free,0.0,Everyone,Tools,2016-12-29,0.0,4.1 and up
JCFC,MAPS_AND_NAVIGATION,3.3,3,26.0,100.0,Paid,9.99,Everyone,Maps & Navigation,2016-10-05,0.0,4.4 and up
Cr Aviation Academy,FAMILY,5.0,7,22.0,100.0,Free,0.0,Everyone,Education,2017-08-09,1.0,4.1 and up
CR-V Service Manual,AUTO_AND_VEHICLES,4.2,12,88.0,500.0,Free,0.0,Everyone,Auto & Vehicles,2018-02-19,1.2,4.1 and up
Java Editor CR,TOOLS,3.8,434,18.0,50000.0,Free,0.0,Everyone,Tools,2018-03-16,0.0,4.0 and up
XML Editor CR,TOOLS,3.3,47,18.0,5000.0,Free,0.0,Everyone,Tools,2018-03-16,0.0,4.0 and up
CTFC,TOOLS,5.0,6,4.5,50.0,Free,0.0,Everyone,Tools,2018-06-05,0.0,4.1 and up
CR Magazine,BUSINESS,1.0,1,7.8,100.0,Free,0.0,Everyone,Business,2014-07-23,0.0,2.3.3 and up
UCT,PRODUCTIVITY,4.5,40328,23.0,1000000.0,Free,0.0,Everyone,Productivity,2016-10-17,1.9,2.3 and up
CamScanner (License),PRODUCTIVITY,4.4,26358,50.0,500000.0,Paid,1.99,Everyone,Productivity,2014-01-17,1.7,2.0 and up
ALCOFG,GAME,4.1,52163,70.0,1000000.0,Free,0.0,Mature 17+,Action,2016-07-13,0.0,2.3 and up
Standoff 2,GAME,4.5,299046,47.0,10000000.0,Free,0.0,Mature 17+,Action,2018-07-12,0.0,4.1 and up
COFG,GAME,4.2,41089,42.0,5000000.0,Free,0.0,Teen,Action,2018-07-25,2.7,4.1 and up
CS Customizer,COMMUNICATION,3.7,25,3.7,1000.0,Free,0.0,Everyone,Communication,2017-02-06,0.0,3.0 and up
CSC🔫CTAF,GAME,4.1,1019,39.0,100000.0,Free,0.0,Teen,Action,2018-07-23,0.0,4.1 and up
CS-Touch,FAMILY,3.9,337,22.0,10000.0,Free,0.0,Everyone,Education,2018-05-11,3.6,5.0 and up
UQFC-S|C|P,GAME,4.5,2526,22.0,100000.0,Free,0.0,Everyone,Trivia,2018-02-14,0.0,4.1 and up
Аim Training for CS,GAME,3.6,2328,12.0,100000.0,Free,0.0,Everyone,Action,2014-10-25,1.8,2.3 and up
STFCG,GAME,3.2,655,14.0,50000.0,Free,0.0,Teen,Action,2016-05-18,0.0,4.0 and up
NetClient CS,BUSINESS,3.5,125,4.3,10000.0,Free,0.0,Everyone,Business,2018-01-05,0.0,3.0 and up
AS-CGIP,PERSONALIZATION,4.6,26,8.5,100.0,Paid,2.49,Everyone,Personalization,2017-12-03,0.0,4.0.3 and up
CIQ(,FAMILY,4.8,33,6.7,5000.0,Free,0.0,Everyone,Education,2017-01-27,1.5,4.1 and up
Your rank CS:GO,GAME,4.1,4946,7.5,100000.0,Free,0.0,Teen,Trivia,2017-07-16,1.82,4.0.3 and up
Guide for CS:GO,FAMILY,4.4,16459,88.0,500000.0,Free,0.0,Everyone,Entertainment,2017-07-15,0.0,2.3 and up
CS Interview FAQs,FAMILY,4.3,99,1.1,10000.0,Free,0.0,Everyone,Education,2013-02-11,1.13,2.2 and up
Mobile CS,BUSINESS,4.0,13,5.7,1000.0,Free,0.0,Everyone,Business,2017-10-06,0.0,4.4 and up
Mobile CS:GO,GAME,3.1,1015,643.0,100000.0,Free,0.0,Everyone,Action,2015-11-11,1.3,2.3.3 and up
CTGSCSF,GAME,4.2,211,44.0,10000.0,Free,0.0,Teen,Action,2017-08-18,1.1,2.3 and up
CLDQ,LIFESTYLE,4.1,75,11.0,10000.0,Free,0.0,Everyone,Lifestyle,2018-01-14,0.0,4.1 and up
SSC-FG,GAME,3.5,14823,40.0,1000000.0,Free,0.0,Teen,Action,2017-02-15,4.0,2.3 and up
CS16Client,GAME,4.3,8668,9.1,500000.0,Free,0.0,Teen,Action,2017-04-01,1.33,1.5 and up
CB|#&BB,COMMUNICATION,3.8,52,2.1,1000.0,Free,0.0,Everyone,Communication,2015-08-28,2.0,3.0 and up
CA-MF,GAME,4.3,112565,32.0,1000000.0,Free,0.0,Teen,Action,2018-07-21,0.0,4.4 and up
DCL-LTCFF,FAMILY,4.8,16,7.8,100.0,Free,0.0,Everyone,Education,2018-07-29,4.0,4.1 and up
WYCR,GAME,2.3,278,2.4,10000.0,Free,0.0,Teen,Trivia,2017-02-11,1.0,2.3 and up
CS Browser Beta,COMMUNICATION,4.3,125,53.0,5000.0,Free,0.0,Everyone,Communication,2017-10-16,0.0,4.1 and up
Helper for CS:GO,TOOLS,4.4,208,6.0,10000.0,Free,0.0,Everyone,Tools,2016-06-16,0.0,4.1 and up
MNFC&C,FAMILY,3.6,783,25.0,50000.0,Free,0.0,Teen,Entertainment,2016-06-25,0.0,4.0 and up
C&IIQ,FAMILY,5.0,43,3.3,1000.0,Free,0.0,Everyone,Education,2018-03-27,1.1,4.2 and up
MCFC,GAME,4.3,211,3.6,50000.0,Free,0.0,Everyone,Action,2018-01-26,2.1,4.0.3 and up
GCE2EPA,FAMILY,4.2,162,6.2,10000.0,Free,0.0,Everyone,Education,2018-02-15,0.0,4.1 and up
CSHFC,FAMILY,4.3,14604,68.0,500000.0,Free,0.0,Teen,Simulation,2018-07-04,0.0,4.2 and up
CA CS Network,FAMILY,4.7,160,19.0,5000.0,Free,0.0,Everyone,Education,2018-07-25,1.0,4.4 and up
Smokes for CS:GO,FAMILY,3.9,3253,3.6,100000.0,Free,0.0,Everyone,Entertainment,2015-04-10,1.3,2.2 and up
GPFC,FAMILY,4.4,431,17.0,10000.0,Free,0.0,Everyone,Entertainment,2016-06-13,0.0,4.0 and up
Quiz CS:GO players,GAME,4.4,460,31.0,50000.0,Free,0.0,Everyone,Trivia,2018-06-23,4.2,4.0.3 and up
Puzzle for CS:GO,GAME,4.3,247,18.0,10000.0,Free,0.0,Everyone,Word,2016-09-16,1.53,4.0.3 and up
BANTFC,PRODUCTIVITY,2.6,85,6.0,5000.0,Free,0.0,Everyone,Productivity,2016-04-21,0.0,4.0 and up
SGFC,FAMILY,4.3,445,29.0,50000.0,Free,0.0,Everyone,Entertainment,2017-06-01,3.0,4.0 and up
RAOC,MEDICAL,3.8,568,42.0,50000.0,Free,0.0,Everyone,Medical,2014-01-22,1.2,4.0 and up
Radiology CT Anatomy,MEDICAL,4.2,345,14.0,50000.0,Free,0.0,Everyone,Medical,2018-01-20,1.6,4.0 and up
CT Scan Viewer 3D,MEDICAL,4.2,6,29.0,1000.0,Free,0.0,Everyone,Medical,2018-06-20,1.0,2.3 and up
LCSOH,BOOKS_AND_REFERENCE,4.1,10,5.7,5000.0,Free,0.0,Everyone,Books & Reference,2018-07-22,1.5,4.1 and up
CT Abdomen Pelvis,MEDICAL,4.0,36,36.0,10000.0,Free,0.0,Everyone,Medical,2018-01-20,2.0,4.0 and up
CT Neck,MEDICAL,4.4,7,8.9,1000.0,Free,0.0,Everyone,Medical,2018-01-20,2.0,4.0 and up
CT Scan Generations,FAMILY,4.7,6,5.1,1000.0,Free,0.0,Everyone,Education,2018-04-01,1.0,4.0 and up
CT Prepares,NEWS_AND_MAGAZINES,2.6,13,4.3,1000.0,Free,0.0,Everyone,News & Magazines,2016-11-01,0.0,4.4 and up
CT Abdomen,FAMILY,4.3,7,62.0,1000.0,Free,0.0,Everyone,Education,2017-02-21,1.0,4.4 and up
CBI,FAMILY,5.0,3,29.0,500.0,Free,0.0,Everyone,Education,2018-07-04,0.0,4.0 and up
C&P,FAMILY,3.7,6,7.8,1000.0,Free,0.0,Everyone,Education,2018-06-06,1.5,4.0 and up
CT Sessions,MEDICAL,4.3,62,20.0,5000.0,Free,0.0,Everyone,Medical,2014-12-15,2.2,2.3 and up
CT - DTC Lookup,TOOLS,4.1,41,986.0,10000.0,Free,0.0,Everyone,Tools,2013-07-26,3.0,3.0 and up
PAOCH,MEDICAL,4.3,22,18.0,10000.0,Free,0.0,Everyone,Medical,2018-03-16,2.0,4.0.3 and up
IC&MA,MEDICAL,3.8,534,14.0,100000.0,Free,0.0,Everyone,Medical,2012-07-30,1.2,2.2 and up
CT POSITIONING,MEDICAL,4.5,18,9.3,5000.0,Free,0.0,Everyone,Medical,2018-03-10,2.0,4.0.3 and up
CT Cervical Spine,MEDICAL,5.0,5,17.0,1000.0,Free,0.0,Everyone,Medical,2018-01-20,2.0,4.0 and up
CMM,MEDICAL,3.9,40,4.0,5000.0,Free,0.0,Everyone,Medical,2015-07-07,0.0,2.3.3 and up
CT Lottery,FAMILY,3.8,271,8.3,50000.0,Free,0.0,Teen,Entertainment,2017-06-12,0.0,4.0 and up
PTCCD,FAMILY,4.6,186,9.6,10000.0,Free,0.0,Everyone,Education,2017-10-12,0.0,4.1 and up
I AM C.T.,HEALTH_AND_FITNESS,4.6,28,20.0,1000.0,Free,0.0,Mature 17+,Health & Fitness,2017-04-27,1.0,4.0.3 and up
SCPSP,PRODUCTIVITY,4.7,315,14.0,10000.0,Free,0.0,Everyone,Productivity,2018-01-22,1.9,4.0 and up
CARDIAC CT TECHNIQUE,MEDICAL,5.0,6,17.0,1000.0,Free,0.0,Everyone,Medical,2018-03-10,2.0,4.0.3 and up
HTCE,MEDICAL,4.5,18,13.0,10000.0,Free,0.0,Everyone,Medical,2018-03-16,2.0,4.0.3 and up
RC-SR,TOOLS,3.5,3988,11.0,1000000.0,Free,0.0,Everyone,Tools,2015-12-22,0.0,4.4 and up
CT-REMOTE,GAME,3.3,19,1.6,100.0,Paid,4.49,Everyone,Action,2015-02-10,1.4,2.3 and up
CT-Stream Player,FAMILY,3.9,84,11.0,10000.0,Free,0.0,Everyone,Entertainment,2016-11-21,3.4,3.0 and up
RFCL,FAMILY,4.5,86,8.6,5000.0,Free,0.0,Teen,Entertainment,2017-03-11,5.1,4.1 and up
ICAMA,MEDICAL,3.4,35,24.0,1000.0,Paid,15.46,Everyone,Medical,2015-05-27,0.0,2.2 and up
DIC-FD,SHOPPING,5.0,4,1.6,1000.0,Free,0.0,Everyone,Shopping,2016-05-16,1.3,4.0 and up
CT Checkout,FINANCE,5.0,1,8.4,50.0,Free,0.0,Everyone,Finance,2017-04-20,1.2,4.2 and up
RAFF,MEDICAL,4.8,12,44.0,100.0,Paid,6.99,Everyone,Medical,2014-01-22,1.3,4.0 and up
Radiology CT Viewer,MEDICAL,3.6,35,88.0,10000.0,Free,0.0,Everyone,Medical,2018-01-20,2.0,4.0 and up
CUPC&C,FINANCE,4.3,693,32.0,100000.0,Free,0.0,Teen,Finance,2018-05-03,0.0,4.2 and up
COCMB,FINANCE,4.0,347,25.0,10000.0,Free,0.0,Everyone,Finance,2018-02-06,0.0,4.1 and up
TCMB,FINANCE,4.5,853,27.0,10000.0,Free,0.0,Everyone,Finance,2018-07-12,0.0,4.1 and up
MC-CU,PRODUCTIVITY,4.6,48,7.3,1000.0,Free,0.0,Everyone,Productivity,2017-11-22,0.0,4.1 and up
SCMB,FINANCE,4.7,6208,14.0,100000.0,Free,0.0,Everyone,Finance,2018-06-12,0.0,5.0 and up
Redwood CU v3.1.0,FINANCE,3.8,480,15.0,50000.0,Free,0.0,Everyone,Finance,2018-05-24,0.0,4.0 and up
BCMB,FINANCE,4.7,2374,16.0,10000.0,Free,0.0,Everyone,Finance,2018-07-31,0.0,5.0 and up
CSMB,FINANCE,4.0,253,25.0,10000.0,Free,0.0,Everyone,Finance,2018-05-02,0.0,4.0.3 and up
TFC,FINANCE,4.6,1231,14.0,10000.0,Free,0.0,Everyone,Finance,2018-06-12,0.0,5.0 and up
Travis CU,FINANCE,2.0,207,2.9,10000.0,Free,0.0,Everyone,Finance,2018-02-16,0.0,4.4 and up
CCGM,FINANCE,4.3,231,18.0,10000.0,Free,0.0,Everyone,Finance,2017-09-15,0.0,4.0.3 and up
PSCM,FINANCE,2.0,314,35.0,10000.0,Free,0.0,Everyone,Finance,2017-03-14,0.0,4.2 and up
Freedom CU,FINANCE,3.6,117,25.0,10000.0,Free,0.0,Everyone,Finance,2018-06-22,0.0,4.2 and up
MCMB,FINANCE,4.7,3661,14.0,50000.0,Free,0.0,Everyone,Finance,2018-06-12,0.0,5.0 and up
NCMB,FINANCE,3.5,805,6.5,50000.0,Free,0.0,Everyone,Finance,2018-07-17,0.0,5.0 and up
LMCM,FINANCE,4.0,732,5.5,50000.0,Free,0.0,Everyone,Finance,2018-04-02,0.0,4.0 and up
Maps CU,FINANCE,3.5,256,28.0,10000.0,Free,0.0,Everyone,Finance,2017-11-02,200.0,4.0.3 and up
FSCM,FINANCE,4.3,323,17.0,10000.0,Free,0.0,Everyone,Finance,2017-09-08,0.0,4.0.3 and up
FCUCO,FINANCE,4.1,196,7.3,10000.0,Free,0.0,Everyone,Finance,2018-06-30,0.0,4.4 and up
ECMB,FINANCE,4.6,1992,24.0,50000.0,Free,0.0,Everyone,Finance,2018-06-20,0.0,5.0 and up
SCCM,FINANCE,3.8,922,2.1,100000.0,Free,0.0,Everyone,Finance,2017-07-13,0.0,2.3 and up
FTFC,FINANCE,4.3,4290,24.0,50000.0,Free,0.0,Everyone,Finance,2018-07-19,0.0,5.0 and up
Southland CU,FINANCE,3.8,109,2.8,10000.0,Free,0.0,Everyone,Finance,2017-07-20,1.1,2.3 and up
Tech CU Card Manager,FINANCE,1.0,2,7.2,1000.0,Free,0.0,Everyone,Finance,2017-07-25,0.0,4.0 and up
Numerica CU,FINANCE,3.8,472,8.6,50000.0,Free,0.0,Everyone,Finance,2018-02-21,0.0,4.0 and up
Red River CU,FINANCE,3.3,343,2.3,10000.0,Free,0.0,Everyone,Finance,2017-06-21,2.79,2.2 and up
FFC,FINANCE,4.8,495,12.0,5000.0,Free,0.0,Everyone,Finance,2018-05-01,0.0,5.0 and up
NP-GNWOM,TRAVEL_AND_LOCAL,3.6,892,70.0,50000.0,Paid,2.49,Everyone,Travel & Local,2018-08-01,1.08,4.0 and up
My Vodafone (GR),COMMUNICATION,3.8,12667,34.0,1000000.0,Free,0.0,Everyone,Communication,2018-08-01,0.0,4.3 and up
HTC Transfer Tool,TOOLS,4.3,40907,2.6,5000000.0,Free,0.0,Everyone,Tools,2017-07-27,0.0,2.2 and up
POCSC,FAMILY,3.9,475944,35.0,10000000.0,Free,0.0,Everyone,Simulation,2018-06-26,0.0,4.1 and up
Moto Rider,GAME,4.2,115176,24.0,10000000.0,Free,0.0,Teen,Racing,2018-06-15,0.0,4.0 and up
Shadow Fight 2,GAME,4.6,10981850,88.0,100000000.0,Free,0.0,Everyone 10+,Action,2018-07-02,0.0,3.0 and up
Crazy Wheels,GAME,4.0,121082,7.0,10000000.0,Free,0.0,Teen,Adventure,2018-01-17,0.0,2.1 and up
CVACBFRM,BUSINESS,4.5,4571,3.9,500000.0,Free,0.0,Everyone,Business,2018-07-08,3.3,4.1 and up
CE-FRM&CT,BUSINESS,4.6,213,3.8,10000.0,Free,0.0,Everyone,Business,2018-04-11,0.0,5.0 and up
CV Examples 2018,FAMILY,4.5,625,26.0,100000.0,Free,0.0,Everyone,Education,2018-07-30,4.0,4.0.3 and up
Curriculum Vitae,BUSINESS,3.7,3757,5.0,1000000.0,Free,0.0,Everyone,Business,2016-03-29,2.8,2.3.3 and up
FRBCMTPF,BUSINESS,4.4,9555,4.7,1000000.0,Free,0.0,Everyone,Business,2018-07-19,7.7,4.1 and up
RB-FCM&PT,BUSINESS,4.6,770,5.6,100000.0,Free,0.0,Everyone,Business,2018-08-03,1.9,4.4 and up
Easy Cv maker 2018,BOOKS_AND_REFERENCE,3.9,88,5.3,10000.0,Free,0.0,Everyone,Books & Reference,2018-03-31,1.1,4.0 and up
RPM/CB,BUSINESS,4.4,2147,2.2,500000.0,Free,0.0,Everyone,Business,2017-12-14,1.8,4.4 and up
R&CCBD,PRODUCTIVITY,4.5,48,26.0,5000.0,Free,0.0,Everyone,Productivity,2018-07-23,0.0,5.0 and up
CS(CE-R),BUSINESS,4.5,3972,5.6,100000.0,Free,0.0,Teen,Business,2018-06-25,0.0,4.0 and up
CV Formats 2018,FAMILY,4.3,374,26.0,100000.0,Free,0.0,Everyone,Education,2017-10-09,1.0,4.0.3 and up
CV Maker Pro,BUSINESS,3.7,113,8.6,10000.0,Free,0.0,Everyone,Business,2018-06-09,0.0,4.1 and up
Free CV Creator,TOOLS,3.9,37,21.0,10000.0,Free,0.0,Everyone,Tools,2018-07-18,1.3,4.4 and up
"JCMM,RM",FAMILY,3.9,139,4.8,50000.0,Free,0.0,Everyone,Education,2018-07-16,2.1,4.0.3 and up
RBACMA,PRODUCTIVITY,4.3,2303,15.0,100000.0,Free,0.0,Everyone,Productivity,2018-08-02,0.0,4.0.3 and up
HOW TO WRITE A CV,BUSINESS,4.1,489,20.0,100000.0,Free,0.0,Everyone,Business,2018-06-27,14.0,4.0.3 and up
CV EXAMPLES,BUSINESS,4.1,423,20.0,100000.0,Free,0.0,Everyone,Business,2018-06-07,11.0,4.0.3 and up
CM/JCM,FAMILY,4.4,14,5.5,1000.0,Free,0.0,Everyone,Education,2018-03-27,1.0,4.0 and up
RBFCM&RT,BUSINESS,4.4,20921,5.7,1000000.0,Free,0.0,Everyone,Business,2018-01-11,0.0,4.1 and up
FPRBCCL,BUSINESS,4.2,831,11.0,50000.0,Free,0.0,Everyone,Business,2018-06-13,0.0,4.0 and up
Resume Free,PRODUCTIVITY,4.5,27820,4.7,1000000.0,Free,0.0,Everyone,Productivity,2018-07-29,2.1,2.3.3 and up
How to Write CV,BOOKS_AND_REFERENCE,4.6,244,4.1,100000.0,Free,0.0,Everyone,Books & Reference,2016-04-22,0.0,4.0 and up
SRBPC,BUSINESS,4.4,244,6.9,1000.0,Paid,4.99,Everyone,Business,2017-08-17,4.38,2.3 and up
FRB–CM,BUSINESS,4.4,25,12.0,5000.0,Free,0.0,Everyone,Business,2018-06-09,1.5,4.4 and up
CV Builder,BUSINESS,3.8,203,5.9,10000.0,Free,0.0,Everyone,Business,2016-09-30,0.0,2.3 and up
CV-RC,PRODUCTIVITY,2.6,80,2.2,10000.0,Free,0.0,Everyone,Productivity,2017-05-11,0.0,4.1 and up
RMCMB,BUSINESS,4.2,715,7.1,100000.0,Free,0.0,Everyone,Business,2018-08-01,1.8,4.0.3 and up
RB/CM&T,BUSINESS,4.4,25,7.9,5000.0,Free,0.0,Everyone,Business,2018-01-19,0.0,4.0.3 and up
CMFJAARM,TOOLS,4.2,75,25.0,10000.0,Free,0.0,Everyone,Tools,2018-01-31,1.1,4.0 and up
CV Templates 2018,FAMILY,4.0,13,26.0,5000.0,Free,0.0,Everyone,Education,2017-10-09,1.1,4.0.3 and up
JCM&PM,FAMILY,4.2,593,4.9,100000.0,Free,0.0,Everyone,Education,2018-01-01,0.0,3.0 and up
CMFJARB,TOOLS,4.0,114,25.0,10000.0,Free,0.0,Everyone,Tools,2018-06-09,1.5,4.0 and up
CV Creator,FAMILY,4.4,31,8.3,10000.0,Free,0.0,Everyone,Education,2018-01-08,0.0,4.2 and up
Resume ( CV Editor ),BUSINESS,4.5,416,6.0,10000.0,Free,0.0,Everyone,Business,2018-06-30,1.2,4.0 and up
CV Maker,PERSONALIZATION,3.2,114,3.0,10000.0,Free,0.0,Everyone,Personalization,2016-03-18,1.02,4.0.3 and up
RM-C,BUSINESS,4.3,740,19.0,50000.0,Free,0.0,Everyone,Business,2018-08-04,0.0,4.0.3 and up
CBFSR,BUSINESS,3.4,22,4.1,1000.0,Free,0.0,Everyone,Business,2017-05-23,1.9,4.0.3 and up
CV-RECORD Pro,COMMUNICATION,2.3,42,6.0,1000.0,Paid,0.99,Everyone,Communication,2017-01-12,0.0,4.1 and up
CJS,BUSINESS,4.4,6997,4.6,100000.0,Free,0.0,Everyone,Business,2018-07-06,0.0,4.1 and up
CV Samples 2018,BUSINESS,4.3,34,26.0,10000.0,Free,0.0,Everyone,Business,2017-10-10,1.0,4.0.3 and up
ERBRHCV,TOOLS,4.3,996,10.0,50000.0,Free,0.0,Everyone,Tools,2017-09-28,2.3,4.0.3 and up
Resume / CV,BUSINESS,3.6,125,5.0,10000.0,Free,0.0,Everyone,Business,2015-12-28,2.0,2.3.3 and up
VRB,BUSINESS,4.6,2555,16.0,100000.0,Free,0.0,Everyone,Business,2017-06-02,0.0,4.4 and up
RM/CC&T,TOOLS,4.2,54,22.0,5000.0,Free,0.0,Everyone,Tools,2018-04-15,0.0,4.0.3 and up
RB-CV&RM,BUSINESS,4.0,12,8.1,5000.0,Free,0.0,Everyone,Business,2018-06-07,1.9,4.0.3 and up
The CW,FAMILY,4.4,288209,21.0,5000000.0,Free,0.0,Teen,Entertainment,2018-07-23,2.17,4.4 and up
CW Seed,FAMILY,4.5,16391,13.0,500000.0,Free,0.0,Teen,Entertainment,2018-07-18,1.16,4.4 and up
The CW TV app,FAMILY,3.2,24,4.8,5000.0,Free,0.0,Everyone,Entertainment,2018-07-28,1.1,3.2 and up
CW TV,NEWS_AND_MAGAZINES,1.7,367,6.1,50000.0,Free,0.0,Everyone,News & Magazines,2018-03-02,1.7,4.0 and up
The CW TN app 2018,FAMILY,2.2,54,4.3,10000.0,Free,0.0,Everyone,Entertainment,2018-04-30,1.0,3.2 and up
Archie Comics,COMICS,3.8,5084,6.2,100000.0,Free,0.0,Everyone,Comics,2018-06-19,0.0,4.3 and up
2AHRCMCPKT,COMMUNICATION,4.8,6,3.5,100.0,Paid,1.49,Everyone,Communication,2018-03-05,0.0,1.6 and up
Cartoon Wars: Blade,GAME,4.4,165656,38.0,5000000.0,Free,0.0,Teen,Arcade,2018-02-07,0.0,2.3 and up
FAATF,FAMILY,4.5,3935,9.5,100000.0,Free,0.0,Mature 17+,Entertainment,2018-06-07,0.0,4.4 and up
CBFHR,COMMUNICATION,4.8,10,516.0,100.0,Paid,1.49,Everyone,Communication,2015-01-22,0.0,1.6 and up
IZ2UUF Morse Koch CW,COMMUNICATION,4.6,649,837.0,50000.0,Free,0.0,Everyone,Communication,2013-08-08,0.0,2.1 and up
MDFHR,COMMUNICATION,3.7,166,2.0,5000.0,Paid,4.99,Everyone,Communication,2017-03-14,1.52,2.3 and up
C W Browser,COMMUNICATION,4.4,14,17.0,100.0,Free,0.0,Everyone,Communication,2017-10-28,1.0,4.0 and up
Canon CameraWindow,PHOTOGRAPHY,3.5,12204,6.8,1000000.0,Free,0.0,Everyone,Photography,2017-03-14,0.0,2.3.3 and up
Saiyan Of CW,FAMILY,3.8,5,1.1,500.0,Free,0.0,Everyone,Role Playing,2018-07-31,0.0,4.0.3 and up
CW Studio ®,COMMUNICATION,3.8,9,780.0,100.0,Paid,0.99,Everyone,Communication,2015-05-19,1.2,2.3.3 and up
2AHRKCMCT,COMMUNICATION,4.3,12,3.7,100.0,Paid,1.49,Everyone,Communication,2018-05-22,0.0,2.1 and up
MTFHR,COMMUNICATION,4.6,265,2.6,10000.0,Paid,2.99,Everyone,Communication,2018-01-06,2.28,2.3 and up
The Church at CW,LIFESTYLE,4.5,2,7.8,100.0,Free,0.0,Teen,Lifestyle,2018-06-25,0.0,4.1 and up
MMFHR,COMMUNICATION,4.8,341,9.6,5000.0,Paid,0.99,Everyone,Communication,2015-02-20,4.0,2.0 and up
Morse Player,FAMILY,5.0,12,2.4,100.0,Paid,1.99,Everyone,Education,2017-01-23,0.0,3.0 and up
My CW,TOOLS,3.0,1,55.0,100.0,Free,0.0,Everyone,Tools,2016-10-27,0.0,4.1 and up
3AHRKCMCT,FAMILY,5.0,1,3.7,10.0,Paid,1.49,Everyone,Education,2018-05-18,0.0,2.1 and up
DC All Access,FAMILY,4.4,12639,96.0,500000.0,Free,0.0,Teen,Entertainment,2017-10-17,3.5,4.1 and up
KMTP,COMMUNICATION,4.6,94,1.1,1000.0,Paid,2.49,Everyone,Communication,2015-02-14,0.0,2.2 and up
Morse Code Reader,COMMUNICATION,3.9,1436,20.0,100000.0,Free,0.0,Everyone,Communication,2013-08-26,1.0,1.6 and up
CW Nuclear,BOOKS_AND_REFERENCE,3.3,15,12.0,1000.0,Free,0.0,Everyone,Books & Reference,2017-11-17,1.2,4.0 and up
CW Deposit,BUSINESS,3.0,4,498.0,1000.0,Free,0.0,Everyone,Business,2014-02-06,0.0,2.1 and up
HCE,FAMILY,4.2,6784,13.0,500000.0,Free,0.0,Everyone,Entertainment,2017-08-30,0.0,4.4 and up
Morse Player Free,FAMILY,4.2,268,4.2,50000.0,Free,0.0,Everyone,Education,2017-01-23,0.0,3.0 and up
News 8 San Diego,NEWS_AND_MAGAZINES,4.2,1137,11.0,50000.0,Free,0.0,Everyone,News & Magazines,2018-07-23,0.0,4.3 and up
LMC-GLM,COMMUNICATION,4.0,27,600.0,5000.0,Free,0.0,Everyone,Communication,2018-05-08,5.0,2.2 and up
SYFY,FAMILY,3.2,3069,18.0,500000.0,Free,0.0,Teen,Entertainment,2018-05-24,0.0,4.4 and up
Morse Notifier Free,TOOLS,4.6,79,3.0,1000.0,Free,0.0,Everyone,Tools,2017-11-08,0.0,4.0.3 and up
AMC,FAMILY,3.2,20843,14.0,1000000.0,Free,0.0,Teen,Entertainment,2018-08-02,0.0,4.4 and up
Cartoon Wars 3,FAMILY,4.1,137674,72.0,5000000.0,Free,0.0,Teen,Role Playing,2018-07-04,0.0,2.3 and up
OCCM,BUSINESS,4.4,48,54.0,5000.0,Free,0.0,Everyone,Business,2018-07-07,0.0,4.4 and up
CX-10WiFi,FAMILY,4.0,1419,12.0,100000.0,Free,0.0,Everyone,Casual,2017-10-25,2.516,4.0 and up
CX-OF,FAMILY,4.2,18,37.0,1000.0,Free,0.0,Everyone,Entertainment,2018-01-31,0.0,4.3 and up
cx-32wifi,FAMILY,4.1,62,6.5,10000.0,Free,0.0,Everyone,Entertainment,2015-11-14,1.4,2.2 and up
CX-17WIFI,FAMILY,4.3,49,6.6,10000.0,Free,0.0,Everyone,Entertainment,2018-03-21,2.3,4.3 and up
Cathay Pacific,TRAVEL_AND_LOCAL,3.3,4069,50.0,1000000.0,Free,0.0,Everyone,Travel & Local,2018-07-25,0.0,4.3 and up
Cx File Explorer,TOOLS,4.7,175,4.3,10000.0,Free,0.0,Everyone,Tools,2018-07-28,0.0,5.0 and up
cx-33wifi,FAMILY,4.4,63,7.6,10000.0,Free,0.0,Everyone,Entertainment,2015-11-14,1.4,2.2 and up
CX-WiFi720P,FAMILY,3.1,47,5.5,10000.0,Free,0.0,Everyone,Entertainment,2015-11-14,2.0,2.2 and up
CX-60,FAMILY,3.1,19,94.0,1000.0,Free,0.0,Everyone,Casual,2017-05-09,1.6,2.3 and up
AC&CG,VIDEO_PLAYERS,3.3,439,35.0,50000.0,Free,0.0,Everyone,Video Players & Editors,2016-03-04,0.0,4.0 and up
CX North America,BUSINESS,3.9,10,55.0,500.0,Free,0.0,Everyone,Business,2018-03-14,1.2,4.0 and up
CX-10DS,FAMILY,3.4,12,11.0,1000.0,Free,0.0,Everyone,Casual,2017-09-15,1.56,4.0 and up
CX-37,FAMILY,3.9,13,12.0,1000.0,Free,0.0,Everyone,Casual,2016-05-30,1.34,3.0 and up
Avaya CX,BUSINESS,4.4,21,21.0,1000.0,Free,0.0,Everyone,Business,2018-07-25,0.0,5.0 and up
TCCM,FAMILY,3.9,11,27.0,500.0,Paid,4.99,Everyone,Education,2018-07-21,0.0,4.1 and up
CX_WiFiUFO,SPORTS,3.7,818,5.3,100000.0,Free,0.0,Everyone,Sports,2016-06-08,4.423,4.0 and up
CX watcher,FAMILY,4.5,4,30.0,500.0,Free,0.0,Everyone,Casual,2018-06-21,1.56,4.1 and up
TFTCC,PERSONALIZATION,4.7,42,10.0,5000.0,Free,0.0,Everyone,Personalization,2017-05-10,0.0,4.0 and up
TFTCC/C,LIFESTYLE,4.6,147,9.8,10000.0,Free,0.0,Everyone,Lifestyle,2017-05-02,0.0,4.0 and up
Oración CX,LIFESTYLE,5.0,103,3.8,5000.0,Free,0.0,Everyone,Lifestyle,2017-09-12,0.0,4.1 and up
CX-40,FAMILY,3.0,2,33.0,100.0,Free,0.0,Everyone,Entertainment,2017-12-14,3.0,4.0 and up
Ring,COMMUNICATION,3.9,517,35.0,10000.0,Free,0.0,Everyone,Communication,2018-08-06,20180805.0,4.4 and up
CACB,PERSONALIZATION,5.0,3,3.4,50.0,Free,0.0,Everyone,Personalization,2018-04-09,1.0,4.0 and up
CX Ram Booster,TOOLS,3.9,12,2.5,500.0,Free,0.0,Everyone,Tools,2017-06-02,1.0,2.2 and up
CXmodel-ufo,FAMILY,3.8,19,12.0,1000.0,Free,0.0,Everyone,Entertainment,2017-01-19,2.1,2.2 and up
SCFA,TOOLS,3.6,6060,592.0,500000.0,Free,0.0,Everyone,Tools,2016-02-04,2.0,2.1 and up
ARHS,SPORTS,3.9,654,50.0,10000.0,Paid,4.99,Everyone,Sports,2017-12-20,3.29,4.1 and up
WiFi FPV,FAMILY,3.8,316,19.0,100000.0,Free,0.0,Everyone,Entertainment,2017-06-01,1.8,2.2 and up
go41cx,FAMILY,4.8,171,1.0,1000.0,Paid,10.0,Everyone,Education,2016-10-18,0.0,2.2 and up
Freecell CY,GAME,4.0,387,1.1,50000.0,Free,0.0,Everyone,Card,2011-04-16,0.0,1.6 and up
Cytus II,GAME,4.7,16851,81.0,100000.0,Paid,1.99,Everyone 10+,Music,2018-08-03,0.0,4.4 and up
Cy-Reader,FAMILY,4.8,17,15.0,100.0,Free,0.0,Everyone,Education,2018-08-03,1.7,4.2 and up
CFMB,FINANCE,4.7,439,13.0,5000.0,Free,0.0,Everyone,Finance,2018-01-30,0.0,5.0 and up
Cytus,GAME,4.7,541732,20.0,5000000.0,Free,0.0,Everyone,Music,2018-02-09,0.0,2.3 and up
Cy-Ranch,NEWS_AND_MAGAZINES,4.5,27,7.1,500.0,Free,0.0,Everyone,News & Magazines,2018-05-06,0.0,4.1 and up
Recycling Cy,LIFESTYLE,4.0,47,4.5,1000.0,Free,0.0,Everyone,Lifestyle,2017-08-02,2.0,3.2 and up
COTU,FINANCE,3.2,191,10.0,10000.0,Free,0.0,Everyone,Finance,2018-01-25,0.0,4.0 and up
Alpha Bank CY,FINANCE,4.7,39,20.0,1000.0,Free,0.0,Everyone,Finance,2018-03-20,1.11,4.3 and up
Cy Messenger,COMMUNICATION,4.5,4,8.1,100.0,Free,0.0,Everyone,Communication,2014-08-30,0.0,2.3.3 and up
Igitabo cy'Indirimbo,FAMILY,4.5,93,1.6,50000.0,Free,0.0,Everyone,Entertainment,2018-02-05,0.0,1.6 and up
Doctor Finder CY,MEDICAL,4.9,57,6.1,1000.0,Free,0.0,Everyone,Medical,2015-11-11,1.7,3.0 and up
Eshopcy.com.cy,SHOPPING,4.2,182,4.9,5000.0,Free,0.0,Everyone,Shopping,2018-08-03,1.3,2.2 and up
CVEP,MEDICAL,5.0,2,20.0,100.0,Free,0.0,Everyone 10+,Medical,2017-09-21,0.0,4.1 and up
CCC,LIFESTYLE,5.0,2,9.3,100.0,Free,0.0,Everyone,Lifestyle,2017-08-03,0.0,4.1 and up
Shadowverse CCG,GAME,4.2,47340,61.0,1000000.0,Free,0.0,Teen,Card,2018-07-30,0.0,4.1 and up
CY Digital Net,SHOPPING,4.7,3,5.8,500.0,Free,0.0,Everyone,Shopping,2017-08-01,0.0,4.0 and up
C-MPS,FAMILY,4.5,10159,6.4,1000000.0,Free,0.0,Everyone,Education,2018-04-13,2.17,4.1 and up
Rewards,FINANCE,3.8,57,4.0,5000.0,Free,0.0,Everyone,Finance,2017-12-15,4.1,2.3 and up
Army of Heroes,FAMILY,4.5,85015,46.0,1000000.0,Free,0.0,Everyone 10+,Strategy,2018-08-01,0.0,4.0 and up
Math Solver,FAMILY,4.3,2250,30.0,100000.0,Free,0.0,Everyone,Education,2017-11-21,1.2,4.1 and up
Cyprus Bus Companion,MAPS_AND_NAVIGATION,3.9,112,1.4,10000.0,Free,0.0,Everyone,Maps & Navigation,2013-12-26,1.3,2.2 and up
Cyprus Police,SOCIAL,4.2,226,15.0,10000.0,Free,0.0,Everyone 10+,Social,2018-01-31,0.0,2.2 and up
FC-OO,SHOPPING,4.5,214,1.8,10000.0,Free,0.0,Everyone,Shopping,2018-02-27,2.92,4.0.3 and up
DDKR,FAMILY,4.1,11179,19.0,1000000.0,Free,0.0,Teen,Role Playing,2016-09-16,2.7,2.3 and up
Bank Of Cyprus,FINANCE,4.1,1514,12.0,100000.0,Free,0.0,Everyone,Finance,2018-02-14,1.1,4.1 and up
MOCO,TRAVEL_AND_LOCAL,4.6,470,21.0,10000.0,Free,0.0,Everyone,Travel & Local,2018-03-12,3.9,2.3 and up
McDelivery Cyprus,FOOD_AND_DRINK,3.3,60,25.0,10000.0,Free,0.0,Everyone,Food & Drink,2018-05-14,0.0,4.3 and up
CZ-USA,LIFESTYLE,4.5,11,3.4,1000.0,Free,0.0,Everyone,Lifestyle,2016-03-01,0.0,4.0.3 and up
CZ File Manager,TOOLS,2.2,876,8.7,1000000.0,Free,0.0,Everyone,Tools,2018-08-06,0.0,4.2 and up
Security Camera CZ,HOUSE_AND_HOME,4.4,137,19.0,10000.0,Free,0.0,Everyone,House & Home,2018-07-17,0.0,4.1 and up
Š.II,SHOPPING,3.9,117,9.8,10000.0,Free,0.0,Everyone,Shopping,2018-05-13,1.3,4.0 and up
Alzashop.com,SHOPPING,4.5,32014,18.0,500000.0,Free,0.0,Everyone,Shopping,2018-08-03,0.0,Varies with device
KFC CZ,LIFESTYLE,2.8,1189,18.0,100000.0,Free,0.0,Everyone,Lifestyle,2018-06-27,0.0,4.0.3 and up
Skylink Live TV CZ,FAMILY,3.3,2802,15.0,100000.0,Free,0.0,Teen,Entertainment,2018-07-11,5.0,4.3 and up
M-C&HOM,MAPS_AND_NAVIGATION,4.5,56409,43.0,1000000.0,Free,0.0,Everyone,Maps & Navigation,2018-06-26,0.0,4.1 and up
Online TV CZ/SK PRO,VIDEO_PLAYERS,3.1,167,2.0,1000.0,Paid,0.99,Everyone,Video Players & Editors,2018-06-21,0.0,4.0.3 and up
Rande.cz,SOCIAL,3.2,398,2.2,50000.0,Free,0.0,Mature 17+,Social,2014-12-03,0.0,2.3.3 and up
Breweries (CZ/SK),LIFESTYLE,4.4,1740,4.4,50000.0,Free,0.0,Teen,Lifestyle,2017-07-27,0.0,4.1 and up
reality.cz,HOUSE_AND_HOME,4.1,1372,5.4,50000.0,Free,0.0,Everyone,House & Home,2018-02-15,0.0,4.1 and up
CZ-Help,BOOKS_AND_REFERENCE,5.0,2,1.4,5.0,Free,0.0,Everyone,Books & Reference,2018-07-13,0.1,4.4 and up
CVC,TOOLS,3.8,131,3.3,1000.0,Paid,5.99,Everyone,Tools,2017-03-07,0.0,2.2 and up
HTC Sense Input - CZ,TOOLS,4.3,87,7.3,10000.0,Free,0.0,Everyone,Tools,2015-11-09,0.0,5.0 and up
WebCams,WEATHER,4.6,3963,23.0,100000.0,Free,0.0,Everyone,Weather,2018-07-17,0.0,4.2 and up
Wallpaper.cz,PHOTOGRAPHY,4.9,7,2.2,100.0,Free,0.0,Everyone,Photography,2015-07-11,0.0,3.0 and up
CZ Kompas,TOOLS,5.0,2,3.5,10.0,Free,0.0,Everyone,Tools,2018-07-09,1.1,4.0 and up
MYTO CZ,MAPS_AND_NAVIGATION,2.9,30,4.8,5000.0,Free,0.0,Everyone,Maps & Navigation,2016-02-17,1.2,4.1 and up
PLAYzone.cz,FAMILY,4.4,14,7.3,500.0,Free,0.0,Everyone,Entertainment,2017-11-07,0.0,4.1 and up
Tools & Mi Band,HEALTH_AND_FITNESS,4.4,15753,13.0,100000.0,Paid,3.49,Everyone,Health & Fitness,2018-07-26,0.0,4.3 and up
TeeTime.cz,SPORTS,4.6,1641,6.2,10000.0,Free,0.0,Everyone,Sports,2018-08-02,0.0,4.0 and up
WIMIA,TOOLS,4.5,4228,656.0,500000.0,Free,0.0,Everyone,Tools,2018-07-02,2.95,4.0 and up
Windguru Lite,WEATHER,4.0,9307,5.0,1000000.0,Free,0.0,Everyone,Weather,2018-01-09,0.0,4.4 and up
Da Fit,SPORTS,3.5,1151,8.3,10000.0,Free,0.0,Everyone,Sports,2018-07-23,0.0,4.4 and up
DTMAP,GAME,4.8,528550,73.0,10000000.0,Free,0.0,Teen,Arcade,2018-07-26,0.0,4.1 and up
Ghost Detector,FAMILY,3.5,35337,7.4,5000000.0,Free,0.0,Teen,Entertainment,2018-05-25,0.0,4.0 and up
FFSE-SC,PHOTOGRAPHY,4.7,142758,22.0,10000000.0,Free,0.0,Everyone,Photography,2018-07-06,0.0,4.4 and up
MFMEL,TOOLS,4.6,2674051,26.0,50000000.0,Free,0.0,Everyone,Tools,2018-08-06,0.0,4.0.3 and up
King of Math,FAMILY,4.4,766,14.0,10000.0,Paid,2.99,Everyone,Education;Education,2018-05-22,0.0,2.2 and up
TT&VT,TOOLS,4.3,122010,7.3,5000000.0,Free,0.0,Everyone,Tools,2018-07-14,0.0,4.0.3 and up
The Zueira's Voice,TOOLS,4.7,136540,3.1,1000000.0,Free,0.0,Everyone,Tools,2018-07-10,4.75,4.0.3 and up
Battery Calibration,TOOLS,4.4,134412,11.0,5000000.0,Free,0.0,Everyone,Tools,2018-07-27,0.0,4.4 and up
Thuglife Video Maker,FAMILY,3.5,38824,12.0,1000000.0,Free,0.0,Mature 17+,Entertainment,2018-01-21,0.0,5.0 and up
MadLipz,FAMILY,4.6,171017,13.0,10000000.0,Free,0.0,Teen,Entertainment,2018-07-22,0.0,4.4 and up
Soccer FC,SPORTS,3.9,6289,33.0,1000000.0,Free,0.0,Everyone,Sports,2016-07-21,1.2,2.3 and up
GDS,GAME,4.6,260527,49.0,10000000.0,Free,0.0,Everyone,Arcade,2017-12-21,1.0,4.0 and up
Escaping the Prison,FAMILY,4.2,419375,31.0,10000000.0,Free,0.0,Everyone 10+,Casual,2016-06-21,0.0,2.3 and up
Quiz TRUE or FALSE,GAME,4.6,2464,34.0,50000.0,Free,0.0,Everyone,Trivia,2018-02-13,1.1,4.1 and up
GDS-CF,FAMILY,4.0,93898,44.0,10000000.0,Free,0.0,Everyone,Casual,2017-05-26,1.1,4.1 and up
Siren Ringtones,PERSONALIZATION,4.2,42190,11.0,5000000.0,Free,0.0,Teen,Personalization,2018-07-08,0.0,Varies with device
PPPT,FAMILY,3.8,52,55.0,10000.0,Paid,2.99,Everyone,Educational;Pretend Play,2017-08-08,0.0,2.3 and up
CMLC,FAMILY,4.3,528917,59.0,10000000.0,Free,0.0,Everyone,Educational;Pretend Play,2018-07-26,0.0,4.1 and up
Knife Hit,GAME,4.5,462614,60.0,10000000.0,Free,0.0,Everyone,Arcade,2018-05-22,0.0,4.0.3 and up
The Visitor,GAME,4.1,39895,25.0,5000000.0,Free,0.0,Mature 17+,Adventure,2018-01-02,0.0,4.1 and up
Just Dance Now,GAME,4.2,794058,56.0,10000000.0,Free,0.0,Everyone,Music,2018-06-12,0.0,4.4 and up
DB Navigator,MAPS_AND_NAVIGATION,4.0,119685,20.0,10000000.0,Free,0.0,Everyone,Maps & Navigation,2018-07-02,0.0,4.0.3 and up
SQLite DB Reader,TOOLS,3.6,301,2.3,50000.0,Free,0.0,Everyone,Tools,2017-11-28,0.0,4.0 and up
DB Browser,TOOLS,3.3,236,221.0,50000.0,Free,0.0,Everyone,Tools,2011-09-20,1.6,2.1 and up
Sound Meter,TOOLS,4.7,88993,1.5,10000000.0,Free,0.0,Everyone,Tools,2018-06-10,0.0,2.3 and up
DRAGON BALL LEGENDS,GAME,4.6,338742,48.0,5000000.0,Free,0.0,Teen,Action,2018-08-03,0.0,6.0 and up
db.Mobil App,LIBRARIES_AND_DEMO,4.5,23,31.0,5000.0,Free,0.0,Everyone,Libraries & Demo,2018-07-11,0.0,3.0 and up
DB Streckenagent,MAPS_AND_NAVIGATION,3.9,4569,7.5,500000.0,Free,0.0,Everyone,Maps & Navigation,2017-12-22,0.0,4.0 and up
dB: Sound Meter Pro,TOOLS,4.3,31,228.0,5000.0,Free,0.0,Everyone,Tools,2016-12-12,1.0,4.0.3 and up
dB Sound Level Meter,TOOLS,3.9,203,2.3,10000.0,Free,0.0,Everyone,Tools,2017-03-03,1.08,3.0 and up
DSMMNLDM,TOOLS,4.3,824,2.8,10000.0,Free,0.0,Everyone,Tools,2017-12-13,0.0,4.1 and up
AMDMP-EFMA,PRODUCTIVITY,3.1,19,4.5,500.0,Paid,8.99,Everyone,Productivity,2016-11-03,0.0,4.0 and up
Scale Models DB,TOOLS,4.4,9,33.0,50.0,Paid,2.99,Everyone,Tools,2018-05-03,0.0,4.3 and up
DB Train Simulator,FAMILY,3.7,6514,72.0,500000.0,Free,0.0,Everyone,Simulation,2018-05-23,0.0,3.0 and up
DB Tools,FAMILY,4.6,37,3.3,1000.0,Free,0.0,Everyone,Education,2014-06-17,1.9,2.2 and up
DM-MS&NLID,TOOLS,4.6,154,6.6,10000.0,Free,0.0,Everyone,Tools,2018-07-26,1.1,4.4 and up
DB LINK RGB,TOOLS,2.7,7,5.2,500.0,Free,0.0,Everyone,Tools,2017-06-19,0.0,4.4 and up
1QD(,BOOKS_AND_REFERENCE,4.1,70,3.5,500.0,Paid,0.99,Everyone,Books & Reference,2013-08-30,1.3,2.1 and up
GFDX,BOOKS_AND_REFERENCE,4.2,459,11.0,10000.0,Free,0.0,Everyone,Books & Reference,2016-10-01,1.2,4.0 and up
DB Transport,MAPS_AND_NAVIGATION,1.9,179,10.0,10000.0,Free,0.0,Everyone,Maps & Navigation,2018-03-13,3.05,4.1 and up
DB Stay Connected,BUSINESS,4.6,17,9.4,1000.0,Free,0.0,Everyone,Business,2017-12-08,1.4,4.0 and up
GFDX2,BOOKS_AND_REFERENCE,4.4,121,8.7,10000.0,Free,0.0,Everyone,Books & Reference,2016-12-23,0.0,4.1 and up
DB Customer Connect,BUSINESS,4.2,100,6.3,10000.0,Free,0.0,Everyone,Business,2018-07-21,0.0,4.1 and up
Patron DB,TOOLS,3.9,64,4.1,5000.0,Free,0.0,Everyone,Tools,2017-06-01,1.24,4.4 and up
DB Event App,SOCIAL,2.4,37,37.0,5000.0,Free,0.0,Teen,Social,2017-06-25,1.0,4.1 and up
DB HOME,LIFESTYLE,5.0,5,3.2,100.0,Free,0.0,Everyone,Lifestyle,2017-08-31,0.0,4.0 and up
B&WDS,TOOLS,3.9,21,11.0,10000.0,Free,0.0,Everyone,Tools,2018-01-19,0.0,5.0 and up
DB Busradar NRW,MAPS_AND_NAVIGATION,3.7,78,3.0,10000.0,Free,0.0,Everyone,Maps & Navigation,2017-04-12,0.0,2.2 and up
DB Pickles,BUSINESS,5.0,5,14.0,100.0,Free,0.0,Everyone,Business,2018-03-20,0.0,4.1 and up
DFFS,FAMILY,4.0,3323,47.0,100000.0,Free,0.0,Everyone,Simulation,2018-03-29,1.9,4.0 and up
LC-DB,PHOTOGRAPHY,3.0,1,2.5,10.0,Paid,3.49,Everyone,Photography,2017-10-20,1.0,4.2 and up
dB Sound Meter,TOOLS,4.1,29,2.3,5000.0,Free,0.0,Everyone,Tools,2016-04-25,1.2,4.0.3 and up
DB for Hustle Castle,FAMILY,4.8,21,49.0,1000.0,Free,0.0,Everyone,Role Playing,2018-07-04,1.1,4.1 and up
DUSB,GAME,4.5,33,44.0,1000.0,Free,0.0,Everyone 10+,Action,2018-07-25,0.0,2.3 and up
PMASDV,TOOLS,3.5,13,3.0,1000.0,Free,0.0,Everyone,Tools,2017-07-18,1.01,4.0 and up
SW-DB,TOOLS,4.5,954,7.6,10000.0,Free,0.0,Teen,Tools,2016-07-11,0.0,4.1 and up
DLBFJ,FAMILY,4.5,355613,59.0,10000000.0,Free,0.0,Teen,Role Playing,2018-08-02,0.0,4.4 and up
Injustice 2,GAME,4.3,504765,36.0,5000000.0,Free,0.0,Teen,Action,2018-07-30,0.0,4.4 and up
IGAU,GAME,4.4,2440877,32.0,10000000.0,Free,0.0,Teen,Action,2018-06-14,2.21,4.0 and up
FANDOM for: DC,FAMILY,4.4,6715,9.5,500000.0,Free,0.0,Mature 17+,Entertainment,2018-07-20,0.0,4.4 and up
DC Super Hero Girls™,FAMILY,4.3,43090,95.0,5000000.0,Free,0.0,Everyone,Action;Action & Adventure,2018-06-29,0.0,4.0 and up
LBDSH,FAMILY,4.2,2557,5.8,50000.0,Paid,4.99,Everyone 10+,Adventure;Action & Adventure,2016-05-09,0.0,4.0.3 and up
UDC,GAME,4.5,937,35.0,10000.0,Free,0.0,Everyone,Trivia,2017-10-19,0.0,4.0.3 and up
LDMM,FAMILY,4.3,139545,63.0,10000000.0,Free,0.0,Everyone,Racing;Action & Adventure,2018-01-30,0.0,4.1 and up
JLAR,GAME,4.3,22333,9.7,1000000.0,Free,0.0,Everyone 10+,Action,2018-08-07,2.01,4.3 and up
MADW,PERSONALIZATION,4.2,249,91.0,10000.0,Free,0.0,Everyone,Personalization,2018-07-07,4.0,4.1 and up
DC Comics Amino,SOCIAL,4.9,117,63.0,1000.0,Free,0.0,Teen,Social,2018-07-13,0.0,4.0.3 and up
Quiz DC,GAME,1.4,33,3.1,1000.0,Free,0.0,Everyone,Trivia,2017-12-25,1.1,4.1 and up
BGMW,FAMILY,4.0,16190,88.0,1000000.0,Free,0.0,Everyone,Action;Action & Adventure,2018-04-24,0.0,4.0 and up
SMDCTMN,COMICS,5.0,34,12.0,5000.0,Free,0.0,Everyone,Comics,2018-07-31,0.0,5.0 and up
MCOC,GAME,4.3,2468915,92.0,50000000.0,Free,0.0,Teen,Action,2018-07-30,0.0,4.0.3 and up
DC Universe Quiz,GAME,4.3,11,23.0,500.0,Free,0.0,Everyone,Trivia,2018-05-22,0.0,4.0.3 and up
DC HSEMA,BOOKS_AND_REFERENCE,3.8,38,7.2,5000.0,Free,0.0,Everyone,Books & Reference,2018-06-18,4.0,4.4 and up
DUOM,TOOLS,4.1,1186,6.4,50000.0,Free,0.0,Unrated,Tools,2012-02-27,1.3,2.3.3 and up
DC Public Library,BOOKS_AND_REFERENCE,4.2,20,3.4,1000.0,Free,0.0,Everyone,Books & Reference,2015-06-08,0.0,1.6 and up
MARVEL Strike Force,FAMILY,4.3,166312,91.0,5000000.0,Free,0.0,Teen,Role Playing,2018-07-31,0.0,4.4 and up
Vote 4 DC,TOOLS,4.1,46,6.1,1000.0,Free,0.0,Everyone,Tools,2016-09-21,0.0,4.0.3 and up
VVS,FAMILY,4.3,128,22.0,10000.0,Free,0.0,Everyone,Puzzle,2017-09-12,0.0,4.0.3 and up
DC Rider,MAPS_AND_NAVIGATION,3.6,258,6.9,50000.0,Free,0.0,Everyone,Maps & Navigation,2017-12-24,2.1,4.0 and up
PRLW,GAME,4.3,264755,91.0,10000000.0,Free,0.0,Teen,Action,2018-07-17,0.0,4.0 and up
MARVEL Future Fight,FAMILY,4.6,2354042,72.0,50000000.0,Free,0.0,Everyone 10+,Role Playing,2018-07-03,0.0,4.0.3 and up
DMT-F,TRAVEL_AND_LOCAL,4.4,6895,10.0,500000.0,Free,0.0,Everyone,Travel & Local,2018-05-15,0.0,4.1 and up
DNCER,FAMILY,5.0,22,2.2,100.0,Free,0.0,Mature 17+,Entertainment,2017-11-02,1.4,4.4 and up
RFDL,FAMILY,4.4,160,8.5,5000.0,Free,0.0,Everyone,Entertainment,2017-03-11,5.1,4.1 and up
FOX 5 DC,NEWS_AND_MAGAZINES,4.5,1440,12.0,100000.0,Free,0.0,Everyone,News & Magazines,2018-03-29,0.0,4.0 and up
DPTPDDDLE,FAMILY,4.7,78,11.0,5000.0,Free,0.0,Everyone,Education,2017-10-12,0.0,4.1 and up
DC-014,PHOTOGRAPHY,5.0,3,16.0,500.0,Free,0.0,Everyone,Photography,2018-06-14,0.0,4.1 and up
DC Metro,MAPS_AND_NAVIGATION,3.4,59,1.3,10000.0,Free,0.0,Everyone,Maps & Navigation,2015-01-26,1.0,1.5 and up
DTOHOT,TRAVEL_AND_LOCAL,3.1,16,18.0,5000.0,Free,0.0,Everyone,Travel & Local,2018-08-01,0.0,4.0.3 and up
DC Metro Transit,TRAVEL_AND_LOCAL,4.5,339,10.0,5000.0,Paid,2.99,Everyone,Travel & Local,2018-05-13,0.0,4.1 and up
AC DC Power Monitor,LIFESTYLE,5.0,1,1.2,10.0,Paid,3.04,Everyone,Lifestyle,2016-05-29,1.2,2.3 and up
McClatchy DC Bureau,NEWS_AND_MAGAZINES,4.3,80,8.7,5000.0,Free,0.0,Everyone 10+,News & Magazines,2018-06-18,0.0,4.4W and up
A-UCF,AUTO_AND_VEHICLES,4.4,186648,42.0,10000000.0,Free,0.0,Everyone,Auto & Vehicles,2018-08-02,0.0,4.2 and up
W-WAR,WEATHER,4.2,189310,38.0,10000000.0,Free,0.0,Everyone,Weather,2018-08-06,0.0,Varies with device
YFVC,COMMUNICATION,4.0,74497,5.3,5000000.0,Free,0.0,Everyone,Communication,2018-05-19,2018051801.0,4.0 and up
Speed Camera Radar,MAPS_AND_NAVIGATION,4.1,54034,5.8,5000000.0,Free,0.0,Teen,Maps & Navigation,2018-05-30,0.0,4.0 and up
WCCE,GAME,3.8,47386,96.0,1000000.0,Free,0.0,Everyone,Racing,2018-06-06,31.0,4.2 and up
B–LL,FAMILY,4.3,267787,21.0,10000000.0,Free,0.0,Everyone,Education,2018-07-30,0.0,4.4 and up
AFM(,TOOLS,4.1,498894,10.0,50000000.0,Free,0.0,Everyone,Tools,2018-08-02,0.0,4.0.3 and up
OPCD,FAMILY,4.3,9149,80.0,1000000.0,Free,0.0,Everyone,Simulation,2017-03-15,1.3,2.3.3 and up
ELT,TOOLS,4.3,191621,6.1,10000000.0,Free,0.0,Everyone,Tools,2018-05-29,1.43,4.0 and up
WSM,GAME,4.2,32849,1.5,1000000.0,Free,0.0,Everyone,Word,2015-09-30,0.0,2.3 and up
LC-PE,PHOTOGRAPHY,4.3,251686,31.0,10000000.0,Free,0.0,Everyone,Photography,2017-07-28,0.0,4.1 and up
Heavy Bus Simulator,FAMILY,4.4,252006,26.0,5000000.0,Free,0.0,Everyone,Simulation,2018-03-15,1.084,2.3 and up
CCIB&PCR,COMMUNICATION,4.4,483782,20.0,10000000.0,Free,0.0,Everyone,Communication,2018-07-29,1.286,4.1 and up
LFFF,PERSONALIZATION,3.9,28694,2.9,1000000.0,Free,0.0,Everyone,Personalization,2018-01-14,0.0,4.0.3 and up
Racing in Car 2,GAME,4.3,234589,38.0,50000000.0,Free,0.0,Everyone,Racing,2016-11-22,1.0,2.3.3 and up
ETPR,FAMILY,3.5,113183,36.0,5000000.0,Free,0.0,Everyone,Puzzle,2017-12-15,10.6,4.1 and up
Bike Racing 3D,GAME,4.2,951435,14.0,50000000.0,Free,0.0,Everyone,Racing,2018-01-17,2.2,2.1 and up
Satellite Director,TOOLS,4.1,45610,176.0,10000000.0,Free,0.0,Everyone,Tools,2018-01-02,1.56,1.6 and up
Truck Driver Cargo,GAME,4.1,257531,44.0,10000000.0,Free,0.0,Everyone 10+,Racing,2018-01-18,7.0,4.1 and up
ALSG✨,FAMILY,4.7,198480,82.0,5000000.0,Free,0.0,Everyone,Simulation,2018-08-03,20.0,4.1 and up
Checkers,GAME,4.5,375996,3.3,10000000.0,Free,0.0,Everyone,Board,2018-08-06,0.0,4.1 and up
SLQCBP,GAME,3.3,152102,18.0,10000000.0,Free,0.0,Teen,Trivia,2018-06-30,4.16,4.1 and up
Myth Defense 2: DF,FAMILY,4.2,17108,8.3,100000.0,Free,0.0,Everyone,Strategy,2016-06-23,0.0,2.3.3 and up
MD2DP,FAMILY,4.6,1764,8.3,10000.0,Paid,3.99,Everyone 10+,Strategy,2016-06-22,0.0,2.3.3 and up
DF@realtime,BUSINESS,4.3,24,8.0,1000.0,Free,0.0,Everyone,Business,2017-10-26,0.0,3.2 and up
DF Night Selfies,PHOTOGRAPHY,4.3,194,1.5,10000.0,Free,0.0,Everyone,Photography,2018-02-15,0.0,4.0 and up
DF Coaching,SPORTS,4.0,1,3.6,100.0,Free,0.0,Everyone,Sports,2018-05-24,0.0,4.1 and up
Digital Falak,TOOLS,4.7,3408,15.0,50000.0,Free,0.0,Everyone,Tools,2018-05-30,0.0,4.1 and up
TDFATDA,LIFESTYLE,5.0,8,6.7,1000.0,Free,0.0,Everyone,Lifestyle,2016-05-16,0.0,4.1 and up
DF Glue Board,PARENTING,5.0,1,27.0,10.0,Free,0.0,Everyone,Parenting,2018-01-19,0.6,4.2 and up
DF-Server Mobile,PRODUCTIVITY,4.9,17,76.0,100.0,Free,0.0,Everyone,Productivity,2016-06-07,0.0,4.4 and up
Red Transporte DF,MAPS_AND_NAVIGATION,4.3,11100,15.0,500000.0,Free,0.0,Everyone,Maps & Navigation,2018-04-28,0.0,4.0.3 and up
P-LV,SOCIAL,4.0,479939,15.0,10000000.0,Free,0.0,Mature 17+,Social,2018-07-09,0.0,4.4 and up
DBAP,TOOLS,4.5,2,3.3,100.0,Paid,3.99,Everyone,Tools,2018-07-19,1.4,4.0.3 and up
PR–PE2,TOOLS,4.1,1648,36.0,500000.0,Free,0.0,Everyone,Tools,2018-07-31,0.0,4.1 and up
FEGP,BOOKS_AND_REFERENCE,4.3,18,5.7,1000.0,Free,0.0,Everyone,Books & Reference,2017-07-22,1.0,4.0 and up
DG Coupon,SHOPPING,3.7,668,1.1,100000.0,Free,0.0,Everyone,Shopping,2018-07-16,20.0,4.0 and up
Penny Finder,SHOPPING,4.2,470,4.1,10000.0,Paid,2.99,Everyone,Shopping,2018-07-17,0.0,4.1 and up
D-DC-FCAD,SHOPPING,3.6,38,1.1,10000.0,Free,0.0,Everyone,Shopping,2018-07-01,20.0,4.0 and up
DG Surveyor,BUSINESS,3.6,5,6.8,50.0,Paid,8.99,Everyone,Business,2018-04-30,6.0,4.0.3 and up
DG Smart life,TOOLS,2.1,14,28.0,1000.0,Free,0.0,Everyone,Tools,2017-09-07,0.0,4.1 and up
Krazy Coupon Lady,SHOPPING,4.7,10318,32.0,1000000.0,Free,0.0,Everyone,Shopping,2018-06-19,0.0,4.4 and up
DG UPnP Player Free,VIDEO_PLAYERS,3.2,39,12.0,10000.0,Free,0.0,Everyone,Video Players & Editors,2016-03-18,2.0,4.0.3 and up
Penny Puss,TOOLS,3.0,19,22.0,1000.0,Paid,4.99,Everyone,Tools,2016-07-09,0.0,4.0 and up
DG Mobile,GAME,4.3,59,1.4,1000.0,Free,0.0,Everyone,Board,2017-04-08,0.0,2.3 and up
GGC-FCAD,SHOPPING,3.0,4,1.2,1000.0,Free,0.0,Everyone,Shopping,2018-07-01,10.0,4.0 and up
ZombieVital DG,FAMILY,4.3,10,20.0,100.0,Paid,12.99,Everyone,Simulation,2018-08-04,0.0,Varies with device
DJ Electro Mix Pad,FAMILY,3.9,53301,7.6,10000000.0,Free,0.0,Everyone,Entertainment,2017-06-16,0.0,4.0.3 and up
DG Screen Recorder,VIDEO_PLAYERS,3.3,12,2.9,500.0,Free,0.0,Everyone,Video Players & Editors,2015-10-20,1.7,5.0 and up
DG Video Editor,VIDEO_PLAYERS,4.0,486,2.5,10000.0,Free,0.0,Everyone,Video Players & Editors,2016-09-06,0.0,4.4 and up
The DG Buddy,BUSINESS,3.7,3,11.0,10.0,Paid,2.49,Everyone,Business,2014-06-30,3.0,2.2 and up
RDMP,TOOLS,2.8,27,34.0,1000.0,Free,0.0,Everyone,Tools,2018-02-20,1.42,4.4 and up
Destroy Gunners Σ,GAME,4.4,10786,21.0,1000000.0,Free,0.0,Everyone,Arcade,2017-01-14,1.02,4.0.3 and up
DG-App,TOOLS,5.0,1,4.5,500.0,Free,0.0,Everyone,Tools,2017-11-29,0.0,4.1 and up
CIPT-DA,TRAVEL_AND_LOCAL,3.9,58,22.0,10000.0,Free,0.0,Everyone,Travel & Local,2016-10-28,0.0,4.0.3 and up
DPCTS,PRODUCTIVITY,4.2,43,34.0,1000.0,Free,0.0,Everyone,Productivity,2015-06-09,2.04,4.0 and up
DG Fitness,HEALTH_AND_FITNESS,4.8,6,14.0,100.0,Free,0.0,Everyone,Health & Fitness,2018-03-23,0.0,4.1 and up
Sharaf DG,SHOPPING,4.0,7006,12.0,500000.0,Free,0.0,Everyone,Shopping,2018-05-12,3.1,4.4 and up
CM-DC,SHOPPING,3.0,2,1.3,100.0,Free,0.0,Everyone,Shopping,2018-05-30,6.0,3.0 and up
DG Users,PRODUCTIVITY,4.5,8,3.1,100.0,Free,0.0,Everyone,Productivity,2018-06-07,1.2,4.0.3 and up
DG Cars,TRAVEL_AND_LOCAL,2.6,122,11.0,10000.0,Free,0.0,Everyone,Travel & Local,2018-06-08,0.0,4.1 and up
FCAV,FINANCE,5.0,4,5.9,100.0,Free,0.0,Everyone,Finance,2018-07-28,1.5,4.4 and up
DO-1FC&D,SHOPPING,5.0,1,1.1,10.0,Free,0.0,Everyone,Shopping,2018-07-11,1.0,4.0 and up
Digoo·Cloud,TOOLS,4.1,543,26.0,10000.0,Free,0.0,Everyone,Tools,2018-06-05,0.0,4.0.3 and up
Dग/DGP,NEWS_AND_MAGAZINES,4.5,53,5.9,10000.0,Free,0.0,Teen,News & Magazines,2018-06-19,1.7,4.0 and up
DG TV,NEWS_AND_MAGAZINES,5.0,3,5.7,100.0,Free,0.0,Everyone,News & Magazines,2018-05-26,1.2,4.1 and up
DWP,SHOPPING,4.5,104068,37.0,5000000.0,Free,0.0,Teen,Shopping,2018-08-01,0.0,4.1 and up
DEER HUNTER CLASSIC,GAME,4.4,3941129,77.0,50000000.0,Free,0.0,Teen,Action,2018-07-16,0.0,3.0 and up
DEER HUNTER RELOADED,GAME,4.3,314774,43.0,5000000.0,Free,0.0,Teen,Action,2013-09-16,0.0,2.1 and up
DPPO,GAME,4.2,1878,20.0,100000.0,Free,0.0,Teen,Casino,2017-11-09,0.0,3.0 and up
DH UFO,FAMILY,3.0,4,8.0,1000.0,Free,0.0,Everyone,Entertainment,2017-06-08,1.0,4.1 and up
Galaxy Defense,FAMILY,4.1,78142,17.0,5000000.0,Free,0.0,Everyone,Strategy,2015-08-22,0.0,3.0 and up
COMDH,GAME,4.2,326042,10.0,10000000.0,Free,0.0,Teen,Action,2014-06-06,0.0,3.0 and up
Castle Defense 2,FAMILY,4.2,35172,34.0,1000000.0,Free,0.0,Teen,Strategy,2017-01-20,0.0,2.3.3 and up
Dungeon Rush,FAMILY,4.0,28633,81.0,1000000.0,Free,0.0,Everyone 10+,Role Playing,2016-12-23,0.0,2.3 and up
Treasure Defense,FAMILY,4.1,3527,35.0,100000.0,Free,0.0,Teen,Strategy,2015-09-08,0.0,3.0 and up
CCIBDRDS2,GAME,3.6,151,100.0,10000.0,Free,0.0,Everyone,Racing,2018-05-20,1.03,4.1 and up
TLLL,FAMILY,4.3,1130,48.0,50000.0,Free,0.0,Teen,Simulation,2015-04-03,1.01,4.2 and up
DH-UFO,FAMILY,5.0,1,59.0,100.0,Free,0.0,Everyone,Entertainment,2018-05-24,0.0,4.4 and up
DGD,SOCIAL,3.9,6450,14.0,500000.0,Free,0.0,Mature 17+,Social,2018-01-22,0.0,4.0 and up
Tiny Defense,FAMILY,4.1,29387,16.0,1000000.0,Free,0.0,Everyone,Strategy,2015-08-22,0.0,3.0 and up
TDHL,FAMILY,3.8,168,24.0,10000.0,Free,0.0,Everyone,Strategy,2017-03-01,0.0,4.0.3 and up
D-H Pharmacy,LIFESTYLE,5.0,6,2.3,1000.0,Free,0.0,Everyone,Lifestyle,2016-05-04,6.1,2.2 and up
DHC,GAME,3.7,38767,4.1,5000000.0,Free,0.0,Everyone 10+,Action,2011-04-11,0.0,2.0 and up
Kingdom in Chaos,FAMILY,4.3,5623,28.0,100000.0,Free,0.0,Everyone 10+,Role Playing,2015-12-21,0.0,2.3 and up
DHTG,FAMILY,4.2,10440,27.0,500000.0,Free,0.0,Teen,Role Playing,2018-08-06,0.0,4.4 and up
Dinosaur War,FAMILY,4.3,157997,27.0,10000000.0,Free,0.0,Everyone,Simulation,2016-08-04,0.0,2.3.3 and up
DH News,NEWS_AND_MAGAZINES,2.5,81,6.7,10000.0,Free,0.0,Mature 17+,News & Magazines,2017-11-27,0.0,4.0.3 and up
Bike Unchained,SPORTS,4.3,83545,23.0,5000000.0,Free,0.0,Everyone,Sports,2018-07-31,1.193,4.0 and up
Bike 3D Configurator,SPORTS,4.3,34062,85.0,1000000.0,Free,0.0,Everyone,Sports,2018-04-03,0.0,4.4 and up
CD:I,FAMILY,4.2,1484,41.0,100000.0,Free,0.0,Everyone,Strategy,2018-07-15,0.0,4.0.3 and up
Defender,GAME,4.6,152395,14.0,10000000.0,Free,0.0,Everyone 10+,Action,2016-07-22,0.0,2.3 and up
Avenger Legends,FAMILY,4.0,3715,94.0,100000.0,Free,0.0,Everyone,Role Playing,2017-07-13,0.0,4.0.3 and up
DrivingTest,FAMILY,2.9,975,45.0,100000.0,Free,0.0,Everyone,Simulation,2017-02-27,5.0,4.1 and up
THPD,GAME,4.5,396090,26.0,10000000.0,Free,0.0,Teen,Casino,2018-05-30,0.0,4.0.3 and up
Idle Heroes,FAMILY,4.7,417197,99.0,10000000.0,Free,0.0,Everyone 10+,Role Playing,2018-05-30,0.0,2.3 and up
Wallpapers DH 4K,PERSONALIZATION,3.8,23,5.9,1000.0,Free,0.0,Everyone,Personalization,2018-07-16,2.0,4.0.3 and up
Deck Heroes: Legacy,GAME,4.7,466495,52.0,10000000.0,Free,0.0,Teen,Card,2018-07-16,0.0,2.3.3 and up
SDM,GAME,3.9,41683,63.0,1000000.0,Free,0.0,Everyone,Arcade,2017-02-02,1.67,2.3 and up
Pocket Heroes,FAMILY,4.5,96658,26.0,1000000.0,Free,0.0,Everyone 10+,Role Playing,2015-09-05,0.0,3.0 and up
FPCFTSOFN,SOCIAL,4.5,412888,35.0,10000000.0,Free,0.0,Everyone,Social,2018-07-31,0.0,4.1 and up
PT:FL,SOCIAL,4.3,231446,5.4,10000000.0,Free,0.0,Everyone,Social,2018-08-02,4.81,4.0 and up
Meme Generator Free,FAMILY,4.4,303394,53.0,10000000.0,Free,0.0,Mature 17+,Entertainment,2018-08-03,4.426,4.1 and up
SS-EF,HEALTH_AND_FITNESS,4.8,39068,4.0,500000.0,Free,0.0,Everyone,Health & Fitness,2018-07-07,0.0,4.1 and up
FIFA Soccer,SPORTS,4.2,3909032,51.0,100000000.0,Free,0.0,Everyone,Sports,2018-07-31,0.0,4.1 and up
My Photo Keyboard,PHOTOGRAPHY,4.1,211620,20.0,10000000.0,Free,0.0,Everyone,Photography,2018-03-29,7.4,4.0 and up
APODAS,GAME,4.5,6026,39.0,100000.0,Free,0.0,Teen,Action,2018-07-07,1.04,4.1 and up
SSFI,PHOTOGRAPHY,4.5,41331,5.0,5000000.0,Free,0.0,Everyone,Photography,2018-07-31,0.0,4.0.3 and up
CFC,PHOTOGRAPHY,4.6,28107,5.7,500000.0,Paid,2.99,Everyone,Photography,2018-06-11,0.0,4.0 and up
W-CI&B,COMMUNICATION,4.4,552635,29.0,10000000.0,Free,0.0,Everyone,Communication,2018-08-01,0.0,4.1 and up
CITK,FAMILY,4.1,217736,87.0,10000000.0,Free,0.0,Everyone,Casual;Pretend Play,2018-08-02,0.0,4.1 and up
ACR,TOOLS,4.3,1648515,7.1,100000000.0,Free,0.0,Everyone,Tools,2018-08-02,0.0,2.3 and up
FPA,GAME,4.7,55952,61.0,1000000.0,Free,0.0,Everyone 10+,Arcade,2017-07-13,0.0,4.1 and up
SNBO,SHOPPING,4.2,609186,30.0,10000000.0,Free,0.0,Everyone,Shopping,2018-07-23,0.0,4.1 and up
Lep's World 3 🍀🍀🍀,GAME,4.3,771001,52.0,50000000.0,Free,0.0,Everyone 10+,Action,2018-06-11,0.0,4.1 and up
Robbery Bob,GAME,4.5,617732,44.0,10000000.0,Free,0.0,Everyone 10+,Action,2018-07-29,0.0,4.1 and up
VD-FIRA,VIDEO_PLAYERS,4.8,332623,4.6,10000000.0,Free,0.0,Everyone,Video Players & Editors,2018-07-27,0.0,4.1 and up
NCLIS,GAME,4.5,371318,90.0,10000000.0,Free,0.0,Everyone 10+,Arcade,2018-06-08,0.0,4.1 and up
Q–FVEFPCM,VIDEO_PLAYERS,4.7,696665,91.0,10000000.0,Free,0.0,Everyone,Video Players & Editors,2018-07-05,0.0,5.0 and up
ETD(,FAMILY,4.4,860078,30.0,10000000.0,Free,0.0,Everyone,Simulation,2018-02-15,0.0,4.1 and up
DMES,FAMILY,4.1,5997,20.0,1000000.0,Free,0.0,Everyone,Simulation,2018-01-26,1.1,4.1 and up
3D–MMWVD,FAMILY,4.3,796,28.0,100000.0,Free,0.0,Everyone,Entertainment,2018-07-03,0.0,5.0 and up
Virtual DJ Mixer,TOOLS,4.2,2013,16.0,100000.0,Free,0.0,Everyone,Tools,2017-05-18,1.0,4.1 and up
Mix Virtual DJ 2018,TOOLS,4.2,2925,16.0,100000.0,Free,0.0,Everyone,Tools,2017-11-23,1.0,4.1 and up
RFVD,FAMILY,3.6,21095,7.9,1000000.0,Free,0.0,Everyone,Entertainment,2016-12-16,4.0,4.0.3 and up
D1MLC,FAMILY,2.8,21,57.0,1000.0,Free,0.0,Everyone,Education,2018-04-06,0.0,4.0.3 and up
DK Readers,FAMILY,3.9,30,16.0,1000.0,Free,0.0,Everyone,Education,2014-07-02,1.1,2.3 and up
ETPB,FAMILY,3.8,10,25.0,1000.0,Free,0.0,Everyone,Education,2017-07-28,1.0,4.1 and up
DK Quiz,GAME,4.4,1628,34.0,50000.0,Free,0.0,Everyone,Trivia,2014-04-10,1.3,2.3 and up
DK Virtual Reality,FAMILY,3.7,42,29.0,1000.0,Free,0.0,Everyone,Books & Reference;Education,2018-03-13,0.0,5.0 and up
BDAA,BOOKS_AND_REFERENCE,2.7,68,87.0,5000.0,Free,0.0,Everyone,Books & Reference,2018-05-02,0.0,4.1 and up
SDVKBAFC,GAME,3.8,66,38.0,10000.0,Free,0.0,Everyone,Arcade,2018-07-17,1.2,4.1 and up
English for Everyone,FAMILY,3.2,429,18.0,10000.0,Free,0.0,Everyone,Education,2018-07-06,0.0,4.4 and up
DL-SPBP,SPORTS,3.9,255,19.0,100000.0,Free,0.0,Everyone,Sports,2018-05-22,0.0,4.4 and up
DEAW,TRAVEL_AND_LOCAL,2.3,9,70.0,1000.0,Free,0.0,Everyone,Travel & Local,2018-04-06,0.0,4.2 and up
DK Pittsburgh Sports,SPORTS,4.1,556,3.3,10000.0,Free,0.0,Everyone,Sports,2018-07-26,0.0,4.2 and up
LineStar For DK,SPORTS,4.3,1387,14.0,50000.0,Free,0.0,Everyone,Sports,2018-06-06,0.0,4.0.3 and up
VWA,FAMILY,3.1,192,66.0,10000.0,Free,0.0,Everyone,Education,2017-07-07,0.0,4.1 and up
Fodbold DK Pro,SPORTS,4.6,315,4.3,1000.0,Paid,2.99,Everyone,Sports,2018-06-06,0.0,4.0 and up
1MADTT,FAMILY,4.1,681,48.0,100000.0,Free,0.0,Everyone,Education,2014-07-03,1.2,2.2 and up
dk Verk,BUSINESS,4.4,9,31.0,500.0,Free,0.0,Everyone,Business,2018-03-14,0.0,4.1 and up
e-Boks.dk,PRODUCTIVITY,3.2,6752,3.3,1000000.0,Free,0.0,Everyone,Productivity,2018-03-21,0.0,4.0.3 and up
ACS(KG,FAMILY,4.5,663,25.0,50000.0,Free,0.0,Everyone,Education,2018-02-09,0.0,3.0 and up
Dating.dk,SOCIAL,3.7,2111,11.0,100000.0,Free,0.0,Mature 17+,Social,2018-08-06,0.0,4.4 and up
ACS(KGV,FAMILY,4.4,708,33.0,50000.0,Free,0.0,Everyone,Education,2018-02-12,0.0,3.0 and up
SW(,LIFESTYLE,4.5,532,6.4,10000.0,Free,0.0,Everyone,Lifestyle,2015-06-28,0.0,2.3 and up
PK and DK Audio App,FAMILY,5.0,2,3.9,100.0,Free,0.0,Everyone,Entertainment,2017-10-25,0.0,4.1 and up
dk,FAMILY,4.8,5,1.5,10.0,Free,0.0,Everyone,Education,2017-09-18,1.0,2.3 and up
ACS(KGV,FAMILY,4.6,124,23.0,10000.0,Free,0.0,Everyone,Education,2018-04-17,0.0,3.0 and up
DK Browser,COMMUNICATION,4.0,1,2.4,10.0,Free,0.0,Everyone,Communication,2017-04-25,1.0,4.2 and up
Discovery K!ds Play!,FAMILY,4.1,19388,35.0,1000000.0,Free,0.0,Everyone,Entertainment;Music & Video,2018-05-03,0.0,4.0.3 and up
Transport DK,MAPS_AND_NAVIGATION,4.1,204,11.0,10000.0,Free,0.0,Everyone,Maps & Navigation,2017-05-29,2.28,4.0 and up
DK Murali,SOCIAL,4.8,65,7.1,500.0,Free,0.0,Teen,Social,2017-02-25,0.0,4.1 and up
GirlTalk.dk,SOCIAL,4.3,3,5.3,100.0,Free,0.0,Teen,Social,2017-09-22,0.0,4.1 and up
NMD-DB,FINANCE,2.8,851,30.0,100000.0,Free,0.0,Everyone,Finance,2018-06-26,0.0,4.3 and up
ADMP,TOOLS,4.7,6505,2.0,50000.0,Paid,2.99,Everyone,Tools,2017-11-03,0.0,4.0 and up
GAFD,TOOLS,4.2,91186,6.3,5000000.0,Free,0.0,Everyone,Tools,2018-05-22,0.0,4.0 and up
Download All Files,TOOLS,3.8,120494,2.3,10000000.0,Free,0.0,Everyone,Tools,2018-06-13,0.0,4.1 and up
DMPF,PRODUCTIVITY,3.8,637,7.2,100000.0,Free,0.0,Everyone,Productivity,2017-10-31,2.5,4.1 and up
Download Manager,TOOLS,3.8,79132,2.2,10000000.0,Free,0.0,Everyone,Tools,2018-01-03,0.0,2.3 and up
Download Video Free,FAMILY,4.0,39682,6.2,1000000.0,Free,0.0,Everyone,Entertainment,2018-04-03,0.0,4.1 and up
FDM,TOOLS,4.0,18478,1.7,1000000.0,Free,0.0,Everyone,Tools,2018-08-04,0.0,2.3 and up
DL Hughley,FAMILY,4.6,12,10.0,1000.0,Free,0.0,Mature 17+,Entertainment,2018-03-23,0.0,4.1 and up
TDM(B,TOOLS,4.0,32879,3.2,5000000.0,Free,0.0,Everyone,Tools,2018-08-04,5.19,4.0.3 and up
DEBMB,FINANCE,4.3,85,30.0,10000.0,Free,0.0,Everyone,Finance,2018-05-02,0.0,5.0 and up
The DL Hughley Show,FAMILY,4.3,23,11.0,5000.0,Free,0.0,Everyone,Entertainment,2018-05-29,0.0,5.0 and up
Download Blazer,TOOLS,3.9,34612,2.4,5000000.0,Free,0.0,Everyone,Tools,2018-06-12,0.0,4.1 and up
DL Image Manager,PRODUCTIVITY,5.0,2,1.7,10.0,Paid,0.99,Everyone,Productivity,2018-07-29,0.0,4.0 and up
DMFAF,TOOLS,4.0,593,3.3,100000.0,Free,0.0,Everyone,Tools,2018-04-12,0.0,3.0 and up
FTD&MP,VIDEO_PLAYERS,4.1,253207,13.0,10000000.0,Free,0.0,Everyone,Video Players & Editors,2018-08-02,0.0,4.4 and up
Turbo Downloader,TOOLS,3.9,23348,3.2,5000000.0,Free,0.0,Everyone,Tools,2018-07-04,3.48,4.0.3 and up
Trimble DL,PRODUCTIVITY,4.2,133,7.9,10000.0,Free,0.0,Everyone,Productivity,2018-01-12,0.0,4.2 and up
IFI,PHOTOGRAPHY,4.3,46242,5.2,1000000.0,Free,0.0,Everyone,Photography,2016-09-20,0.0,4.0 and up
+4IT,SOCIAL,4.5,40467,22.0,1000000.0,Free,0.0,Everyone,Social,2018-08-02,5.03,4.1 and up
ADMH,TOOLS,4.4,16192,1.6,1000000.0,Free,0.0,Everyone,Tools,2016-07-13,0.0,4.0 and up
G-Download Manager,TOOLS,4.1,802,9.4,50000.0,Free,0.0,Everyone,Tools,2018-05-24,0.0,4.1 and up
Video Downloader,VIDEO_PLAYERS,4.2,58981,5.4,10000000.0,Free,0.0,Everyone,Video Players & Editors,2018-08-03,0.0,4.4 and up
DL Calculator,SPORTS,4.5,177,1.1,10000.0,Free,0.0,Everyone,Sports,2015-09-17,1.0,2.2 and up
ID-V&P,VIDEO_PLAYERS,4.6,148715,3.3,10000000.0,Free,0.0,Everyone,Video Players & Editors,2017-12-20,2.0,4.0 and up
VTD,VIDEO_PLAYERS,4.1,24565,5.5,1000000.0,Free,0.0,Everyone,Video Players & Editors,2016-03-04,2.1,2.3.3 and up
IIDM,PRODUCTIVITY,3.9,1322,4.2,100000.0,Free,0.0,Everyone,Productivity,2016-10-25,0.0,4.2 and up
T-TD,TOOLS,4.7,59632,10.0,1000000.0,Free,0.0,Everyone,Tools,2018-04-03,0.0,4.1 and up
DM-F&V,TOOLS,3.9,8780,5.0,1000000.0,Free,0.0,Everyone,Tools,2018-06-13,0.0,4.2 and up
A-SD,VIDEO_PLAYERS,4.3,38607,2.9,1000000.0,Free,0.0,Everyone,Video Players & Editors,2017-03-19,0.0,2.3 and up
DM Me - Chat,SOCIAL,2.9,90,30.0,10000.0,Free,0.0,Mature 17+,Social,2018-07-09,1.0,4.0.3 and up
DM Screen,BOOKS_AND_REFERENCE,4.4,283,5.4,10000.0,Free,0.0,Everyone 10+,Books & Reference,2018-01-12,0.0,4.0 and up
DFI😘-I&VSFI,SOCIAL,3.7,55,3.7,5000.0,Free,0.0,Teen,Social,2018-03-03,0.0,4.4 and up
DM for WhatsApp,COMMUNICATION,4.4,25,2.9,5000.0,Free,0.0,Everyone,Communication,2018-06-03,0.0,4.4 and up
FEDT,FAMILY,4.1,942,3.0,100000.0,Free,0.0,Everyone,Role Playing,2017-01-19,1.14,3.0 and up
DM airdisk,TOOLS,2.8,11,11.0,1000.0,Free,0.0,Everyone,Tools,2016-08-05,0.0,3.0 and up
DM(FZTH,MEDICAL,4.9,18,3.0,1000.0,Free,0.0,Everyone,Medical,2018-01-17,1.0,4.3 and up
ADFT🔥,SOCIAL,3.4,44,6.3,1000.0,Free,0.0,Teen,Social,2018-05-21,0.0,4.1 and up
DM HiDisk,TOOLS,2.8,54,20.0,5000.0,Free,0.0,Everyone,Tools,2018-06-07,0.0,4.0.3 and up
DM EVOLUTION,GAME,2.5,450,97.0,10000.0,Free,0.0,Everyone,Card,2018-07-23,0.0,4.1 and up
Daily DM,PERSONALIZATION,4.7,51,259.0,1000.0,Free,0.0,Everyone,Personalization,2013-10-04,1.0,2.1 and up
DADDT,BOOKS_AND_REFERENCE,3.1,50,4.9,1000.0,Paid,1.99,Everyone,Books & Reference,2017-02-22,2.0,2.3 and up
DM airdisk Pro,TOOLS,3.2,11,36.0,1000.0,Free,0.0,Everyone,Tools,2017-09-20,0.0,4.0.3 and up
CCDTD,MAPS_AND_NAVIGATION,4.3,15,164.0,5000.0,Free,0.0,Everyone,Maps & Navigation,2013-02-03,1.6,2.2 and up
DS-DM,TOOLS,3.9,27,3.0,1000.0,Free,0.0,Everyone,Tools,2017-04-26,0.0,4.1 and up
DM 24/7,TOOLS,3.6,7,16.0,1000.0,Free,0.0,Everyone,Tools,2018-08-01,2.3,2.3.3 and up
DS(T,SOCIAL,3.2,6,458.0,100.0,Free,0.0,Everyone,Social,2014-11-26,1.0,4.1 and up
DM Tracker,COMMUNICATION,3.5,11,5.2,1000.0,Free,0.0,Everyone,Communication,2018-07-26,0.0,4.3 and up
DM Tuning,SPORTS,3.3,64,5.7,5000.0,Free,0.0,Everyone,Sports,2018-04-04,0.0,6.0 and up
Aster DM Healthcare,MEDICAL,2.4,32,8.5,5000.0,Free,0.0,Everyone,Medical,2017-11-21,1.5,4.0.3 and up
FC(M,SOCIAL,4.4,5985,5.9,500000.0,Free,0.0,Everyone,Social,2017-07-06,0.0,4.1 and up
INDT,FAMILY,2.8,5,629.0,50.0,Paid,0.99,Everyone,Role Playing,2015-01-31,0.0,2.3.3 and up
DB»LDM,FAMILY,5.0,3,1.7,500.0,Free,0.0,Everyone,Education,2017-07-11,2.1,4.1 and up
BDM1,SPORTS,4.4,426,21.0,5000.0,Paid,1.99,Everyone,Sports,2016-06-01,0.0,4.0 and up
DM(L,FAMILY,5.0,3,4.0,100.0,Free,0.0,Everyone,Education,2018-08-01,0.0,4.4 and up
DN,NEWS_AND_MAGAZINES,3.3,78,17.0,10000.0,Free,0.0,Everyone,News & Magazines,2018-07-02,0.0,5.0 and up
DN eAvis,NEWS_AND_MAGAZINES,2.9,61,4.1,10000.0,Free,0.0,Everyone,News & Magazines,2017-02-01,0.0,4.1 and up
DN Sync,NEWS_AND_MAGAZINES,4.1,56,28.0,1000.0,Free,0.0,Everyone 10+,News & Magazines,2016-06-13,1.15,2.3.3 and up
DN Reader,NEWS_AND_MAGAZINES,4.6,18,1.8,100.0,Free,0.0,Everyone,News & Magazines,2014-03-13,1.0,4.0 and up
E-DDTFDN,NEWS_AND_MAGAZINES,2.2,160,32.0,50000.0,Free,0.0,Everyone 10+,News & Magazines,2018-05-24,0.0,4.4 and up
MLWD,PERSONALIZATION,4.3,505,288.0,10000.0,Paid,1.99,Everyone,Personalization,2013-02-10,0.0,2.1 and up
DN Blog,SOCIAL,5.0,20,4.2,10.0,Free,0.0,Teen,Social,2018-07-23,1.0,4.0 and up
Dagens Nyheter,NEWS_AND_MAGAZINES,2.5,2055,17.0,100000.0,Free,0.0,Everyone,News & Magazines,2018-07-04,0.0,4.4 and up
DN.VR,NEWS_AND_MAGAZINES,3.0,29,37.0,5000.0,Free,0.0,Everyone 10+,News & Magazines,2018-05-23,0.0,5.0 and up
D-DDN,NEWS_AND_MAGAZINES,3.7,794,15.0,100000.0,Free,0.0,Everyone,News & Magazines,2018-07-26,0.0,4.1 and up
DN Employee,FAMILY,5.0,1,3.8,10.0,Free,0.0,Everyone,Education,2018-06-25,1.4,4.4 and up
DN Calculators,FINANCE,5.0,12,775.0,100.0,Free,0.0,Everyone,Finance,2013-09-05,1.11,3.0 and up
WWP-H,FAMILY,4.1,89,33.0,5000.0,Paid,4.49,Everyone,Education;Education,2017-12-03,0.0,4.0.3 and up
Sverige Tidningar,NEWS_AND_MAGAZINES,4.1,905,4.0,50000.0,Free,0.0,Everyone,News & Magazines,2018-07-30,0.0,4.0 and up
Dragon Nest M,FAMILY,4.6,11872,62.0,100000.0,Free,0.0,Teen,Role Playing,2018-07-17,0.0,4.3 and up
GHS,FAMILY,4.5,364013,27.0,1000000.0,Free,0.0,Everyone 10+,Role Playing,2018-08-06,0.0,4.1 and up
ES Remote,FAMILY,3.3,707,15.0,100000.0,Free,0.0,Everyone,Entertainment,2014-11-20,0.0,2.3 and up
DNSWDOGLS,GAME,4.4,13079,30.0,500000.0,Free,0.0,Everyone 10+,Adventure,2018-04-20,0.0,4.0 and up
DNLW(,PERSONALIZATION,4.7,4856,18.0,50000.0,Paid,2.49,Everyone,Personalization,2018-01-31,0.0,4.0 and up
C-DR,FAMILY,4.7,2910,5.3,50000.0,Free,0.0,Everyone,Entertainment,2016-10-30,0.0,4.1 and up
CWW-H,FAMILY,4.0,3745,31.0,1000000.0,Free,0.0,Everyone,Education;Education,2017-12-03,0.0,4.0.3 and up
FPG:DC-TH,GAME,4.5,2032,50.0,50000.0,Free,0.0,Teen,Card,2018-06-05,0.0,4.1 and up
W2|WFVS&D,PRODUCTIVITY,4.3,596,22.0,50000.0,Free,0.0,Everyone,Productivity,2018-07-04,1.3,4.1 and up
MEM-O,FAMILY,4.6,166,2.6,10000.0,Free,0.0,Everyone,Entertainment,2017-05-24,0.0,3.1 and up
Darkness Rises,FAMILY,4.7,456474,86.0,5000000.0,Free,0.0,Teen,Role Playing,2018-07-24,0.0,4.4 and up
NXBNV,GAME,4.4,267395,71.0,5000000.0,Free,0.0,Everyone 10+,Action,2018-07-19,0.0,4.4 and up
SAOIF,FAMILY,4.0,45359,32.0,1000000.0,Free,0.0,Everyone 10+,Role Playing,2018-07-26,0.0,4.4 and up
MD2,PRODUCTIVITY,4.2,25427,9.2,1000000.0,Free,0.0,Everyone,Productivity,2018-01-05,18.0,4.0 and up
MTLT&R,PRODUCTIVITY,4.1,14432,16.0,1000000.0,Free,0.0,Everyone,Productivity,2018-07-31,0.0,4.4 and up
To Do List,PRODUCTIVITY,4.7,253155,3.5,5000000.0,Free,0.0,Everyone,Productivity,2018-03-19,0.0,4.0 and up
do,FAMILY,3.1,1073,5.9,100000.0,Free,0.0,Everyone,Strategy,2016-06-08,0.0,4.0 and up
Does not Commute,GAME,4.0,154108,78.0,5000000.0,Free,0.0,Everyone,Racing,2015-10-13,0.0,2.3 and up
TTLFTM&E,PRODUCTIVITY,4.5,155998,12.0,10000000.0,Free,0.0,Everyone,Productivity,2018-08-05,0.0,4.4 and up
TDRWA,PRODUCTIVITY,4.4,72161,4.9,1000000.0,Free,0.0,Everyone,Productivity,2018-03-21,0.0,4.0 and up
WHTDA,BOOKS_AND_REFERENCE,4.4,43088,3.0,1000000.0,Free,0.0,Teen,Books & Reference,2017-04-19,0.0,4.0 and up
I-TLTL,PRODUCTIVITY,4.6,6320,6.3,100000.0,Free,0.0,Everyone,Productivity,2016-12-10,2.0,4.4 and up
METDT,PRODUCTIVITY,4.6,14089,8.4,500000.0,Free,0.0,Everyone,Productivity,2018-08-05,0.0,4.1 and up
Do it (Tomorrow),PRODUCTIVITY,4.3,26452,4.0,1000000.0,Free,0.0,Everyone,Productivity,2014-11-03,0.0,2.1 and up
Do Not Disturb,PRODUCTIVITY,4.3,6120,1.9,100000.0,Free,0.0,Everyone,Productivity,2017-11-22,0.0,6.0 and up
To-Do List Widget,PRODUCTIVITY,3.9,7801,201.0,1000000.0,Free,0.0,Everyone,Productivity,2013-09-28,2.0,1.5 and up
NNTDL,PRODUCTIVITY,4.5,57449,5.0,1000000.0,Free,0.0,Everyone,Productivity,2018-08-04,0.0,4.0 and up
MH-TDLNNM,PRODUCTIVITY,4.7,7566,4.0,500000.0,Free,0.0,Everyone,Productivity,2018-07-21,67.0,4.1 and up
2-RTL&N,PRODUCTIVITY,4.3,4649,30.0,100000.0,Free,0.0,Everyone,Productivity,2018-06-19,0.0,5.0 and up
N:CNND,LIFESTYLE,4.6,10484,9.0,1000000.0,Free,0.0,Everyone,Lifestyle,2018-06-09,0.0,4.1 and up
TP-STLTT,PRODUCTIVITY,4.2,2537,8.5,500000.0,Free,0.0,Everyone,Productivity,2018-01-10,2.2,4.0 and up
C-GC+W,PRODUCTIVITY,4.2,86172,13.0,1000000.0,Free,0.0,Everyone,Productivity,2016-02-01,0.0,4.0 and up
CMH–CTDLTS,PRODUCTIVITY,4.1,661,3.4,100000.0,Free,0.0,Everyone,Productivity,2018-06-21,0.0,4.1 and up
GMGTHCL,PRODUCTIVITY,4.6,7969,20.0,100000.0,Free,0.0,Everyone,Productivity,2018-02-06,0.0,4.4 and up
To-do list,PRODUCTIVITY,4.4,688,4.4,50000.0,Free,0.0,Everyone,Productivity,2018-07-17,2.22,4.0 and up
Do Not Crash,FAMILY,3.7,56664,8.3,1000000.0,Free,0.0,Everyone,Casual,2015-02-05,1.4,2.3 and up
Do I Snore or Grind,MEDICAL,4.4,2295,19.0,100000.0,Free,0.0,Everyone,Medical,2018-07-09,0.0,5.0 and up
HWDYKM,GAME,3.9,1290,6.4,100000.0,Free,0.0,Everyone,Word,2018-07-26,0.0,4.1 and up
EN|TDL,TOOLS,4.3,15618,2.4,1000000.0,Free,0.0,Everyone,Tools,2017-11-27,0.0,2.3 and up
AF&SEPFF,PRODUCTIVITY,4.3,11402,5.3,1000000.0,Free,0.0,Everyone,Productivity,2017-11-07,0.0,5.0 and up
DYKTWS,FAMILY,4.5,1007,5.2,100000.0,Free,0.0,Everyone,Entertainment,2018-07-01,7.0,4.1 and up
Dude Perfect 2,GAME,4.5,401648,70.0,10000000.0,Free,0.0,Everyone,Action,2017-04-12,0.0,4.0.3 and up
Endless Ducker,GAME,4.5,8193,41.0,500000.0,Free,0.0,Everyone,Arcade,2016-09-16,0.0,4.0.3 and up
Dude Perfect,SPORTS,4.5,97,1.9,10000.0,Free,0.0,Everyone,Sports,2017-06-28,1.0,4.1 and up
that's lit,GAME,4.7,1115,39.0,100000.0,Free,0.0,Everyone,Arcade,2017-07-07,1.0,4.3 and up
All Type DP,FAMILY,4.3,1853,5.8,500000.0,Free,0.0,Everyone,Entertainment,2018-05-10,1.8,4.0 and up
Dp For WhatsApp,PERSONALIZATION,4.4,1623,11.0,1000000.0,Free,0.0,Mature 17+,Personalization,2018-06-23,2.7,4.0.3 and up
DASFW2,SOCIAL,4.5,787,6.9,100000.0,Free,0.0,Everyone,Social,2018-02-17,0.0,4.0.3 and up
DP Editor,PHOTOGRAPHY,4.3,18,15.0,5000.0,Free,0.0,Teen,Photography,2018-08-04,1.5,4.1 and up
DP & Status,FAMILY,4.3,1922,4.7,500000.0,Free,0.0,Everyone,Entertainment,2018-01-09,1.13,4.1 and up
Dp for girls,ART_AND_DESIGN,4.2,175,8.2,50000.0,Free,0.0,Everyone,Art & Design,2017-05-26,1.2,4.0.3 and up
DP Maker,PHOTOGRAPHY,4.2,784,18.0,100000.0,Free,0.0,Everyone,Photography,2018-04-29,0.0,4.1 and up
DID(H,TOOLS,4.3,1283,4.4,100000.0,Free,0.0,Everyone,Tools,2018-08-04,0.0,4.1 and up
SDFW,PHOTOGRAPHY,4.2,67,15.0,10000.0,Free,0.0,Everyone,Photography,2017-03-29,1.0,4.0.3 and up
PPFW,PERSONALIZATION,4.7,10786,9.4,500000.0,Free,0.0,Mature 17+,Personalization,2018-05-20,0.0,4.3 and up
DP and Status,FAMILY,4.1,623,3.0,100000.0,Free,0.0,Everyone,Entertainment,2017-08-11,0.0,3.0 and up
Dp For Whatsapp,SOCIAL,4.3,39,12.0,5000.0,Free,0.0,Everyone,Social,2017-04-13,1.0,4.0.3 and up
D&SFW2,PERSONALIZATION,4.1,293,3.4,100000.0,Free,0.0,Everyone,Personalization,2018-08-03,1.4,4.0.3 and up
DCFW,PHOTOGRAPHY,3.8,4813,5.1,100000.0,Free,0.0,Everyone,Photography,2016-03-19,1.5,2.2 and up
Dp For FB,PHOTOGRAPHY,4.5,12,2.0,1000.0,Free,0.0,Teen,Photography,2017-10-19,1.0,4.1 and up
BDAS(UP,FAMILY,4.1,3003,3.2,1000000.0,Free,0.0,Everyone,Entertainment,2018-05-07,1.8,4.0 and up
PPADFW,SOCIAL,4.3,48,11.0,5000.0,Free,0.0,Everyone,Social,2017-05-12,1.3,4.0.3 and up
ATD&SM,PHOTOGRAPHY,4.5,16,14.0,1000.0,Free,0.0,Teen,Photography,2018-07-12,0.0,4.0.3 and up
DP Photo Editor,PHOTOGRAPHY,4.1,88,7.7,10000.0,Free,0.0,Everyone,Photography,2017-09-29,2.5,4.1 and up
SFWD-P,PERSONALIZATION,4.4,49,12.0,10000.0,Free,0.0,Teen,Personalization,2018-05-31,1.7,4.1 and up
MD-SAMA,FAMILY,4.3,694,3.8,100000.0,Free,0.0,Everyone,Entertainment,2018-08-01,1.6,4.2 and up
CIFW,FAMILY,4.4,634,8.1,100000.0,Free,0.0,Teen,Entertainment,2015-12-23,1.0,2.3.3 and up
PP-BDS,FAMILY,4.3,131,5.4,50000.0,Free,0.0,Everyone,Entertainment,2017-11-29,0.0,4.1 and up
Dp for Facebook,SOCIAL,4.1,56,10.0,5000.0,Free,0.0,Everyone,Social,2017-05-16,1.0,4.0.3 and up
FWC2PFE&DM,PHOTOGRAPHY,4.6,666,8.7,100000.0,Free,0.0,Everyone,Photography,2018-06-20,6.1,4.0.3 and up
DASI|ALS2,LIFESTYLE,4.7,25,3.8,10000.0,Free,0.0,Teen,Lifestyle,2017-07-22,1.0,4.0 and up
Best DP and Status,SOCIAL,4.2,93,5.6,10000.0,Free,0.0,Teen,Social,2017-11-29,0.0,4.1 and up
1M-DSJ&G2,LIFESTYLE,3.7,121,3.8,10000.0,Free,0.0,Mature 17+,Lifestyle,2017-12-29,0.0,4.0.3 and up
IDDFI,SOCIAL,4.7,38,4.1,5000.0,Free,0.0,Everyone,Social,2018-08-04,0.0,4.2 and up
DDPLQMG,SOCIAL,4.4,39,11.0,5000.0,Free,0.0,Everyone,Social,2018-01-01,20.0,4.1 and up
LDASP2,FAMILY,4.7,19,5.7,1000.0,Free,0.0,Everyone,Entertainment,2018-01-05,0.0,4.0.3 and up
BDAVS2FW,FAMILY,4.2,91,3.8,10000.0,Free,0.0,Everyone,Entertainment,2018-05-31,9.0,4.1 and up
QFI-ZPID,SOCIAL,4.6,12111,9.1,500000.0,Free,0.0,Everyone,Social,2018-05-03,1.47,4.3 and up
DP Battle,FAMILY,4.5,132,2.5,5000.0,Free,0.0,Everyone,Entertainment,2017-03-26,0.0,4.0.3 and up
FDBA,FAMILY,4.8,38,6.7,1000.0,Free,0.0,Everyone,Entertainment,2018-06-15,5.2,4.4 and up
ISPD,PHOTOGRAPHY,3.7,42,11.0,5000.0,Free,0.0,Everyone,Photography,2015-09-01,1.0,4.0 and up
NAD-FNFT2,ART_AND_DESIGN,4.3,132,7.7,10000.0,Free,0.0,Everyone,Art & Design,2018-01-04,1.0,4.1 and up
DP Status 2017,PHOTOGRAPHY,4.2,302,7.0,50000.0,Free,0.0,Everyone,Photography,2017-06-15,150617.0,4.1 and up
Dairy Queen,FOOD_AND_DRINK,3.6,742,43.0,100000.0,Free,0.0,Everyone,Food & Drink,2018-07-25,0.0,4.1 and up
DQ Texas,FOOD_AND_DRINK,4.1,336,13.0,100000.0,Free,0.0,Everyone,Food & Drink,2018-05-18,0.0,4.1 and up
DQ Events,BUSINESS,2.3,41,20.0,10000.0,Free,0.0,Everyone,Business,2017-12-20,1.1,4.0 and up
Dash Quest Heroes,GAME,4.3,8432,59.0,500000.0,Free,0.0,Everyone 10+,Adventure,2018-07-16,0.0,4.1 and up
CFDQ,FOOD_AND_DRINK,4.6,42,3.9,100.0,Free,0.0,Teen,Food & Drink,2018-07-18,1.0,5.0 and up
DRAGON QUEST VIII,FAMILY,4.5,7812,27.0,50000.0,Paid,19.99,Everyone 10+,Role Playing,2017-04-04,0.0,4.0 and up
ODTMobile v4,BUSINESS,4.0,3,16.0,1000.0,Free,0.0,Everyone,Business,2018-04-17,1.1,4.1 and up
DRAGON QUEST III,FAMILY,4.2,1661,63.0,10000.0,Paid,9.99,Everyone,Role Playing,2018-03-09,0.0,4.0 and up
LightMeter (noAds),PHOTOGRAPHY,4.6,617,12.0,10000.0,Paid,1.99,Everyone,Photography,2016-11-22,0.0,3.2 and up
DRAGON QUEST,FAMILY,4.2,9659,30.0,100000.0,Paid,2.99,Everyone,Role Playing,2017-03-10,0.0,2.3 and up
DRAGON QUEST II,FAMILY,4.5,2576,44.0,10000.0,Paid,4.99,Everyone,Role Playing,2018-03-09,0.0,4.0 and up
SONIC Drive-In,FOOD_AND_DRINK,4.3,19373,43.0,1000000.0,Free,0.0,Everyone,Food & Drink,2018-07-31,0.0,4.4 and up
DRAGON QUEST VI,FAMILY,4.4,3358,17.0,100000.0,Paid,14.99,Everyone,Role Playing,2018-08-01,0.0,2.3 and up
McDonald's,FOOD_AND_DRINK,3.6,145646,42.0,10000000.0,Free,0.0,Everyone,Food & Drink,2018-07-31,0.0,4.4 and up
DQT GPS,BUSINESS,4.0,3,6.3,500.0,Free,0.0,Everyone,Business,2015-10-05,1.2,4.2 and up
Discovery Insure,MAPS_AND_NAVIGATION,2.8,1911,20.0,100000.0,Free,0.0,Everyone,Maps & Navigation,2018-03-17,0.0,4.3 and up
Taco Bell,LIFESTYLE,3.8,28140,16.0,1000000.0,Free,0.0,Everyone,Lifestyle,2018-07-30,0.0,4.2 and up
LightMeter Free,PHOTOGRAPHY,4.1,5485,13.0,1000000.0,Free,0.0,Everyone,Photography,2016-04-28,0.0,3.2 and up
CT(V,FAMILY,3.8,11250,6.3,100000.0,Paid,9.99,Everyone 10+,Role Playing,2018-06-12,0.0,4.2 and up
ODTMobile,BUSINESS,3.4,15,2.7,10000.0,Free,0.0,Everyone,Business,2016-03-10,3.2,2.2 and up
Whataburger,FOOD_AND_DRINK,4.5,5093,56.0,500000.0,Free,0.0,Everyone,Food & Drink,2018-04-10,0.0,4.2 and up
FFD,FAMILY,4.3,8450,1.1,100000.0,Paid,13.99,Everyone,Role Playing,2017-03-15,0.0,2.3.3 and up
Arby's,FOOD_AND_DRINK,3.1,194,26.0,100000.0,Free,0.0,Everyone,Food & Drink,2018-07-12,0.0,4.4 and up
RPG Dragon Lapis,FAMILY,4.6,13492,56.0,100000.0,Free,0.0,Teen,Role Playing,2018-07-09,0.0,4.1 and up
Find Fast Food,SHOPPING,3.3,272,785.0,100000.0,Free,0.0,Everyone,Shopping,2012-11-11,0.0,2.2 and up
JBGE,GAME,3.9,2362,25.0,100000.0,Free,0.0,Everyone,Action,2013-07-17,1.3,2.3 and up
Bunny Skater,GAME,4.2,139432,4.7,10000000.0,Free,0.0,Everyone,Adventure,2013-11-20,1.5,2.1 and up
D-AFMA,FAMILY,4.9,707,6.0,10000.0,Free,0.0,Everyone,Entertainment,2018-02-04,1.5,4.1 and up
Culver's,LIFESTYLE,3.9,1638,4.9,100000.0,Free,0.0,Everyone,Lifestyle,2018-04-11,1.2,4.3 and up
W–FAO,FOOD_AND_DRINK,3.4,6512,18.0,1000000.0,Free,0.0,Everyone,Food & Drink,2018-04-12,0.0,4.4 and up
Dunkin' Donuts,FOOD_AND_DRINK,4.2,68270,66.0,1000000.0,Free,0.0,Everyone,Food & Drink,2018-06-20,0.0,4.4 and up
SUBWAY®,FOOD_AND_DRINK,3.8,21381,41.0,1000000.0,Free,0.0,Everyone,Food & Drink,2018-07-24,0.0,4.4 and up
TWZDC,GAME,4.6,58575,96.0,1000000.0,Free,0.0,Teen,Action,2018-02-21,2.55,4.1 and up
Monster Fishing 2018,SPORTS,4.4,32881,76.0,1000000.0,Free,0.0,Everyone,Sports,2018-08-07,0.0,4.1 and up
CB&B,COMMUNICATION,4.0,6,4.2,1000.0,Free,0.0,Everyone,Communication,2018-07-13,0.0,4.0 and up
Panera Bread,FOOD_AND_DRINK,4.2,10225,36.0,1000000.0,Free,0.0,Everyone,Food & Drink,2018-08-06,0.0,5.0 and up
IHOP®,FOOD_AND_DRINK,4.2,441,24.0,100000.0,Free,0.0,Everyone,Food & Drink,2018-04-03,0.0,4.1 and up
Starbucks,FOOD_AND_DRINK,4.5,455496,35.0,10000000.0,Free,0.0,Everyone,Food & Drink,2018-08-01,0.0,4.4 and up
myGrow,PRODUCTIVITY,4.6,84,23.0,1000.0,Paid,4.29,Mature 17+,Productivity,2016-04-29,0.0,3.2 and up
Dr. Parking 4,GAME,4.4,475369,13.0,50000000.0,Free,0.0,Everyone,Racing,2018-03-06,1.14,4.0.3 and up
Dr. Driving 2,GAME,4.6,358633,19.0,10000000.0,Free,0.0,Everyone,Racing,2018-05-03,1.32,4.0.3 and up
D-R&TW&B,TOOLS,3.7,23347,7.6,5000000.0,Free,0.0,Everyone,Tools,2018-05-28,0.0,2.3 and up
DTD:RTS3,FAMILY,4.1,1626,96.0,100000.0,Free,0.0,Everyone 10+,Simulation,2018-07-05,1.8,4.1 and up
DC-PR9🐶,FAMILY,4.2,14432,35.0,500000.0,Free,0.0,Everyone,Casual,2017-09-21,1.5,4.0.3 and up
DP:PS,GAME,4.5,14253,81.0,1000000.0,Free,0.0,Everyone,Racing,2018-01-18,3.1,4.0 and up
DP:RCPS,GAME,4.6,15829,95.0,1000000.0,Free,0.0,Everyone,Racing,2018-07-24,1.29,4.0 and up
DB-FC-SC2,TOOLS,4.5,101738,10.0,1000000.0,Free,0.0,Everyone,Tools,2018-07-26,0.0,4.0 and up
DS-ABCA,TOOLS,4.4,372553,21.0,10000000.0,Free,0.0,Everyone,Tools,2018-08-06,0.0,4.1 and up
DR TV,VIDEO_PLAYERS,3.3,6716,4.7,500000.0,Free,0.0,Mature 17+,Video Players & Editors,2018-06-25,0.0,4.4 and up
RCDPMPG2,FAMILY,4.2,3345,27.0,1000000.0,Free,0.0,Everyone,Simulation,2018-05-12,1.0,4.1 and up
Doctor Kids,FAMILY,4.2,200450,25.0,10000000.0,Free,0.0,Everyone,Casual;Pretend Play,2018-07-26,1.39,4.1 and up
Dr. Rocket,GAME,4.0,42182,3.4,1000000.0,Free,0.0,Everyone,Arcade,2018-01-06,1.11,4.1 and up
Dr. Muscle,HEALTH_AND_FITNESS,4.0,87,33.0,10000.0,Free,0.0,Everyone,Health & Fitness,2018-07-28,2.5,4.0.3 and up
Dr. Dominoes,GAME,4.0,2700,5.7,500000.0,Free,0.0,Everyone,Board,2018-01-03,1.06,4.1 and up
Dr. Sudoku,FAMILY,3.5,2310,3.1,500000.0,Free,0.0,Everyone,Puzzle,2018-01-04,1.06,4.1 and up
Dr. Unblock,FAMILY,3.9,3847,4.3,1000000.0,Free,0.0,Everyone,Puzzle,2018-01-03,1.05,4.1 and up
Dr. Gomoku,GAME,3.9,85317,4.5,5000000.0,Free,0.0,Everyone,Board,2018-01-15,1.54,4.0.3 and up
Dr. Panda Farm,FAMILY,4.1,265,46.0,10000.0,Paid,2.99,Everyone,Education;Pretend Play,2016-07-21,1.0,4.0 and up
DR.MEEP,FAMILY,4.4,54,33.0,500.0,Paid,2.99,Everyone,Puzzle,2018-06-29,1.2,4.1 and up
Dr. Panda Art Class,FAMILY,4.2,1013,58.0,50000.0,Paid,2.99,Everyone,Education;Creativity,2017-04-26,1.7,4.0 and up
DPSP,FAMILY,4.4,2311,9.3,100000.0,Paid,1.99,Everyone,Casual;Pretend Play,2015-01-15,1.01,4.0 and up
DPPMC,FAMILY,4.3,2419,6.2,100000.0,Free,0.0,Everyone,Puzzle,2018-03-31,0.0,4.0 and up
Dr. Chess,GAME,4.1,97209,6.7,1000000.0,Free,0.0,Everyone,Board,2018-01-14,1.41,4.0.3 and up
Super Dr. Parking 3D,FAMILY,4.0,4518,41.0,1000000.0,Free,0.0,Everyone,Simulation,2017-12-17,3.3,4.1 and up
Dr Dre - Beatmaker,GAME,4.3,146,6.0,10000.0,Free,0.0,Mature 17+,Music,2018-02-28,0.0,4.0 and up
DP&TT,FAMILY,4.4,3397,9.5,50000.0,Paid,3.99,Everyone,Casual;Pretend Play,2014-12-09,1.8,4.0 and up
DC-APC🐈🐕,FAMILY,4.5,3580,60.0,100000.0,Free,0.0,Everyone,Casual,2018-04-30,1.8,4.4 and up
DSPSH,GAME,4.6,18,31.0,100.0,Paid,4.99,Mature 17+,Adventure,2018-07-23,1.0,7.0 and up
PVD-AH,FAMILY,3.7,11748,36.0,1000000.0,Free,0.0,Teen,Casual,2016-10-31,1.3,4.0.3 and up
DRM2,PRODUCTIVITY,3.8,1205,4.3,100000.0,Free,0.0,Everyone,Productivity,2018-06-10,2.0,4.0 and up
DR CONTROL,FAMILY,3.4,267,1.5,10000.0,Free,0.0,Everyone,Entertainment,2017-03-08,0.0,4.0.3 and up
Dr Driving Racer,GAME,4.3,183,68.0,10000.0,Free,0.0,Everyone,Racing,2018-06-14,2.1,4.1 and up
DMMC,HEALTH_AND_FITNESS,3.8,76,1.2,1000.0,Paid,4.99,Everyone,Health & Fitness,2015-01-26,1.1,2.2 and up
Dr. Seuss's ABC,FAMILY,4.7,429,12.0,10000.0,Paid,3.99,Everyone,Books & Reference;Education,2018-02-26,2.05,4.0.3 and up
DB-BGS,TOOLS,4.4,138872,22.0,10000000.0,Free,0.0,Everyone,Tools,2018-05-15,0.0,4.1 and up
Dr. Panda Hospital,FAMILY,4.4,1091,45.0,50000.0,Paid,2.99,Everyone,Education;Pretend Play,2013-12-05,1.6,2.0.1 and up
DPCF,FAMILY,4.1,11788,62.0,1000000.0,Free,0.0,Everyone,Educational;Pretend Play,2017-08-10,1.01,4.0 and up
DPICTF,FAMILY,4.4,23022,80.0,1000000.0,Free,0.0,Everyone,Role Playing;Pretend Play,2018-08-02,2.16,4.1 and up
Dr. Doug's Tips,BOOKS_AND_REFERENCE,4.0,22,34.0,1000.0,Free,0.0,Everyone,Books & Reference,2016-09-01,1.1,2.3 and up
Dr. 2048,FAMILY,3.9,1985,3.5,500000.0,Free,0.0,Everyone,Puzzle,2017-12-30,1.05,4.1 and up
DPR2,FAMILY,4.3,3725,67.0,100000.0,Paid,2.99,Everyone,Educational;Pretend Play,2016-02-17,1.96,4.0 and up
DPS,FAMILY,4.2,1357,58.0,50000.0,Paid,2.99,Everyone,Educational;Pretend Play,2016-02-16,1.6,4.0 and up
Dr. Shogi,GAME,3.3,19291,5.1,1000000.0,Free,0.0,Everyone,Board,2018-01-02,1.24,4.1 and up
DSAL,FAMILY,4.0,68,5.5,5000.0,Free,0.0,Everyone,Education,2017-04-05,0.1,2.3 and up
DraStic DS Emulator,GAME,4.6,87766,12.0,1000000.0,Paid,4.99,Everyone,Action,2016-07-19,0.0,2.3 and up
NE-FA6,GAME,4.1,14002,19.0,1000000.0,Free,0.0,Everyone,Arcade,2018-07-26,0.0,4.0.3 and up
Free DS Emulator,GAME,4.1,22896,19.0,1000000.0,Free,0.0,Everyone,Arcade,2018-07-26,0.0,4.0.3 and up
nds4droid,GAME,3.4,107778,8.8,10000000.0,Free,0.0,Everyone,Arcade,2016-02-12,47.0,2.3.3 and up
M(E,GAME,3.4,2218,11.0,500000.0,Free,0.0,Everyone,Arcade,2017-10-18,2.0,4.0 and up
DS file,PRODUCTIVITY,4.1,10676,12.0,1000000.0,Free,0.0,Everyone,Productivity,2018-05-23,0.0,4.1 and up
DS finder,TOOLS,4.0,2596,32.0,500000.0,Free,0.0,Everyone,Tools,2018-07-19,0.0,5.0 and up
DS get,TOOLS,3.4,71852,22.0,5000000.0,Free,0.0,Everyone,Tools,2018-05-23,0.0,4.1 and up
DS cloud,TOOLS,3.2,4908,38.0,500000.0,Free,0.0,Everyone,Tools,2018-05-23,0.0,4.0 and up
DS note,PRODUCTIVITY,3.9,2046,60.0,100000.0,Free,0.0,Everyone,Productivity,2018-06-11,0.0,4.4 and up
DS cam,PRODUCTIVITY,3.6,3227,35.0,500000.0,Free,0.0,Everyone,Productivity,2018-07-26,0.0,4.1 and up
DS router,TOOLS,3.8,253,15.0,50000.0,Free,0.0,Everyone,Tools,2018-06-13,0.0,4.1 and up
E-FRE,GAME,3.9,1576,43.0,50000.0,Free,0.0,Everyone,Arcade,2018-08-05,0.0,4.1 and up
DS Creator 2.0,TOOLS,1.0,2,4.4,500.0,Free,0.0,Everyone,Tools,2018-03-23,0.0,4.0 and up
DS App Manager,TOOLS,4.6,14,2.1,1000.0,Free,0.0,Everyone,Tools,2015-03-21,1.0,2.3 and up
DS,FAMILY,4.9,15,23.0,100.0,Free,0.0,Everyone,Casual,2016-01-19,1.0,2.3 and up
DS Connector 2.0,TOOLS,2.6,5,636.0,500.0,Free,0.0,Everyone,Tools,2018-03-23,0.0,4.2 and up
DB-AAWI,WEATHER,3.9,2962,4.2,100000.0,Free,0.0,Everyone,Weather,2018-07-09,3.67,2.3.3 and up
DS-L4 Viewer,PHOTOGRAPHY,3.5,13,7.9,1000.0,Free,0.0,Everyone,Photography,2018-01-29,0.0,5.0 and up
DS Tower Defence,GAME,3.2,768,1.4,100000.0,Free,0.0,Everyone,Arcade,2013-06-05,1.0,1.5 and up
NDS-controller,TOOLS,3.3,35,916.0,1000.0,Free,0.0,Everyone,Tools,2017-10-23,0.2,2.2 and up
RetroArch,GAME,3.8,21423,84.0,1000000.0,Free,0.0,Everyone,Action,2018-05-04,0.0,2.3 and up
DS&O,MAPS_AND_NAVIGATION,3.9,22382,6.6,1000000.0,Free,0.0,Everyone,Maps & Navigation,2018-03-22,6.93,2.3.3 and up
M(E,FAMILY,4.6,877576,12.0,10000000.0,Free,0.0,Everyone,Casual,2016-05-14,6.0,2.0 and up
DS-20000S,PRODUCTIVITY,1.8,12,14.0,1000.0,Free,0.0,Everyone,Productivity,2018-08-03,0.0,4.1 and up
Learn DS [BETA],FAMILY,4.3,9,5.0,500.0,Free,0.0,Everyone,Education,2017-02-12,0.5,4.0 and up
DSBSP,TOOLS,3.9,1417,2.9,10000.0,Paid,3.28,Everyone,Tools,2017-08-15,5.1,4.1 and up
DS-Students,FAMILY,4.8,5,8.4,100.0,Free,0.0,Everyone,Education,2018-07-03,2.0,4.1 and up
DS Thermometer,WEATHER,3.7,631,3.0,100000.0,Free,0.0,Everyone,Weather,2015-05-30,2.2,2.3 and up
PFSD,PHOTOGRAPHY,4.0,1,2.6,10.0,Paid,4.99,Everyone,Photography,2017-02-02,1.5,4.0 and up
DSBS,TOOLS,4.1,22032,3.7,1000000.0,Free,0.0,Everyone,Tools,2017-08-17,5.1,4.1 and up
DSFF1,SPORTS,4.6,162933,100.0,5000000.0,Free,0.0,Everyone,Sports,2018-05-11,25.7,4.1 and up
DS Flashlight,TOOLS,4.0,127,5.8,10000.0,Free,0.0,Everyone,Tools,2015-05-30,1.31,2.2 and up
dt Pro,FINANCE,4.8,4,4.5,1000.0,Free,0.0,Everyone,Finance,2017-05-16,3.1,2.2 and up
DT Manager,PRODUCTIVITY,4.0,9,3.1,500.0,Free,0.0,Everyone,Productivity,2015-05-21,1.7,2.3 and up
RS∞P+D,FAMILY,3.5,2,22.0,50.0,Paid,2.99,Everyone,Role Playing,2017-03-20,1.1,4.2 and up
DT Fieldlink,BUSINESS,3.0,2,49.0,500.0,Free,0.0,Everyone,Business,2017-09-19,0.0,4.1 and up
DDTT,FAMILY,4.6,477,1.6,10000.0,Free,0.0,Everyone,Education,2018-02-22,1.1,4.0.3 and up
DT Smart,TOOLS,1.6,39,8.9,1000.0,Free,0.0,Everyone,Tools,2017-12-07,0.0,4.1 and up
TSD3,FAMILY,3.8,110,22.0,5000.0,Free,0.0,Everyone,Simulation,2017-04-23,0.0,2.3 and up
DT Baby Cam,TOOLS,1.7,10,23.0,500.0,Free,0.0,Everyone,Tools,2017-12-05,3.0,2.2 and up
Bloons TD 5,FAMILY,4.6,190086,94.0,1000000.0,Paid,2.99,Everyone,Strategy,2018-07-13,3.16,2.3.3 and up
WPBS-DT,FAMILY,5.0,3,6.3,500.0,Free,0.0,Everyone,Entertainment,2015-04-03,0.0,2.3.3 and up
ReadyOp DT,COMMUNICATION,4.6,8,1.1,1000.0,Free,0.0,Everyone,Communication,2018-07-06,0.0,2.3.3 and up
Soccer Manager 2018,SPORTS,4.4,63779,95.0,1000000.0,Free,0.0,Everyone,Sports,2018-07-16,0.0,5.0 and up
OSM(,SPORTS,4.5,1312936,21.0,10000000.0,Free,0.0,Everyone,Sports,2018-07-31,0.0,4.4 and up
DT-VR,FAMILY,3.8,25,9.5,1000.0,Free,0.0,Everyone,Entertainment,2016-08-09,1.2,2.2 and up
Dt Tracking,AUTO_AND_VEHICLES,4.0,4,24.0,100.0,Free,0.0,Everyone,Auto & Vehicles,2016-10-28,0.2,4.0 and up
DSIT,SPORTS,4.1,10,1.5,1000.0,Free,0.0,Everyone,Sports,2014-02-17,1.01,2.1 and up
DT CLOTHINGS,SHOPPING,5.0,1,7.9,10.0,Free,0.0,Everyone,Shopping,2018-07-25,0.0,4.1 and up
Dt. Jyothi Srinivas,HEALTH_AND_FITNESS,5.0,18,13.0,100.0,Free,0.0,Everyone,Health & Fitness,2018-02-06,0.0,4.1 and up
DT future1 cam,TOOLS,1.0,1,24.0,50.0,Free,0.0,Everyone,Tools,2018-03-27,3.1,2.2 and up
Wheelie Challenge,GAME,4.6,137338,51.0,5000000.0,Free,0.0,Everyone,Racing,2018-07-13,1.44,4.1 and up
DT NO.I,HEALTH_AND_FITNESS,2.4,44,49.0,1000.0,Free,0.0,Everyone,Health & Fitness,2018-08-01,0.0,4.3 and up
DTPay,SHOPPING,4.5,18,994.0,1000.0,Free,0.0,Everyone,Shopping,2018-07-11,0.0,4.0 and up
Top Soccer Manager,SPORTS,4.4,199739,66.0,10000000.0,Free,0.0,Everyone,Sports,2018-08-06,0.0,4.0.3 and up
TSDT,LIFESTYLE,4.3,206,32.0,1000.0,Paid,4.99,Everyone,Lifestyle,2018-02-11,14.0,4.0.3 and up
SFTCDTS,ART_AND_DESIGN,5.0,1,2.9,100.0,Free,0.0,Everyone,Art & Design,2018-04-18,0.0,4.0 and up
Soccer Board Tactics,SPORTS,4.1,6231,8.9,100000.0,Free,0.0,Everyone,Sports,2018-02-09,10.36,4.2 and up
DTSC,GAME,3.8,499,47.0,10000.0,Paid,3.99,Everyone,Racing,2018-05-10,0.0,5.0 and up
senior easy phone,PERSONALIZATION,3.9,168,2.1,50000.0,Free,0.0,Teen,Personalization,2015-03-27,1.0,2.3 and up
dt.se,NEWS_AND_MAGAZINES,3.1,124,12.0,10000.0,Free,0.0,Everyone,News & Magazines,2018-06-29,0.0,4.1 and up
W-UFV,TOOLS,4.7,24985,7.8,500000.0,Free,0.0,Everyone,Tools,2018-07-27,0.0,4.1 and up
CCSB(&C,TOOLS,4.5,12759815,15.0,100000000.0,Free,0.0,Everyone,Tools,2018-07-25,0.0,4.0 and up
du app,LIFESTYLE,3.5,7578,25.0,1000000.0,Free,0.0,Everyone,Lifestyle,2018-07-24,3.98,4.2 and up
DBS-BC&BL,TOOLS,4.5,13479633,14.0,100000000.0,Free,0.0,Everyone,Tools,2018-06-05,0.0,4.0 and up
DAS-A&PG,TOOLS,4.6,436615,10.0,10000000.0,Free,0.0,Everyone,Tools,2018-06-05,0.0,4.0.3 and up
DC–MC&CPC,TOOLS,4.5,465831,8.9,10000000.0,Free,0.0,Everyone,Tools,2018-07-23,0.0,4.0 and up
DL-BYP,PERSONALIZATION,4.5,67707,4.8,1000000.0,Free,0.0,Everyone,Personalization,2016-02-07,0.0,4.0 and up
DU Security,TOOLS,4.4,4847,3.2,100000.0,Free,0.0,Everyone,Tools,2016-06-29,0.0,4.0 and up
DBF&F,COMMUNICATION,4.3,1133539,4.7,10000000.0,Free,0.0,Everyone,Communication,2016-04-01,0.0,4.0 and up
DBM,TOOLS,4.2,20941,2.0,1000000.0,Free,0.0,Everyone,Tools,2016-12-23,0.0,4.0 and up
CI&CB-DC,COMMUNICATION,4.6,93930,14.0,5000000.0,Free,0.0,Everyone,Communication,2018-08-01,0.0,4.2 and up
LS-DL&LSW,TOOLS,4.5,5174,4.7,100000.0,Free,0.0,Everyone,Tools,2018-04-26,0.0,4.0 and up
du View,FAMILY,3.8,935,22.0,50000.0,Free,0.0,Teen,Entertainment,2018-03-26,0.0,4.3 and up
DEK,TOOLS,4.3,19234,14.0,500000.0,Free,0.0,Everyone,Tools,2017-02-23,0.0,4.0.3 and up
DGMGMVTG&GE,PHOTOGRAPHY,4.6,7605,4.3,500000.0,Free,0.0,Everyone,Photography,2018-04-10,0.0,4.3 and up
UFADM,TOOLS,3.6,12993,5.2,1000000.0,Free,0.0,Everyone,Tools,2017-01-09,0.0,2.3.3 and up
MDLT,PERSONALIZATION,4.2,868,309.0,50000.0,Free,0.0,Everyone,Personalization,2015-10-15,1.1,4.0 and up
Weather Forecast Pro,WEATHER,4.7,14051,8.7,100000.0,Paid,3.99,Everyone,Weather,2018-08-04,8.5,4.0 and up
NDLT,PERSONALIZATION,4.3,1419,485.0,50000.0,Free,0.0,Everyone,Personalization,2015-10-15,1.1,4.0 and up
DCM-PC&G&L,PHOTOGRAPHY,4.7,4595,2.5,100000.0,Free,0.0,Everyone,Photography,2017-09-04,0.0,4.0 and up
DC–ML,FAMILY,4.8,3390,9.2,100000.0,Free,0.0,Everyone,Education,2017-10-03,0.0,4.1 and up
Portes du Soleil,SPORTS,3.1,500,39.0,50000.0,Free,0.0,Everyone,Sports,2018-02-16,10.012,4.1 and up
SOC-LDC,GAME,4.5,23599,96.0,100000.0,Free,0.0,Teen,Action,2018-06-01,0.0,4.0 and up
BDS(,BOOKS_AND_REFERENCE,4.5,313,6.9,50000.0,Free,0.0,Everyone,Books & Reference,2018-08-04,0.7,1.0 and up
LCDM,BOOKS_AND_REFERENCE,4.5,314,9.8,50000.0,Free,0.0,Everyone,Books & Reference,2016-03-17,2.1,2.3.3 and up
Clean My Android,PRODUCTIVITY,4.7,101163,6.2,5000000.0,Free,0.0,Everyone,Productivity,2018-07-31,0.0,4.1 and up
CDJ-M,FAMILY,4.1,321,914.0,100000.0,Free,0.0,Everyone,Education,2015-02-14,1.0,2.2 and up
La Poupée du Voyant,FAMILY,4.4,265,8.2,50000.0,Free,0.0,Everyone,Entertainment,2017-01-06,0.0,4.1 and up
AB-SC&B,PRODUCTIVITY,4.6,1048766,13.0,10000000.0,Free,0.0,Everyone,Productivity,2018-08-03,0.0,4.0.3 and up
ODSL,BOOKS_AND_REFERENCE,3.4,116,48.0,5000.0,Paid,4.6,Everyone,Books & Reference,2016-10-13,1.4,2.3 and up
iSmart DV,VIDEO_PLAYERS,3.6,5692,31.0,1000000.0,Free,0.0,Everyone,Video Players & Editors,2018-07-27,0.0,4.1 and up
dv Prompter,VIDEO_PLAYERS,3.7,321,1.3,50000.0,Free,0.0,Everyone,Video Players & Editors,2017-03-14,0.0,4.2 and up
Sports DV,LIFESTYLE,2.1,86,29.0,10000.0,Free,0.0,Everyone,Lifestyle,2018-07-17,0.0,4.3 and up
Live DV,PHOTOGRAPHY,2.0,16,17.0,1000.0,Free,0.0,Everyone,Photography,2018-05-09,0.0,4.4 and up
Mini DV,AUTO_AND_VEHICLES,3.5,12,19.0,5000.0,Free,0.0,Everyone,Auto & Vehicles,2018-05-29,1.27,4.0 and up
DV-2019 Results,FAMILY,4.3,158,2.6,10000.0,Free,0.0,Everyone,Entertainment,2018-06-14,17.0,4.0 and up
AKASO DV,TOOLS,2.4,99,71.0,10000.0,Free,0.0,Everyone,Tools,2018-07-26,0.0,4.0 and up
D2R,FAMILY,4.5,97,2.6,10000.0,Free,0.0,Everyone,Entertainment,2018-01-20,3.0,4.0 and up
Selfie DV,TOOLS,2.8,29,14.0,1000.0,Free,0.0,Everyone,Tools,2017-04-24,0.0,4.0.3 and up
DV 2019 Entry Guide,BOOKS_AND_REFERENCE,4.5,92,5.1,10000.0,Free,0.0,Everyone,Books & Reference,2017-10-18,0.0,4.1 and up
Porch DV,HOUSE_AND_HOME,2.8,5,13.0,1000.0,Free,0.0,Everyone,House & Home,2018-06-02,1.0,4.1 and up
D2-EP&F,BOOKS_AND_REFERENCE,3.9,314,2.6,50000.0,Free,0.0,Everyone,Books & Reference,2016-10-24,0.0,4.0.3 and up
SDV Cam,TOOLS,3.2,67,65.0,10000.0,Free,0.0,Everyone,Tools,2017-06-02,0.0,4.0.3 and up
XDV,PHOTOGRAPHY,3.1,6827,8.7,1000000.0,Free,0.0,Everyone,Photography,2018-04-20,0.0,2.3 and up
WiFi Action Camera,SPORTS,2.4,551,903.0,100000.0,Free,0.0,Everyone,Sports,2014-03-13,1.4,4.0 and up
DV Car Service,MAPS_AND_NAVIGATION,4.6,10,25.0,100.0,Free,0.0,Everyone,Maps & Navigation,2017-08-09,1.002,4.0.3 and up
DV Lottery Photo,VIDEO_PLAYERS,2.9,23,4.0,5000.0,Free,0.0,Everyone,Video Players & Editors,2016-12-16,1.1,3.0 and up
DLPT,PHOTOGRAPHY,4.0,223,1.7,50000.0,Free,0.0,Everyone,Photography,2017-10-28,1.06,4.2 and up
I-WVS,TOOLS,3.7,770,2.4,10000.0,Paid,4.99,Everyone,Tools,2016-10-07,0.0,2.3 and up
DV KING 4K,PHOTOGRAPHY,2.3,3,8.5,100.0,Free,0.0,Everyone,Photography,2018-07-17,0.0,4.0 and up
Wifi Action Camera,PHOTOGRAPHY,2.9,118,26.0,50000.0,Free,0.0,Everyone,Photography,2018-07-24,0.0,4.0 and up
UDL2A,TRAVEL_AND_LOCAL,4.6,41,2.0,10000.0,Free,0.0,Everyone,Travel & Local,2018-01-14,1.02,4.0 and up
DV-2019 PHOTO TOOL,FAMILY,4.3,21,2.5,1000.0,Free,0.0,Everyone,Entertainment,2018-01-20,5.0,4.0 and up
DV ASSIST,FAMILY,5.0,1,18.0,100.0,Free,0.0,Everyone,Education,2018-08-02,1.0,4.4 and up
4K Ultra Camera,PHOTOGRAPHY,4.2,382,2.9,100000.0,Free,0.0,Everyone,Photography,2018-07-30,0.0,2.2 and up
DV Lottery Simulator,FAMILY,4.6,13,1.3,1000.0,Free,0.0,Everyone,Entertainment,2016-10-20,1.1,4.1 and up
UDLP,FAMILY,4.5,8,1.7,1000.0,Free,0.0,Everyone,Education,2017-03-12,1.0,4.1 and up
DV Statistics,SOCIAL,4.2,6,2.7,100.0,Free,0.0,Everyone,Social,2015-10-08,1.2,4.0.3 and up
D2WG,BOOKS_AND_REFERENCE,4.8,11,608.0,1000.0,Free,0.0,Everyone,Books & Reference,2017-07-23,1.09,4.2 and up
MelifeCam-M,VIDEO_PLAYERS,3.5,81,22.0,10000.0,Free,0.0,Everyone,Video Players & Editors,2016-07-21,0.0,4.1 and up
DV-2019 UK/British,FAMILY,4.6,166,4.2,5000.0,Free,0.0,Everyone,Entertainment,2018-03-11,3.0,4.0 and up
GoPlus Cam,VIDEO_PLAYERS,3.5,3484,41.0,500000.0,Free,0.0,Everyone,Video Players & Editors,2017-12-18,0.0,4.0.3 and up
GoAction,VIDEO_PLAYERS,3.6,1522,65.0,100000.0,Free,0.0,Everyone,Video Players & Editors,2018-07-17,0.0,4.4 and up
DV Youth,LIFESTYLE,5.0,5,15.0,100.0,Free,0.0,Everyone,Lifestyle,2016-04-25,1.2,4.0.3 and up
DV KING,PHOTOGRAPHY,3.0,2,9.3,100.0,Free,0.0,Everyone,Photography,2017-09-19,0.0,2.2 and up
DENVER ACTION CAM 3,PHOTOGRAPHY,2.9,66,8.9,10000.0,Free,0.0,Everyone,Photography,2016-11-16,0.0,2.2 and up
4VPUH,VIDEO_PLAYERS,3.7,20,24.0,5000.0,Free,0.0,Everyone,Video Players & Editors,2017-05-01,7.0,2.3.3 and up
US DV Lottery 2019,TRAVEL_AND_LOCAL,4.6,14,4.0,1000.0,Free,0.0,Everyone,Travel & Local,2018-04-12,1.0,4.0 and up
Hotel Insanity,GAME,4.2,3816,31.0,100000.0,Free,0.0,Teen,Arcade,2016-07-07,1.0,3.0 and up
SportCAM,TOOLS,3.2,427,9.5,100000.0,Free,0.0,Everyone,Tools,2018-05-04,0.0,2.2 and up
SportLook,PHOTOGRAPHY,2.5,1283,8.2,100000.0,Free,0.0,Everyone,Photography,2018-06-21,0.0,4.1 and up
D-BWN,NEWS_AND_MAGAZINES,4.4,17671,17.0,1000000.0,Free,0.0,Everyone 10+,News & Magazines,2018-08-06,0.0,4.2 and up
DLG-AABAPT,FAMILY,4.3,902,1.8,100000.0,Free,0.0,Everyone,Education,2017-09-28,1.0,4.4 and up
DSIM,BUSINESS,4.0,44,30.0,10000.0,Free,0.0,Everyone,Business,2018-06-19,0.0,4.1 and up
DABAD,NEWS_AND_MAGAZINES,4.5,322,31.0,10000.0,Free,0.0,Everyone,News & Magazines,2018-06-26,0.0,4.1 and up
DW VMAX,TOOLS,3.4,843,8.5,100000.0,Free,0.0,Everyone,Tools,2017-05-04,0.0,2.2 and up
News: DW Español,NEWS_AND_MAGAZINES,4.3,25,6.3,1000.0,Free,0.0,Everyone,News & Magazines,2018-04-26,1.0,4.1 and up
DC&P&D,COMMUNICATION,4.3,21186,10.0,1000000.0,Free,0.0,Everyone,Communication,2018-08-04,0.0,Varies with device
DABD,NEWS_AND_MAGAZINES,4.3,386,6.0,50000.0,Free,0.0,Everyone,News & Magazines,2017-10-27,3.2,4.1 and up
LGDB,FAMILY,4.0,25,79.0,5000.0,Free,0.0,Everyone,Educational;Education,2017-07-26,0.0,2.3 and up
News: DW Hausa,NEWS_AND_MAGAZINES,4.9,9,6.3,1000.0,Free,0.0,Everyone,News & Magazines,2018-04-26,1.0,4.1 and up
DW Spectrum™ IP VMS,BUSINESS,3.4,102,2.4,10000.0,Free,0.0,Everyone,Business,2016-04-14,0.0,2.2 and up
DW Audio,FAMILY,4.9,38,5.0,1000.0,Free,0.0,Everyone,Education,2017-06-16,0.0,4.1 and up
DW Contacts widget,TOOLS,4.3,56,2.0,1000.0,Paid,0.99,Everyone,Tools,2014-06-05,0.0,2.1 and up
DفBD,NEWS_AND_MAGAZINES,4.7,11,4.4,1000.0,Free,0.0,Everyone,News & Magazines,2017-03-26,0.0,4.1 and up
German Listening,FAMILY,4.8,18298,8.0,500000.0,Free,0.0,Everyone,Education,2018-07-23,2.94,2.3.3 and up
DW Event,EVENTS,4.3,9,39.0,1000.0,Free,0.0,Everyone,Events,2018-05-29,0.0,4.1 and up
DW Witness,BUSINESS,4.0,6,3.5,500.0,Free,0.0,Everyone,Business,2018-05-14,0.0,5.0 and up
DH-OTD,VIDEO_PLAYERS,3.5,197,9.8,10000.0,Free,0.0,Everyone,Video Players & Editors,2017-02-05,1.0,4.0.3 and up
DW Security,BUSINESS,5.0,6,15.0,100.0,Free,0.0,Everyone,Business,2018-07-25,69.1,4.1 and up
News: RFI Hausa,NEWS_AND_MAGAZINES,4.7,10,6.3,1000.0,Free,0.0,Everyone,News & Magazines,2018-04-28,1.0,4.1 and up
DW Contacts Wear,TOOLS,4.2,37,2.2,5000.0,Free,0.0,Everyone,Tools,2015-03-09,0.0,4.0 and up
Hausa Radio,NEWS_AND_MAGAZINES,4.4,3375,4.2,100000.0,Free,0.0,Everyone,News & Magazines,2018-07-31,4.1,4.1 and up
DDFDNO@,TOOLS,4.2,155,16.0,10000.0,Free,0.0,Everyone,Tools,2018-02-24,1.3,5.0 and up
DW Timer,TOOLS,5.0,9,1.5,100.0,Free,0.0,Everyone,Tools,2017-04-05,1.0,1.6 and up
RSD,PERSONALIZATION,5.0,13,500.0,100.0,Paid,1.49,Everyone,Personalization,2017-04-04,1.2,2.3 and up
VIPMC,BUSINESS,2.0,9,3.4,1000.0,Free,0.0,Everyone,Business,2017-06-09,0.0,2.3 and up
DW Maps,TRAVEL_AND_LOCAL,3.7,35,13.0,10000.0,Free,0.0,Everyone,Travel & Local,2017-06-06,1.9,2.3.3 and up
DMCCP,TOOLS,3.9,65,54.0,5000.0,Free,0.0,Everyone,Tools,2014-11-27,1.4,2.0 and up
Swahili Radio,NEWS_AND_MAGAZINES,4.5,171,4.8,10000.0,Free,0.0,Everyone,News & Magazines,2018-05-30,3.0,4.0 and up
DX,SHOPPING,3.1,6697,11.0,500000.0,Free,0.0,Everyone,Shopping,2018-02-01,0.0,4.0 and up
Direct Express®,FINANCE,4.5,6156,6.6,500000.0,Free,0.0,Everyone,Finance,2017-05-09,0.0,4.0 and up
RCRD,GAME,4.7,416,16.0,10000.0,Paid,2.99,Teen,Action,2017-01-12,0.0,4.0 and up
PORTABLE SOCCER DX,SPORTS,4.4,552,1.6,5000.0,Paid,1.0,Everyone,Sports,2018-06-19,3.4,2.2 and up
Across Age DX,FAMILY,3.8,5964,48.0,500000.0,Free,0.0,Teen,Role Playing,2015-01-09,0.0,2.2 and up
ZDT,FAMILY,4.2,3195,4.6,100000.0,Paid,0.99,Everyone,Puzzle,2015-11-26,0.0,2.1 and up
HDC&SF,COMMUNICATION,4.5,115,2.8,5000.0,Free,0.0,Everyone,Communication,2016-07-15,0.0,4.1 and up
DX Alerts,LIFESTYLE,4.5,22,23.0,1000.0,Free,0.0,Everyone,Lifestyle,2016-07-19,2.0,4.0.3 and up
Piczle Lines DX,FAMILY,4.6,281,26.0,5000.0,Free,0.0,Everyone,Puzzle,2018-04-15,0.0,4.0 and up
PSDL,SPORTS,4.2,15068,2.5,1000000.0,Free,0.0,Everyone,Sports,2018-06-19,3.4,2.3 and up
DX Spots Free,TOOLS,4.5,46,24.0,1000.0,Free,0.0,Everyone,Tools,2018-05-18,0.0,4.1 and up
3DDKGD,FAMILY,4.2,449,56.0,10000.0,Free,0.0,Teen,Casual,2018-02-16,1.5,4.0 and up
Bubble Shooter DX,FAMILY,4.2,636,4.0,100000.0,Free,0.0,Everyone,Casual,2018-06-21,1.21,4.0.3 and up
DX Alert,TOOLS,4.1,27,2.5,1000.0,Free,0.0,Everyone,Tools,2016-04-28,1.131,3.2 and up
AOPD,FAMILY,4.3,1894,40.0,100000.0,Free,0.0,Mature 17+,Simulation,2016-04-22,1.441,2.3 and up
Chronolink DX,FAMILY,5.0,7,73.0,10.0,Paid,0.99,Everyone,Puzzle,2017-07-06,1.2,4.1 and up
DSFODB,FAMILY,4.6,67,31.0,10000.0,Free,0.0,Everyone,Simulation,2018-08-04,1.7,4.1 and up
TBSRD,FAMILY,4.4,16,45.0,500.0,Free,0.0,Everyone,Simulation;Education,2018-07-29,0.0,4.0 and up
DSBFBH,FAMILY,4.5,182,39.0,10000.0,Free,0.0,Everyone,Simulation,2018-07-11,2.0,4.1 and up
Active Soccer 2 DX,SPORTS,3.6,28,48.0,500.0,Paid,2.99,Everyone,Sports,2017-03-28,0.0,1.5 and up
DSFKHB2,FAMILY,4.6,14,7.2,5000.0,Free,0.0,Everyone,Simulation,2018-08-06,1.5,4.0.3 and up
EGD-M,FAMILY,4.0,127,14.0,10000.0,Free,0.0,Everyone,Puzzle,2014-03-11,0.0,2.2 and up
DSFDDHB2,FAMILY,4.6,33,11.0,5000.0,Free,0.0,Everyone,Simulation,2018-08-06,1.5,4.0.3 and up
MDCL,COMMUNICATION,4.5,51,21.0,5000.0,Free,0.0,Everyone,Communication,2016-05-10,3.0,4.1 and up
DSBFDH,FAMILY,4.5,64,32.0,5000.0,Free,0.0,Everyone,Simulation,2018-07-27,3.0,4.1 and up
Human Dx,MEDICAL,4.8,6,16.0,500.0,Free,0.0,Everyone,Medical,2018-08-04,0.0,6.0 and up
SMSD,GAME,5.0,4,33.0,50.0,Paid,1.99,Teen,Action,2013-08-15,1.05,2.2 and up
DG-CW,PERSONALIZATION,4.4,5,3.4,50.0,Paid,0.99,Everyone,Personalization,2015-03-20,2.0,3.0 and up
MBU DX Cluster,TOOLS,4.0,5,1.6,500.0,Free,0.0,Everyone,Tools,2015-06-16,0.0,2.3.3 and up
DURD,FAMILY,3.5,13,42.0,100.0,Paid,0.99,Everyone,Simulation,2016-09-16,0.0,4.0.3 and up
CDCH,HEALTH_AND_FITNESS,5.0,6,11.0,100.0,Free,0.0,Everyone,Health & Fitness,2017-07-19,0.0,4.4 and up
DSFXDB,FAMILY,4.0,35,48.0,5000.0,Free,0.0,Everyone,Simulation,2018-08-04,1.6,4.1 and up
Unstoppaball DX,FAMILY,4.2,5,40.0,50.0,Paid,1.49,Everyone,Puzzle,2014-05-20,1.7,2.0.1 and up
Sokoban Land DX,FAMILY,3.9,46,20.0,10000.0,Paid,2.99,Everyone,Puzzle,2018-01-29,0.0,2.3 and up
MSD&M,MEDICAL,4.5,131,60.0,10000.0,Free,0.0,Everyone,Medical,2017-09-25,5.0,4.4 and up
Dx Ludo,FAMILY,3.6,215,2.6,50000.0,Free,0.0,Everyone,Puzzle,2011-04-18,1.0,2.1 and up
MDD-3DR,LIFESTYLE,4.2,9,22.0,100.0,Free,0.0,Everyone,Lifestyle,2016-09-20,1.01,4.1 and up
Dy So Exam,FAMILY,3.0,6,3.2,1000.0,Free,0.0,Everyone,Education,2017-07-03,1.0,2.3 and up
DDYPVG,FAMILY,4.0,3,5.3,100.0,Free,0.0,Everyone,Education,2017-02-14,0.0,4.1 and up
edp re:dy smarthome,TOOLS,3.4,30,22.0,5000.0,Free,0.0,Everyone,Tools,2017-06-07,0.0,4.1 and up
KPS CHAUHAN DY/DX,FAMILY,4.9,37,10.0,100.0,Free,0.0,Everyone,Education,2018-07-28,0.0,4.1 and up
DY TECHNICAL GYAN,BUSINESS,4.0,2,3.3,10.0,Free,0.0,Everyone,Business,2018-01-17,0.0,4.0 and up
J(ST,FAMILY,4.4,152,1.2,10000.0,Free,0.0,Everyone,Entertainment,2015-11-28,1.0,2.2 and up
ASCFSA,GAME,4.1,395,54.0,50000.0,Free,0.0,Teen,Action,2017-11-24,1.4,2.3 and up
Guardians of Ancora,FAMILY,4.4,969,26.0,50000.0,Free,0.0,Everyone,Educational;Action & Adventure,2018-07-20,0.0,2.3.3 and up
CDK,PERSONALIZATION,4.5,237,6.4,10000.0,Free,0.0,Everyone,Personalization,2018-07-30,0.0,4.0.3 and up
TTRM,FAMILY,4.2,632,50.0,100000.0,Free,0.0,Everyone,Simulation,2018-07-20,1.4,4.1 and up
HCD,TOOLS,3.9,167,2.5,10000.0,Free,0.0,Everyone,Tools,2017-11-08,1.0,4.0.3 and up
Street Skater 3D,GAME,3.6,120852,21.0,10000000.0,Free,0.0,Teen,Action,2017-10-24,1.1,4.0.3 and up
DYPSOET,FAMILY,5.0,8,7.4,50.0,Free,0.0,Everyone,Education,2018-08-07,0.0,4.1 and up
T-DR,FAMILY,4.4,3032,30.0,1000000.0,Free,0.0,Everyone,Casual,2017-12-18,0.0,4.0 and up
DES,FAMILY,3.6,1185,3.9,100000.0,Free,0.0,Everyone,Education,2017-04-11,0.0,4.0.3 and up
DDNTL,PRODUCTIVITY,4.7,2807,9.8,100000.0,Free,0.0,Everyone,Productivity,2016-12-15,0.0,4.0.3 and up
dz NEWS Algerie,NEWS_AND_MAGAZINES,4.2,2318,4.5,100000.0,Free,0.0,Everyone,News & Magazines,2014-12-13,2.3,2.3 and up
Siyaha Dz,TRAVEL_AND_LOCAL,4.5,289,9.8,10000.0,Free,0.0,Everyone,Travel & Local,2018-03-13,0.0,4.2 and up
CD:FOAC|NILD,FINANCE,4.7,642,3.2,10000.0,Free,0.0,Everyone,Finance,2018-04-27,20180427.0,4.0 and up
3G DZ Configuration,COMMUNICATION,4.3,488,2.5,50000.0,Free,0.0,Everyone,Communication,2015-11-19,0.0,3.0 and up
3G/4G Config Dz,TOOLS,4.2,2058,2.3,100000.0,Free,0.0,Everyone,Tools,2017-05-15,0.0,4.0 and up
I:CS-DA,TRAVEL_AND_LOCAL,4.7,57,7.0,1000.0,Free,0.0,Everyone,Travel & Local,2018-03-10,201803.0,4.0 and up
Numbers Into Words,PRODUCTIVITY,4.4,457,562.0,50000.0,Free,0.0,Everyone,Productivity,2014-05-06,1.2,2.1 and up
Météo Algérie DZ,WEATHER,4.1,1238,4.7,100000.0,Free,0.0,Everyone,Weather,2014-12-17,0.0,2.3 and up
DPVP,VIDEO_PLAYERS,4.5,83,4.5,5000.0,Free,0.0,Everyone,Video Players & Editors,2018-05-16,4.6,4.1 and up
DP-P&SAIA,SHOPPING,4.1,331,10.0,50000.0,Free,0.0,Everyone,Shopping,2017-08-10,2.51,4.0.3 and up
JD-AN,NEWS_AND_MAGAZINES,4.0,146,3.0,10000.0,Free,0.0,Everyone,News & Magazines,2016-07-16,2.4,2.3 and up
Ouedkniss,SHOPPING,4.3,10355,847.0,1000000.0,Free,0.0,Teen,Shopping,2018-06-19,0.0,4.0 and up
Files To SD Card Pro,TOOLS,4.2,994,2.8,100000.0,Free,0.0,Everyone,Tools,2018-05-18,0.0,5.0 and up
My Ooredoo Algeria,TOOLS,4.2,3606,17.0,100000.0,Free,0.0,Everyone,Tools,2018-06-24,0.0,4.4 and up
PHARMAGUIDE (DZ),HEALTH_AND_FITNESS,4.1,131,3.4,5000.0,Free,0.0,Everyone,Health & Fitness,2016-04-01,1.06,1.6 and up
لعبة تقدر تربح DZ,FAMILY,4.2,238,6.8,10000.0,Free,0.0,Everyone,Education,2016-11-18,0.0,4.1 and up
chat dz,COMMUNICATION,5.0,8,29.0,100.0,Free,0.0,Teen,Communication,2018-03-14,1.0,4.1 and up
Devise Dz,FINANCE,4.0,26,3.6,1000.0,Free,0.0,Everyone,Finance,2017-05-29,0.0,4.0 and up
Ludo Dz,GAME,4.5,17,28.0,500.0,Free,0.0,Everyone,Board,2017-08-27,1.0,4.1 and up
AHFTD,FAMILY,4.1,1060,2.5,100000.0,Free,0.0,Everyone,Entertainment,2018-02-17,0.35,4.0.3 and up
infirmiers,MEDICAL,4.7,125,23.0,10000.0,Free,0.0,Everyone,Medical,2018-06-07,12.0,4.0.3 and up
DZ sim,TOOLS,4.4,417,15.0,10000.0,Free,0.0,Everyone,Tools,2018-04-26,3.0,4.2 and up
Tuberculose Dz,MEDICAL,4.9,26,6.1,1000.0,Free,0.0,Everyone,Medical,2016-11-06,0.0,4.1 and up
DFAHV,TRAVEL_AND_LOCAL,3.6,114,10.0,10000.0,Free,0.0,Everyone,Travel & Local,2016-10-31,2.0,4.0 and up
3T4C-S,TOOLS,4.2,268,2.4,10000.0,Free,0.0,Everyone,Tools,2018-02-21,0.0,4.1 and up
C-CDDSLMP,FINANCE,4.4,188,3.3,10000.0,Free,0.0,Everyone,Finance,2018-07-28,2.5,4.2 and up
TDER,FINANCE,4.5,625,3.8,10000.0,Free,0.0,Everyone,Finance,2018-03-30,2.1,4.0 and up
LSGM,COMMUNICATION,4.2,10,3.1,5000.0,Free,0.0,Everyone,Communication,2016-04-28,1.0,2.3 and up
DZ Blagues,FAMILY,4.2,580,2.1,10000.0,Free,0.0,Everyone,Entertainment,2012-12-19,1.3,2.1 and up
EA SPORTS UFC®,SPORTS,4.5,2371338,37.0,50000000.0,Free,0.0,Teen,Sports,2017-07-24,0.0,2.3.3 and up
NLMB,SPORTS,4.4,1690802,58.0,50000000.0,Free,0.0,Everyone,Sports,2018-05-21,0.0,4.0 and up
NFSNL,GAME,4.4,3344300,22.0,50000000.0,Free,0.0,Everyone 10+,Racing,2018-07-24,0.0,4.1 and up
Real Racing 3,FAMILY,4.5,354454,71.0,10000000.0,Free,0.0,Everyone,Racing;Action & Adventure,2018-07-02,0.0,4.1 and up
ESF1C,SPORTS,3.9,282727,63.0,10000000.0,Free,0.0,Everyone,Sports,2017-12-07,0.0,4.4 and up
TSTO,FAMILY,4.3,636995,49.0,10000000.0,Free,0.0,Teen,Casual,2018-07-31,0.0,4.0.3 and up
PVZ2,FAMILY,4.4,567632,15.0,10000000.0,Free,0.0,Everyone 10+,Casual,2018-06-12,0.0,4.1 and up
SWGOH,FAMILY,4.5,1461698,67.0,10000000.0,Free,0.0,Everyone 10+,Role Playing,2018-05-21,0.0,4.1 and up
Dungeon Keeper,FAMILY,4.0,69574,45.0,500000.0,Free,0.0,Everyone 10+,Strategy,2018-05-24,0.0,4.1 and up
LJ(,GAME,4.5,32344,29.0,1000000.0,Paid,0.99,Everyone,Adventure,2016-10-21,0.0,3.0 and up
TETRIS,FAMILY,4.0,199808,57.0,10000000.0,Free,0.0,Everyone,Puzzle,2018-06-14,0.0,3.0 and up
NJBES,FAMILY,4.3,56444,43.0,500000.0,Paid,4.99,Everyone,Sports;Action & Adventure,2017-02-08,0.0,2.3 and up
EA Plus,TRAVEL_AND_LOCAL,2.5,12,12.0,1000.0,Free,0.0,Everyone,Travel & Local,2017-11-03,1.4,4.0.3 and up
TETRIS Blitz,FAMILY,4.4,201631,96.0,5000000.0,Free,0.0,Everyone,Puzzle,2018-06-01,0.0,4.1 and up
POGO Games,FAMILY,3.8,32600,26.0,1000000.0,Free,0.0,Everyone,Casual,2017-02-22,0.0,4.1 and up
SBC,FAMILY,4.4,93870,79.0,1000000.0,Free,0.0,Everyone,Strategy,2016-02-03,0.0,4.0 and up
Bejeweled Blitz,FAMILY,4.2,222664,98.0,10000000.0,Free,0.0,Everyone,Puzzle,2018-08-01,0.0,4.0.3 and up
Peggle Blast,GAME,4.1,166251,19.0,5000000.0,Free,0.0,Everyone,Card,2017-12-11,0.0,4.0.3 and up
Heroes of Dragon Age,GAME,4.2,70389,28.0,1000000.0,Free,0.0,Teen,Action,2018-05-09,0.0,2.3.3 and up
SCRABBLE,GAME,3.9,172281,50.0,5000000.0,Free,0.0,Everyone,Word,2018-08-01,0.0,4.1 and up
AXRR,GAME,4.5,567984,39.0,10000000.0,Free,0.0,Everyone,Racing,2018-07-16,0.0,4.0.3 and up
FIFA 16 Soccer,SPORTS,4.1,820577,30.0,10000000.0,Free,0.0,Everyone,Sports,2017-01-25,0.0,4.4 and up
LOS2NAP,GAME,4.4,32496,99.0,1000000.0,Paid,0.99,Teen,Action,2018-07-03,0.0,2.3 and up
MC5EF,GAME,4.3,2903386,58.0,100000000.0,Free,0.0,Mature 17+,Action,2018-07-24,0.0,4.0 and up
MEAAH,GAME,3.4,4490,92.0,100000.0,Free,0.0,Everyone 10+,Action,2017-09-21,0.0,4.1 and up
MEC,GAME,3.4,1995,43.0,100000.0,Free,0.0,Everyone,Action,2016-06-28,0.0,4.4 and up
SLSW,GAME,4.4,38419,100.0,1000000.0,Paid,0.99,Everyone 10+,Action,2018-08-03,0.0,4.1 and up
MPI2,SPORTS,4.2,42767,72.0,1000000.0,Free,0.0,Everyone,Sports,2018-07-26,0.0,4.3 and up
G-TR,GAME,4.4,140658,37.0,1000000.0,Free,0.0,Everyone,Racing,2018-08-01,0.0,4.3 and up
PVZWF,FAMILY,3.5,33178,3.1,1000000.0,Free,0.0,Everyone,Casual,2015-02-02,0.0,4.3 and up
Real Football,SPORTS,4.1,585564,33.0,10000000.0,Free,0.0,Everyone,Sports,2018-06-01,0.0,4.0.3 and up
Typical EA Game,FAMILY,4.6,33,3.3,100.0,Free,0.0,Everyone,Casual,2017-11-18,1.0,4.0 and up
EB Mobile,FAMILY,1.7,1172,5.6,10000.0,Free,0.0,Everyone,Education,2017-10-09,0.0,4.1 and up
EB Events,TRAVEL_AND_LOCAL,3.3,97,16.0,10000.0,Free,0.0,Everyone,Travel & Local,2016-01-27,1.6,4.0 and up
i am EB,PHOTOGRAPHY,5.0,1,5.4,10.0,Free,0.0,Teen,Photography,2017-02-01,1.0,4.1 and up
EB-Link,BUSINESS,4.8,6,11.0,100.0,Free,0.0,Everyone,Business,2018-06-07,0.0,4.2 and up
EB-EM,FINANCE,4.6,8,31.0,1000.0,Free,0.0,Everyone,Finance,2018-05-02,0.0,5.0 and up
TMA(,BUSINESS,3.3,2915,3.3,500000.0,Free,0.0,Everyone,Business,2017-11-03,0.0,4.4 and up
FEBGCF,PERSONALIZATION,4.2,410,6.1,100000.0,Free,0.0,Everyone,Personalization,2018-04-20,33.0,4.0.3 and up
Epson iProjection,PRODUCTIVITY,3.5,3930,18.0,1000000.0,Free,0.0,Everyone,Productivity,2018-03-22,0.0,4.0 and up
TESTEBPCEBAH,SOCIAL,3.7,23,16.0,5000.0,Free,0.0,Everyone,Social,2018-04-26,1.0,4.1 and up
EB Scanner,PRODUCTIVITY,5.0,9,25.0,50.0,Free,0.0,Everyone,Productivity,2018-02-11,0.0,4.0.3 and up
MH2L,GAME,4.1,5341,8.8,100000.0,Free,0.0,Teen,Action,2014-04-30,1.0,4.0 and up
EB Annual Meetings,BOOKS_AND_REFERENCE,3.5,11,15.0,1000.0,Free,0.0,Everyone,Books & Reference,2018-04-13,0.0,4.0 and up
UEBP&D,SOCIAL,5.0,3,2.4,50.0,Free,0.0,Teen,Social,2018-07-11,2.0,4.0 and up
TEOP,FINANCE,3.7,155,3.9,100000.0,Free,0.0,Everyone,Finance,2018-07-30,0.0,4.0.3 and up
OKEBP,FINANCE,4.0,37,3.9,5000.0,Free,0.0,Everyone,Finance,2017-11-16,0.0,4.0.3 and up
বাংলাflix,FAMILY,4.2,1111,7.3,100000.0,Free,0.0,Everyone,Entertainment,2018-06-05,0.0,4.1 and up
TNEB Quick Pay Easy,FINANCE,4.5,28,1.4,10000.0,Free,0.0,Teen,Finance,2018-01-29,1.0,3.0 and up
TNEB,BUSINESS,3.8,1777,948.0,100000.0,Free,0.0,Everyone,Business,2014-05-18,1.0,2.2 and up
TBC/TBS,FINANCE,2.5,2,5.0,1000.0,Free,0.0,Everyone,Finance,2018-03-03,2.0,4.0.3 and up
Skin Disease,BEAUTY,4.0,1,2.2,100.0,Free,0.0,Everyone,Beauty,2017-08-30,1.0,2.2 and up
BLR-RAEQP,TOOLS,4.0,8,2.2,1000.0,Free,0.0,Everyone,Tools,2018-08-07,0.0,5.0 and up
TNEB Reading,TOOLS,4.1,28,2.5,10000.0,Free,0.0,Everyone,Tools,2017-10-19,1.3,4.1 and up
Rブソア,FAMILY,3.4,159,3.1,1000.0,Paid,10.99,Teen,Role Playing,2018-04-26,2.12,2.3 and up
TEI,TOOLS,3.6,216,811.0,10000.0,Free,0.0,Everyone,Tools,2014-11-09,2.0,1.0 and up
PO-LR•EBP•R,TOOLS,3.4,16,4.0,5000.0,Free,0.0,Everyone,Tools,2018-08-07,1.0,5.0 and up
E(,TOOLS,3.9,627,4.1,10000.0,Free,0.0,Everyone,Tools,2017-02-21,6.0,4.0 and up
Paraglider Dashboard,SPORTS,4.6,549,2.8,50000.0,Free,0.0,Everyone,Sports,2018-03-03,0.0,4.0 and up
Exército Brasileiro,PRODUCTIVITY,4.7,1730,16.0,100000.0,Free,0.0,Everyone,Productivity,2018-02-01,1.5,4.1 and up
EB Cash Collections,BUSINESS,5.0,1,4.3,5.0,Free,0.0,Everyone,Business,2018-07-31,1.1,4.4 and up
TE(,LIFESTYLE,3.9,73,3.8,10000.0,Free,0.0,Everyone,Lifestyle,2016-12-21,8.0,2.3 and up
ECP,TOOLS,3.9,47,270.0,1000.0,Paid,14.99,Everyone,Tools,2014-06-03,3.1,1.6 and up
CB-BSB,COMMUNICATION,4.2,30350,3.7,1000000.0,Free,0.0,Everyone,Communication,2018-01-16,0.0,4.1 and up
EC - AP & Telangana,BOOKS_AND_REFERENCE,3.5,10,3.0,5000.0,Free,0.0,Everyone,Books & Reference,2017-11-10,1.0,4.0.3 and up
"TN Patta, Chitta, EC",TOOLS,4.1,633,3.8,100000.0,Free,0.0,Everyone,Tools,2016-10-21,6.7,2.3 and up
TPCEI,TOOLS,4.2,1611,2.7,100000.0,Free,0.0,Everyone,Tools,2018-08-06,5.0,4.4 and up
EC music dictionary,TOOLS,4.4,20,2.2,500.0,Paid,1.99,Everyone,Tools,2014-12-29,2.1,3.0 and up
EC Security,LIFESTYLE,4.5,13,28.0,1000.0,Free,0.0,Everyone,Lifestyle,2017-05-09,0.0,2.3.3 and up
TN Patta Citta & EC,BOOKS_AND_REFERENCE,3.8,48,1.5,10000.0,Free,0.0,Everyone,Books & Reference,2018-03-27,1.0,3.0 and up
E-ES-TS,BUSINESS,3.4,45,5.5,10000.0,Free,0.0,Everyone,Business,2017-06-18,1.0,2.3 and up
EC-(,BUSINESS,3.9,184,48.0,50000.0,Free,0.0,Everyone,Business,2014-08-12,1.1,2.3 and up
MH:EEEEEE,FAMILY,4.5,3776,7.7,100000.0,Free,0.0,Everyone,Education,2017-07-24,0.0,4.0 and up
EC-HRV test,SPORTS,3.0,9,4.3,1000.0,Free,0.0,Everyone,Sports,2018-07-26,0.0,4.4 and up
Barry EC,TOOLS,4.1,14,3.8,1000.0,Free,0.0,Everyone,Tools,2017-12-18,0.0,2.3.3 and up
NHATE,PRODUCTIVITY,4.6,12,15.0,1000.0,Free,0.0,Everyone,Productivity,2017-02-24,1.2,4.0.3 and up
EC Taximeter,PRODUCTIVITY,3.9,162,5.0,10000.0,Free,0.0,Everyone,Productivity,2018-05-14,0.0,4.0 and up
WF(S,TOOLS,4.7,62,2.3,1000.0,Free,0.0,Everyone,Tools,2017-11-13,0.0,4.1 and up
EC Apps List,TOOLS,4.5,2,1.6,100.0,Free,0.0,Everyone,Tools,2015-02-12,1.3,4.0 and up
ASAR,BOOKS_AND_REFERENCE,3.4,82,2.7,10000.0,Free,0.0,Everyone,Books & Reference,2018-03-27,2.0,3.0 and up
EC Calgary,FAMILY,5.0,6,8.1,100.0,Free,0.0,Teen,Education,2018-06-26,0.0,4.1 and up
Victoria EC,TOOLS,5.0,5,3.8,500.0,Free,0.0,Everyone,Tools,2018-03-30,0.0,2.3.3 and up
EC SPORTS,SPORTS,5.0,1,6.3,10.0,Free,0.0,Everyone,Sports,2015-05-26,0.0,2.3.3 and up
ECナビ×シュフー,LIFESTYLE,4.0,576,7.4,50000.0,Free,0.0,Everyone,Lifestyle,2018-06-07,0.0,4.0 and up
EC Reps,BUSINESS,4.0,1,5.4,100.0,Free,0.0,Everyone,Business,2017-03-15,1.1,4.0 and up
EC Tax,FINANCE,4.9,8,3.1,500.0,Free,0.0,Everyone,Finance,2018-02-09,1.2,4.0.3 and up
EC Fairgrounds,FAMILY,5.0,3,5.5,500.0,Free,0.0,Everyone,Entertainment,2018-07-13,0.0,4.4 and up
Kiamichi EC,TOOLS,4.6,7,3.9,1000.0,Free,0.0,Everyone,Tools,2018-02-23,0.0,2.3.3 and up
TP//N,SOCIAL,4.8,5,3.0,100.0,Free,0.0,Teen,Social,2018-07-20,1.0,4.0 and up
HOLSTON EC,TOOLS,4.1,7,4.2,1000.0,Free,0.0,Everyone,Tools,2018-01-23,0.0,2.3.3 and up
FILL EC,BUSINESS,4.1,13,3.8,100.0,Free,0.0,Everyone,Business,2018-04-23,1.0,4.0.3 and up
GSFE2&N,FAMILY,4.7,23,4.3,1000.0,Free,0.0,Everyone,Education,2017-08-28,1.3,4.4 and up
EC Mover,GAME,5.0,5,4.6,10.0,Free,0.0,Everyone,Racing,2018-08-01,1.11,4.0.3 and up
SCS eC,PRODUCTIVITY,4.4,7,17.0,100.0,Free,0.0,Everyone,Productivity,2016-10-21,0.0,4.1 and up
My EF,FAMILY,3.3,4114,14.0,100000.0,Free,0.0,Everyone,Education,2018-07-10,3.29,4.2 and up
EF Mentor: Words,FAMILY,4.0,403,39.0,50000.0,Free,0.0,Teen,Education,2018-07-30,0.0,4.1 and up
ESEFP,FAMILY,3.5,208,13.0,10000.0,Free,0.0,Everyone,Education,2018-06-29,0.0,4.4 and up
My EF Center,FAMILY,2.8,89,35.0,10000.0,Free,0.0,Everyone,Education,2018-07-23,0.0,4.4 and up
EELB,FAMILY,3.6,496,14.0,100000.0,Free,0.0,Everyone,Education,2018-05-04,0.0,4.4 and up
EF Classroom,FAMILY,3.2,190,23.0,50000.0,Free,0.0,Everyone,Education,2018-07-23,0.0,5.0 and up
EELFP,FAMILY,3.6,2210,15.0,100000.0,Free,0.0,Everyone,Education,2018-07-24,0.0,5.0 and up
EF Smart English,FAMILY,3.7,150,11.0,5000.0,Free,0.0,Everyone,Education,2018-06-11,0.0,4.4 and up
EELBT,FAMILY,3.3,279,14.0,10000.0,Free,0.0,Everyone,Education,2017-12-25,0.0,4.4 and up
EELFT,FAMILY,3.1,1242,14.0,50000.0,Free,0.0,Everyone,Education,2018-04-24,0.0,4.4 and up
EF Parеnts,FAMILY,4.1,435,17.0,50000.0,Free,0.0,Everyone,Education,2018-06-21,0.0,4.1 and up
EF Teacher,FAMILY,3.1,16,17.0,1000.0,Free,0.0,Everyone,Education,2018-04-19,1.6,4.1 and up
English Bite,FAMILY,3.5,268,9.8,10000.0,Free,0.0,Everyone,Education,2016-01-25,0.0,4.0 and up
E–VTOES,FAMILY,3.6,17,15.0,1000.0,Free,0.0,Teen,Education,2015-09-15,0.0,4.0 and up
EF Events,EVENTS,5.0,7,4.4,100.0,Free,0.0,Teen,Events,2017-10-05,0.0,Varies with device
EGATC,TRAVEL_AND_LOCAL,2.3,23,43.0,1000.0,Free,0.0,Everyone,Travel & Local,2018-06-18,0.0,4.4 and up
EF-myHR,FINANCE,2.9,26,36.0,1000.0,Free,0.0,Everyone,Finance,2018-02-21,0.0,4.0 and up
EF Spelling Bee,FAMILY,3.0,2,9.4,500.0,Free,0.0,Everyone,Education;Education,2017-10-12,0.0,4.3 and up
EFFM,FINANCE,2.9,204,29.0,10000.0,Free,0.0,Everyone,Finance,2018-05-09,0.0,5.0 and up
Travelmoji,FAMILY,3.9,13,10.0,500.0,Free,0.0,Everyone,Education,2016-06-24,2.0,4.3 and up
EF Forms,BUSINESS,5.0,2,23.0,50.0,Free,0.0,Everyone,Business,2018-07-24,1.29,4.4 and up
Agenda EF,FAMILY,3.4,79,33.0,5000.0,Free,0.0,Everyone,Education,2015-05-27,1.03,3.0 and up
EF App,BUSINESS,5.0,8,20.0,100.0,Free,0.0,Everyone,Business,2017-01-23,0.0,4.4 and up
EF Coach,HEALTH_AND_FITNESS,4.8,17,14.0,500.0,Free,0.0,Everyone,Health & Fitness,2018-03-12,0.0,4.4 and up
EUEB,FAMILY,4.2,5,54.0,50.0,Free,0.0,Teen,Role Playing,2018-07-31,0.0,4.1 and up
EF Academy,HEALTH_AND_FITNESS,5.0,4,15.0,50.0,Free,0.0,Everyone,Health & Fitness,2018-03-23,0.0,4.1 and up
FCPE,FINANCE,4.3,634,2.0,50000.0,Free,0.0,Everyone,Finance,2013-10-04,0.0,2.1 and up
Carrier Landings Pro,FAMILY,4.6,5969,31.0,10000.0,Paid,12.99,Everyone,Simulation,2018-06-29,0.0,4.1 and up
EFCF,FINANCE,4.4,58,3.7,10000.0,Free,0.0,Everyone,Finance,2018-05-06,0.0,4.0.3 and up
أو|خعفاا,NEWS_AND_MAGAZINES,4.8,311,14.0,5000.0,Free,0.0,Everyone 10+,News & Magazines,2018-07-15,0.0,4.2 and up
S-EF,PARENTING,4.1,27,4.6,1000.0,Free,0.0,Everyone,Parenting,2017-10-12,1.13,4.1 and up
ECC,FAMILY,4.6,22165,6.8,1000000.0,Free,0.0,Everyone,Education,2018-06-28,0.0,4.0 and up
Equestria Girls,FAMILY,4.3,392819,53.0,10000000.0,Free,0.0,Everyone,Role Playing;Action & Adventure,2016-07-22,37893.0,4.0 and up
eG Monitor,PRODUCTIVITY,4.6,8,7.5,100.0,Free,0.0,Everyone,Productivity,2018-07-27,0.0,4.1 and up
E.G. Chess Free,GAME,4.0,505,23.0,10000.0,Free,0.0,Everyone,Board,2014-12-06,0.0,2.3 and up
ESC(이,BUSINESS,2.9,322,1.5,50000.0,Free,0.0,Everyone,Business,2017-03-28,2.13,2.2 and up
EG-Boost,BUSINESS,4.1,25,2.4,1000.0,Free,0.0,Everyone,Business,2017-11-27,7.0,2.3.3 and up
Bee Mobile EG,FINANCE,4.2,883,6.5,100000.0,Free,0.0,Everyone,Finance,2018-05-05,0.0,4.0 and up
E.G. Chess,GAME,4.3,56,23.0,1000.0,Paid,0.99,Everyone,Board,2014-12-06,0.0,2.3 and up
ESC(,TRAVEL_AND_LOCAL,4.4,105,5.0,10000.0,Free,0.0,Everyone,Travel & Local,2018-05-02,2.5,2.3 and up
EG Retail,BUSINESS,2.4,29,16.0,500.0,Free,0.0,Everyone,Business,2018-07-05,0.0,4.1 and up
EG Movi,TOOLS,4.2,40,7.4,1000.0,Free,0.0,Everyone,Tools,2017-05-12,0.0,3.2 and up
EESW,TOOLS,3.1,17,523.0,1000.0,Free,0.0,Everyone,Tools,2014-10-10,1.8201410101110511,2.2 and up
ECD,FAMILY,3.0,2,18.0,50.0,Paid,2.99,Everyone,Education;Education,2017-06-12,0.0,2.2 and up
EGW Writings 2,BOOKS_AND_REFERENCE,4.7,6547,16.0,100000.0,Free,0.0,Everyone,Books & Reference,2017-12-08,0.0,4.0.3 and up
Alipay,FINANCE,3.4,42497,61.0,1000000.0,Free,0.0,Teen,Finance,2018-07-02,0.0,4.3 and up
EGW Writings,BOOKS_AND_REFERENCE,4.7,24278,3.1,1000000.0,Free,0.0,Everyone,Books & Reference,2017-12-27,0.0,2.2 and up
BWEC,BOOKS_AND_REFERENCE,4.7,3776,12.0,100000.0,Free,0.0,Everyone,Books & Reference,2018-02-07,0.0,4.1 and up
Eg Call,COMMUNICATION,4.2,91,6.0,10000.0,Free,0.0,Everyone,Communication,2017-02-26,0.0,2.2 and up
EG India,LIFESTYLE,5.0,3,4.0,100.0,Free,0.0,Everyone,Lifestyle,2018-07-29,0.0,4.0.3 and up
FPGDUMG,FAMILY,4.5,256,30.0,10000.0,Free,0.0,Everyone,Simulation,2018-07-13,1.7,4.0 and up
MLPC,FAMILY,4.3,63192,17.0,1000000.0,Free,0.0,Everyone,Simulation;Pretend Play,2016-07-22,0.0,2.3 and up
MLPAG,BOOKS_AND_REFERENCE,3.3,7993,51.0,1000000.0,Free,0.0,Everyone,Books & Reference,2017-11-03,0.0,4.0 and up
LCS2MCC,GAME,4.2,3946,42.0,100000.0,Free,0.0,Teen,Racing,2017-03-30,1.04,2.3 and up
LS4NOS2,GAME,4.2,17453,99.0,1000000.0,Free,0.0,Mature 17+,Racing,2018-06-01,1.06,2.3 and up
SSSQ,BOOKS_AND_REFERENCE,4.7,14773,6.4,500000.0,Free,0.0,Everyone,Books & Reference,2017-10-09,0.0,3.0 and up
SFSG,FAMILY,4.3,2282,22.0,500000.0,Free,0.0,Everyone,Simulation,2018-02-20,1.0,4.0 and up
EAFM,SOCIAL,4.8,8369,63.0,50000.0,Free,0.0,Teen,Social,2018-07-13,0.0,4.0.3 and up
Propertyfinder,LIFESTYLE,4.2,1506,11.0,100000.0,Free,0.0,Everyone,Lifestyle,2018-08-07,0.0,4.4 and up
LCSMCC,GAME,4.0,30008,99.0,1000000.0,Free,0.0,Mature 17+,Racing,2017-03-30,1.26,2.3 and up
MLPSC,FAMILY,4.2,11002,21.0,1000000.0,Free,0.0,Everyone,Education;Action & Adventure,2017-05-11,1.0,4.0.3 and up
Pocket Little Pony,FAMILY,4.1,47576,14.0,1000000.0,Free,0.0,Everyone 10+,Simulation,2017-03-01,1.95,4.0 and up
DMFSG,FAMILY,4.6,2533,46.0,100000.0,Free,0.0,Everyone,Simulation,2018-02-27,1.0,4.0 and up
I&BS&WS,PRODUCTIVITY,4.6,1880,18.0,50000.0,Paid,1.49,Everyone,Productivity,2018-07-01,6.08,4.3 and up
MCA,FAMILY,3.8,7379,61.0,1000000.0,Free,0.0,Everyone,Entertainment,2017-03-28,1.0,4.4 and up
ML&CN-TOG,GAME,4.5,185382,99.0,10000000.0,Free,0.0,Everyone,Action,2018-07-30,0.0,4.4 and up
FGDUM,FAMILY,4.4,115,31.0,10000.0,Free,0.0,Everyone,Simulation,2018-07-13,1.0,4.0 and up
MLPHQ,FAMILY,4.1,148405,26.0,10000000.0,Free,0.0,Everyone,Casual;Action & Adventure,2018-03-05,1.6,4.1 and up
Home Pony 2,FAMILY,4.0,20977,26.0,1000000.0,Free,0.0,Everyone,Simulation,2018-06-18,0.0,4.0 and up
Eh Volevi!,FAMILY,3.9,1619,7.0,100000.0,Free,0.0,Everyone,Entertainment,2017-10-07,0.0,4.0 and up
VEDV(,TOOLS,3.5,78,3.3,10000.0,Free,0.0,Everyone,Tools,2013-10-11,0.0,2.2 and up
Eh Bee Wallpapers HD,PERSONALIZATION,5.0,4,3.9,100.0,Free,0.0,Everyone,Personalization,2018-04-24,1.0,4.1 and up
EH!,LIFESTYLE,4.6,10,8.7,1000.0,Free,0.0,Everyone,Lifestyle,2018-07-18,0.0,4.1 and up
Arogyam EH,MEDICAL,3.6,18,3.5,1000.0,Free,0.0,Everyone,Medical,2018-05-12,1.9,4.0.3 and up
Betul Ke Bohong Eh?,GAME,4.2,601,6.4,100000.0,Free,0.0,Everyone,Trivia,2015-04-03,0.0,2.3 and up
Eh Amego!,GAME,3.8,13388,7.1,500000.0,Free,0.0,Everyone,Arcade,2015-08-24,0.0,2.2 and up
EH kontrollrakendus,TOOLS,3.4,43,2.3,5000.0,Free,0.0,Everyone,Tools,2017-10-10,0.0,4.1 and up
Fit the Fat 2,SPORTS,3.8,35746,55.0,5000000.0,Free,0.0,Everyone,Sports,2017-12-15,0.0,4.0.3 and up
MTPR&WPT,FAMILY,4.2,128,41.0,10000.0,Free,0.0,Everyone 10+,Strategy,2018-06-12,1.5,4.2 and up
Doomsday Preppers™,FAMILY,4.2,137167,52.0,1000000.0,Free,0.0,Everyone,Strategy,2017-01-17,0.0,4.0.3 and up
TAXI DRIVER,FAMILY,3.7,7203,32.0,1000000.0,Free,0.0,Everyone,Simulation,2016-01-11,1.0,4.0 and up
Crazy Doctor,FAMILY,4.0,267636,13.0,10000000.0,Free,0.0,Teen,Role Playing,2014-03-03,1.5,2.1 and up
MCMSG,GAME,4.4,1294,44.0,50000.0,Free,0.0,Mature 17+,Action,2018-03-08,1.2,4.1 and up
EO,BUSINESS,4.5,234,3.4,10000.0,Free,0.0,Everyone,Business,2018-04-16,0.0,4.0 and up
ZOMBIE RIPPER,GAME,3.7,16073,94.0,500000.0,Free,0.0,Mature 17+,Action,2017-11-14,1.4,4.0 and up
SOGMW,FAMILY,4.2,64815,23.0,5000000.0,Free,0.0,Teen,Strategy,2018-06-01,0.0,2.3 and up
DS32,FAMILY,3.9,5075,48.0,500000.0,Free,0.0,Everyone,Simulation,2017-04-04,0.0,3.0 and up
Horror Hospital,GAME,3.7,63986,26.0,1000000.0,Free,0.0,Teen,Action,2017-10-10,6.0,2.3 and up
LFDG,FAMILY,4.2,3593,19.0,500000.0,Free,0.0,Everyone,Board;Brain Games,2018-03-07,1.4,4.1 and up
Mad Skills Motocross,GAME,4.0,32522,44.0,1000000.0,Free,0.0,Everyone,Racing,2016-01-25,0.0,2.0 and up
MCGFR&K,FAMILY,3.9,1036,33.0,100000.0,Free,0.0,Everyone,Casual,2018-07-06,2.6,2.3 and up
UATCG,FAMILY,4.1,27130,35.0,5000000.0,Free,0.0,Everyone,Simulation,2017-12-08,1.4,2.3 and up
Pineapple Pen,GAME,4.3,157264,65.0,10000000.0,Free,0.0,Everyone,Arcade,2016-12-30,1.31,4.0.3 and up
IBTBS,FAMILY,4.5,157322,9.2,5000000.0,Free,0.0,Teen,Entertainment,2018-01-05,0.0,4.1 and up
Guess The Emoji,GAME,4.5,76627,23.0,5000000.0,Free,0.0,Everyone,Word,2018-07-03,8.16,4.2 and up
CRCP3,GAME,3.3,5290,48.0,500000.0,Free,0.0,Everyone,Racing,2014-12-18,1.3,2.3 and up
GBSFARM,GAME,4.4,1094,37.0,500000.0,Free,0.0,Teen,Action,2018-07-09,1.1,4.1 and up
Zombie Frontier,GAME,4.2,326689,20.0,10000000.0,Free,0.0,Teen,Action,2018-05-30,1.31,4.2 and up
eHub,BUSINESS,4.2,6969,4.8,100000.0,Free,0.0,Everyone,Business,2018-06-29,0.0,4.4 and up
Voice Changer,FAMILY,4.1,138050,5.7,10000000.0,Free,0.0,Everyone,Entertainment;Music & Video,2018-04-19,2.4,4.0.3 and up
HSED,FAMILY,4.1,2248,29.0,100000.0,Free,0.0,Teen,Educational,2017-04-28,1.3,4.0 and up
RJRGFF,GAME,4.4,661,42.0,100000.0,Free,0.0,Everyone,Action,2018-04-20,0.0,3.0 and up
100 Doors of Revenge,FAMILY,4.1,105766,48.0,10000000.0,Free,0.0,Teen,Puzzle,2018-05-24,0.0,4.4 and up
Lie Detector Prank,FAMILY,3.9,80313,3.7,10000000.0,Free,0.0,Everyone,Casual,2017-11-22,1.7,2.3 and up
VMSD:EH,FAMILY,3.9,70,61.0,10000.0,Free,0.0,Teen,Educational,2018-05-30,1.1,4.0 and up
PPRP,FAMILY,4.4,11442,66.0,1000000.0,Free,0.0,Everyone,Educational;Creativity,2016-06-30,1.4,2.3 and up
EI Mobile,FINANCE,3.8,4231,82.0,100000.0,Free,0.0,Everyone,Finance,2018-07-19,0.0,4.2 and up
TAMAGO,FAMILY,3.0,42515,1.6,5000000.0,Free,0.0,Everyone,Casual,2018-05-23,0.0,2.3.3 and up
EEA,TOOLS,3.4,59,1.8,10000.0,Free,0.0,Everyone,Tools,2017-10-19,0.0,4.0 and up
NEMA ei,BUSINESS,5.0,4,12.0,100.0,Free,0.0,Everyone,Business,2017-11-06,0.0,4.4 and up
TE-CTE,FAMILY,4.1,211,14.0,10000.0,Free,0.0,Everyone,Casual,2016-11-21,0.0,2.3 and up
EI SmartMiles,FINANCE,2.4,9,3.8,1000.0,Free,0.0,Everyone,Finance,2018-01-21,0.0,4.0 and up
Code on the egg,TOOLS,3.9,146,784.0,10000.0,Free,0.0,Everyone,Tools,2017-04-10,1.15,2.2 and up
EI Calculator,TOOLS,4.0,8,1.5,100.0,Free,0.0,Everyone,Tools,2016-05-23,1.3,1.6 and up
Tamago egg,GAME,3.0,49,7.1,5000.0,Free,0.0,Everyone,Trivia,2017-10-31,0.0,2.3.3 and up
EI-NERAV,SPORTS,4.4,4600,21.0,500000.0,Free,0.0,Everyone,Sports,2018-01-14,0.0,4.1 and up
Let's Poke The Egg,GAME,3.4,9051,23.0,1000000.0,Free,0.0,Everyone,Arcade,2017-02-04,1.2,2.3 and up
Egg,FAMILY,2.9,72,27.0,5000.0,Free,0.0,Mature 17+,Simulation,2018-06-09,0.0,2.3 and up
ei Calc,TOOLS,5.0,2,19.0,10.0,Free,0.0,Everyone,Tools,2015-10-12,0.0,2.3 and up
Disaster Will Strike,FAMILY,4.5,14692,45.0,1000000.0,Free,0.0,Everyone,Puzzle,2018-07-19,0.0,4.1 and up
Egg: clicker,FAMILY,3.7,40678,15.0,1000000.0,Free,0.0,Everyone,Casual,2017-05-22,0.0,4.0 and up
SPE,GAME,4.0,127810,33.0,10000000.0,Free,0.0,Mature 17+,Action,2018-08-01,0.0,4.4 and up
CTBABE,FAMILY,3.2,85,2.1,10000.0,Free,0.0,Everyone,Puzzle,2016-04-22,0.0,2.1 and up
TTCE,FAMILY,3.6,209,16.0,50000.0,Free,0.0,Everyone,Casual,2016-10-19,1.1,2.3 and up
Tap The Easter Egg!,FAMILY,3.2,111,3.3,5000.0,Free,0.0,Everyone,Casual,2016-03-18,1.7,2.3 and up
EIP,SPORTS,3.7,27179,20.0,1000000.0,Free,0.0,Everyone,Sports,2018-07-30,0.0,4.1 and up
EI国际,FAMILY,4.7,15,5.2,1000.0,Free,0.0,Everyone,Education,2016-09-09,0.0,4.0 and up
Egg Baby,FAMILY,4.4,351607,8.7,5000000.0,Free,0.0,Everyone 10+,Casual,2016-06-29,0.0,2.3.3 and up
PMMH,FAMILY,4.4,87045,99.0,10000000.0,Free,0.0,Everyone,Casual;Action & Adventure,2018-06-05,0.0,4.0.3 and up
Crack Attack,FAMILY,4.3,31970,77.0,1000000.0,Free,0.0,Everyone,Puzzle,2017-06-07,1.8,Varies with device
ABESEK,NEWS_AND_MAGAZINES,4.9,34,3.8,1000.0,Free,0.0,Everyone,News & Magazines,2017-01-15,6.7,2.3 and up
Break the Egg,FAMILY,2.6,366,6.0,50000.0,Free,0.0,Everyone,Entertainment,2018-01-05,1.0,4.0 and up
KNPS,NEWS_AND_MAGAZINES,5.0,10,5.0,100.0,Free,0.0,Everyone,News & Magazines,2018-07-14,1.0,4.0.3 and up
PJ Masks: HQ,FAMILY,4.1,13731,55.0,1000000.0,Free,0.0,Everyone,Entertainment;Action & Adventure,2018-06-22,0.0,4.0 and up
ES&DS&S(,NEWS_AND_MAGAZINES,4.0,4,5.3,100.0,Free,0.0,Everyone,News & Magazines,2018-07-25,25072018.0,4.0 and up
TMR,GAME,4.1,104583,37.0,1000000.0,Free,0.0,Everyone,Arcade,2016-08-18,3.45,2.3 and up
EEPL,SPORTS,3.3,3,12.0,1000.0,Free,0.0,Everyone,Sports,2018-02-23,0.0,4.1 and up
SSCS,FAMILY,4.2,58553,50.0,1000000.0,Free,0.0,Everyone,Simulation,2016-12-25,3.1,2.3.3 and up
EJ Insight,NEWS_AND_MAGAZINES,4.0,33,280.0,1000.0,Free,0.0,Everyone,News & Magazines,2014-09-30,1.0,4.0 and up
ARS1,FAMILY,4.3,6669,31.0,1000000.0,Free,0.0,Everyone,Simulation,2018-03-01,0.0,2.3 and up
Bad Piggies HD,FAMILY,4.4,764967,69.0,10000000.0,Free,0.0,Everyone,Puzzle,2018-07-05,0.0,4.1 and up
EJ messenger,COMMUNICATION,5.0,1,25.0,10.0,Free,0.0,Teen,Communication,2017-10-18,1.0,4.0 and up
TSCA,GAME,4.3,5339,38.0,1000000.0,Free,0.0,Teen,Action,2017-12-05,1.0,2.3 and up
RSU,GAME,4.4,6735,26.0,1000000.0,Free,0.0,Mature 17+,Action,2017-05-10,1.1,2.3 and up
ESCD3,GAME,3.9,23104,48.0,1000000.0,Free,0.0,Everyone,Racing,2015-08-05,2.2,2.3.3 and up
Sport Car Simulator,FAMILY,4.0,48731,68.0,5000000.0,Free,0.0,Everyone,Simulation,2018-04-19,0.0,4.1 and up
FRCS,GAME,3.8,8482,45.0,1000000.0,Free,0.0,Everyone,Racing,2015-08-10,1.3,2.3.3 and up
BHSA,GAME,3.8,555,44.0,100000.0,Free,0.0,Teen,Action,2018-03-02,1.0,4.0 and up
SWH2,GAME,4.4,13714,41.0,1000000.0,Free,0.0,Everyone 10+,Action,2017-04-15,0.0,4.0.3 and up
DTZSUSKS,GAME,4.3,240,65.0,50000.0,Free,0.0,Teen,Action,2017-10-03,0.0,4.0 and up
Learn Music Notes,FAMILY,4.7,143,4.4,1000.0,Paid,1.99,Everyone,Music;Music & Video,2018-06-17,0.0,2.2 and up
Luxury Car Simulator,FAMILY,3.9,35989,46.0,1000000.0,Free,0.0,Everyone,Simulation,2015-08-07,2.3,2.3.3 and up
Dubai Racing,GAME,4.2,16237,23.0,500000.0,Free,0.0,Everyone,Racing,2015-12-23,0.0,2.3 and up
OBRS,FAMILY,3.8,21149,30.0,1000000.0,Free,0.0,Everyone,Simulation,2015-10-09,2.1,2.3 and up
PMSNTBBC,FAMILY,4.3,95,28.0,10000.0,Free,0.0,Teen,Educational,2018-02-24,1.0,4.1 and up
Pet Beauty Salon,FAMILY,3.8,20292,47.0,1000000.0,Free,0.0,Everyone,Educational;Creativity,2015-05-24,1.2,2.3 and up
Booking Revolution,SPORTS,4.2,140883,59.0,5000000.0,Free,0.0,Teen,Sports,2018-07-21,1.932,4.0 and up
NK(ND,LIFESTYLE,4.5,16426,1.6,500000.0,Free,0.0,Everyone,Lifestyle,2017-02-26,0.0,2.2 and up
Farming Simulator 16,FAMILY,4.2,32812,14.0,500000.0,Paid,2.99,Everyone,Simulation;Education,2018-04-10,0.0,4.0.3 and up
L&L-CCD,FAMILY,3.6,8091,43.0,1000000.0,Free,0.0,Everyone,Casual;Pretend Play,2018-06-05,0.0,4.1 and up
WIZARD Card Game,GAME,4.0,48,4.1,1000.0,Paid,1.99,Everyone,Card,2014-12-15,0.0,2.1 and up
FCFWP,FAMILY,3.5,352,3.8,50000.0,Free,0.0,Everyone,Entertainment,2017-07-23,1.0,3.0 and up
RFG-RBC3,GAME,4.4,30,47.0,5000.0,Free,0.0,Everyone,Action,2018-07-02,1.1,4.1 and up
Ghost Hunting camera,GAME,3.5,3048,24.0,500000.0,Free,0.0,Teen,Action,2017-03-06,1.1,2.3 and up
SPBC,GAME,4.1,101,31.0,10000.0,Free,0.0,Everyone,Arcade,2017-03-14,1.5,4.0 and up
T–LHFL,FAMILY,4.8,3136,2.7,100000.0,Free,0.0,Everyone,Entertainment,2018-06-27,0.0,4.0.3 and up
3MPKKT,FOOD_AND_DRINK,4.4,467,7.3,100000.0,Free,0.0,Everyone,Food & Drink,2018-07-01,0.0,4.0.3 and up
OUATDS,FAMILY,4.3,1216,59.0,500000.0,Free,0.0,Everyone 10+,Simulation,2018-06-11,1.3,4.1 and up
DND2-CYPS,FAMILY,4.0,34417,48.0,1000000.0,Free,0.0,Everyone,Educational,2018-08-06,0.0,4.1 and up
WiFi Tether Router,COMMUNICATION,4.2,5599,1.3,100000.0,Paid,2.9,Everyone,Communication,2018-07-02,0.0,1.6 and up
LWF,WEATHER,4.4,5482,12.0,1000000.0,Free,0.0,Everyone,Weather,2018-08-07,2.42,4.0.3 and up
KMLKT,FAMILY,3.5,191,5.0,50000.0,Free,0.0,Everyone,Entertainment,2018-05-18,5.0,4.1 and up
SENAMTAE,PERSONALIZATION,4.3,1961,6.6,100000.0,Free,0.0,Everyone,Personalization,2018-06-29,1.0,4.1 and up
The Emirates App,TRAVEL_AND_LOCAL,4.4,22776,55.0,1000000.0,Free,0.0,Everyone,Travel & Local,2018-08-06,0.0,5.0 and up
ek tuhi,VIDEO_PLAYERS,4.7,316,2.8,10000.0,Free,0.0,Everyone,Video Players & Editors,2014-07-04,1.0,4.0 and up
EK Platinum,LIFESTYLE,3.8,52,10.0,10000.0,Free,0.0,Everyone,Lifestyle,2017-12-26,0.0,4.0 and up
EBPC,EVENTS,5.0,3,30.0,500.0,Free,0.0,Everyone,Events,2018-07-02,0.0,5.1 and up
Ek Maratha,SOCIAL,4.8,725,3.7,10000.0,Free,0.0,Teen,Social,2016-10-12,0.0,2.2 and up
Ek Onkar,FAMILY,4.9,107,18.0,10000.0,Free,0.0,Everyone,Entertainment,2016-04-03,1.3,4.0 and up
Racing Moto,GAME,4.3,697805,7.4,50000000.0,Free,0.0,Everyone,Racing,2018-07-03,0.0,3.0 and up
Pyaar Ek Dhoka,FAMILY,5.0,18,1.3,50.0,Free,0.0,Everyone,Casual,2018-02-13,1.0,4.3 and up
Duaa Ek Ibaadat,BOOKS_AND_REFERENCE,4.9,122,26.0,5000.0,Free,0.0,Everyone,Books & Reference,2016-04-10,1.5,2.2 and up
Ek Onkar Mantras,LIFESTYLE,4.9,82,5.0,5000.0,Free,0.0,Everyone,Lifestyle,2016-08-07,1.0,4.1 and up
AFCFE,TOOLS,4.9,19,3.3,500.0,Free,0.0,Everyone,Tools,2018-06-15,1.8,2.1 and up
ROEO,FAMILY,4.5,6,3.9,1000.0,Free,0.0,Everyone,Entertainment,2017-05-31,1.0,4.0.3 and up
EKABS2-THS,FAMILY,4.5,28,5.6,1000.0,Free,0.0,Teen,Entertainment,2018-07-20,1.3,5.0 and up
EBNKD,FAMILY,5.0,10,3.0,10000.0,Free,0.0,Everyone,Entertainment,2017-06-26,0.0,4.0 and up
Hum Ek Hain 2.02,SOCIAL,5.0,2,1.8,10.0,Free,0.0,Teen,Social,2018-03-18,1.0,5.0 and up
EKABS3-THS,FAMILY,3.0,1,5.8,100.0,Free,0.0,Teen,Entertainment,2018-07-21,1.1,5.0 and up
SB-SME,PRODUCTIVITY,4.9,42,38.0,1000.0,Free,0.0,Everyone,Productivity,2018-05-26,1.4,4.0 and up
Ek Vote,PRODUCTIVITY,5.0,43,6.2,500.0,Free,0.0,Everyone,Productivity,2017-11-07,1.1,4.0.3 and up
AEH-AM,MEDICAL,5.0,2,11.0,100.0,Free,0.0,Everyone,Medical,2018-05-23,0.0,4.1 and up
APCT,FAMILY,4.1,182363,62.0,10000000.0,Free,0.0,Everyone,Simulation,2018-07-27,0.0,4.1 and up
Ek Kauwa Pyasa Tha,FAMILY,4.1,35,3.1,50000.0,Free,0.0,Everyone,Entertainment,2017-06-25,0.0,4.0 and up
TRG32P,GAME,4.3,192374,56.0,10000000.0,Free,0.0,Everyone,Racing,2018-01-09,0.0,5.0 and up
VMWPAM,PHOTOGRAPHY,4.3,4871,30.0,1000000.0,Free,0.0,Everyone,Photography,2018-03-19,0.0,4.1 and up
SIM Card Info,TOOLS,4.1,4234,1.9,1000000.0,Free,0.0,Everyone,Tools,2018-05-25,0.0,4.0 and up
TEPKSLIH,FAMILY,4.7,3,2.0,1000.0,Free,0.0,Everyone,Entertainment,2017-08-10,1.0,4.1 and up
SEPCSV-RMS,FAMILY,4.9,11,4.3,5000.0,Free,0.0,Everyone,Entertainment,2018-03-08,0.0,4.0.3 and up
"Phogy, 3D Camera",PHOTOGRAPHY,4.0,35725,9.9,1000000.0,Free,0.0,Everyone,Photography,2015-02-11,1.4,4.0 and up
EQHQS(W,FAMILY,5.0,4,2.0,100.0,Free,0.0,Everyone,Entertainment,2017-10-30,1.0,4.0 and up
LOEPL,FAMILY,5.0,4,2.3,500.0,Free,0.0,Everyone,Entertainment,2016-04-23,1.0,4.0 and up
Exiled Kingdoms RPG,FAMILY,4.6,49210,99.0,1000000.0,Free,0.0,Everyone 10+,Role Playing,2018-07-05,0.0,4.1 and up
Sabka Malik Ek Sai,SOCIAL,4.2,17,5.1,1000.0,Free,0.0,Teen,Social,2013-05-25,1.3,2.2 and up
Voice Lock Screen,LIFESTYLE,3.7,6667,2.7,1000000.0,Free,0.0,Everyone,Lifestyle,2018-04-02,0.0,4.0 and up
SGPMF-EOS,FAMILY,5.0,5,64.0,100.0,Free,0.0,Everyone,Entertainment,2018-01-19,1.1,4.4 and up
BD3HS,FAMILY,4.3,31705,49.0,5000000.0,Free,0.0,Everyone,Simulation,2017-11-06,1.7,4.1 and up
EMJ3,FAMILY,4.0,94308,79.0,10000000.0,Free,0.0,Everyone,Simulation,2016-12-25,4.2,2.3.3 and up
el,FAMILY,4.3,32405,47.0,1000000.0,Free,0.0,Everyone,Casual,2014-12-18,0.0,4.2 and up
EPL-LR,FOOD_AND_DRINK,4.0,848,25.0,100000.0,Free,0.0,Everyone,Food & Drink,2018-02-23,2.1,4.1 and up
El Chavo,FAMILY,4.0,751,49.0,10000.0,Paid,0.99,Everyone,Casual,2014-11-04,0.0,2.3 and up
EL AL Flights,TRAVEL_AND_LOCAL,3.1,1563,36.0,100000.0,Free,0.0,Everyone,Travel & Local,2018-05-24,4.3,4.2 and up
DreamStream By EL AL,TRAVEL_AND_LOCAL,3.4,595,22.0,100000.0,Free,0.0,Everyone,Travel & Local,2016-01-18,0.0,4.0 and up
LEWEC,FAMILY,4.2,6133,7.0,100000.0,Free,0.0,Everyone,Education,2015-10-01,6.2,2.3.3 and up
LMWEC,FAMILY,4.2,840,60.0,100000.0,Free,0.0,Everyone,Education,2018-06-28,1.1,4.1 and up
El Nuevo Día,NEWS_AND_MAGAZINES,4.1,8011,13.0,500000.0,Free,0.0,Everyone 10+,News & Magazines,2018-06-13,0.0,4.1 and up
ELDD3,FAMILY,4.0,20421,31.0,1000000.0,Free,0.0,Teen,Puzzle,2015-08-20,1.5,2.3 and up
LTCWEC,FAMILY,3.9,5933,60.0,1000000.0,Free,0.0,Everyone,Educational,2018-03-27,2.6,4.1 and up
El Falı,FAMILY,4.8,36968,16.0,1000000.0,Free,0.0,Everyone,Entertainment,2017-11-03,0.0,2.3 and up
ELDD2,FAMILY,4.1,3654,25.0,100000.0,Free,0.0,Teen,Puzzle,2017-04-14,0.0,4.0 and up
TV Local El Salvador,FAMILY,4.3,323,3.6,10000.0,Free,0.0,Everyone,Entertainment,2018-05-08,1.0,4.0.3 and up
TMES,FINANCE,4.3,4642,3.5,100000.0,Free,0.0,Everyone,Finance,2018-07-23,0.0,4.2 and up
Hangman,FAMILY,4.4,23302,12.0,5000000.0,Free,0.0,Everyone,Puzzle,2018-03-24,0.0,4.0 and up
El Dorado App,TRAVEL_AND_LOCAL,4.4,221,33.0,10000.0,Free,0.0,Everyone,Travel & Local,2018-04-06,2.4,4.1 and up
AECDTYR,GAME,4.5,1914,24.0,100000.0,Free,0.0,Everyone,Trivia,2018-06-29,0.0,4.0.3 and up
The translator,TOOLS,4.5,23805,4.1,1000000.0,Free,0.0,Everyone,Tools,2017-08-13,0.0,4.0.3 and up
Fernanfloo,GAME,4.8,526595,49.0,10000000.0,Free,0.0,Everyone 10+,Arcade,2018-06-26,2.9,4.0.3 and up
The dollar in mexico,FINANCE,4.5,4254,3.2,100000.0,Free,0.0,Everyone,Finance,2017-08-29,2.5,4.0 and up
Real Madrid App,SPORTS,4.6,161423,73.0,5000000.0,Free,0.0,Everyone,Sports,2018-08-01,0.0,5.0 and up
OWLIE BOO,FAMILY,4.6,834,22.0,100000.0,Free,0.0,Everyone,Puzzle;Education,2018-03-15,0.0,4.0 and up
TDTET,TOOLS,4.5,313,4.4,10000.0,Paid,1.97,Everyone,Tools,2015-03-29,4.1,1.5 and up
The Game of Life,GAME,4.4,18652,63.0,100000.0,Paid,2.99,Everyone,Board,2018-07-04,0.0,4.4 and up
The Holy Rosary,LIFESTYLE,4.7,56197,15.0,1000000.0,Free,0.0,Everyone,Lifestyle,2018-08-06,0.0,1.6 and up
WUU-SMTQ,FINANCE,4.5,80904,16.0,5000000.0,Free,0.0,Everyone,Finance,2018-07-05,5.7,4.1 and up
MGN&DSV,MAPS_AND_NAVIGATION,4.2,207440,6.4,10000000.0,Free,0.0,Everyone,Maps & Navigation,2018-07-23,0.0,4.0 and up
HAA2C3HB,MEDICAL,4.5,2923,25.0,100000.0,Paid,24.99,Everyone,Medical,2018-05-25,0.0,5.0 and up
Narcos: Cartel Wars,FAMILY,4.7,244797,52.0,5000000.0,Free,0.0,Teen,Strategy,2018-07-30,0.0,4.0.3 and up
Get 'Em,GAME,4.1,7904,21.0,500000.0,Free,0.0,Everyone 10+,Action,2016-10-26,0.0,4.0.3 and up
EM Launcher for EMUI,PERSONALIZATION,4.1,3175,2.3,500000.0,Free,0.0,Everyone,Personalization,2018-04-06,0.0,4.1 and up
BSEUHH,GAME,4.4,1218,15.0,500000.0,Free,0.0,Everyone 10+,Action,2018-03-06,0.0,2.3 and up
Connect'Em,FAMILY,4.5,49381,6.8,1000000.0,Free,0.0,Everyone,Puzzle,2018-06-25,0.0,2.0 and up
S'U2SE,GAME,3.8,2102,40.0,100000.0,Free,0.0,Everyone 10+,Action,2015-09-11,0.0,4.0.3 and up
SDSG,GAME,3.9,7972,88.0,500000.0,Free,0.0,Teen,Action,2017-08-12,56.0,4.1 and up
THP+|S,GAME,3.5,4416,59.0,500000.0,Free,0.0,Teen,Casino,2017-01-18,0.0,4.0.3 and up
EM Launcher Pro,PERSONALIZATION,4.2,35,24.0,1000.0,Paid,3.99,Everyone,Personalization,2016-04-02,1.0,4.1 and up
H–FOAASS'U,GAME,4.6,190274,46.0,5000000.0,Free,0.0,Everyone,Arcade,2018-07-09,0.0,4.1 and up
Shoot Em Down Free,FAMILY,3.7,2850,39.0,500000.0,Free,0.0,Everyone,Puzzle,2018-02-09,23.0,2.3 and up
GFKKM,FAMILY,4.4,7006,6.9,1000000.0,Free,0.0,Everyone,Education,2016-10-23,1.17,2.3 and up
Texas Hold'em Poker,GAME,3.6,12846,14.0,1000000.0,Free,0.0,Teen,Casino,2017-12-29,3.3,4.1 and up
Nuke Em All,FAMILY,3.4,2714,52.0,500000.0,Free,0.0,Mature 17+,Casual,2017-11-19,0.0,4.1 and up
PECPFNLH,GAME,4.0,21,14.0,5000.0,Paid,0.99,Everyone,Card,2017-09-10,1.3,5.0 and up
PL3TH,GAME,4.3,6143,37.0,100000.0,Free,0.0,Teen,Casino,2018-07-25,0.0,4.0.3 and up
FTHP,GAME,4.5,32831,24.0,500000.0,Free,0.0,Teen,Casino,2017-05-12,0.0,4.0.3 and up
ESLEA,FAMILY,4.4,2941,28.0,100000.0,Free,0.0,Teen,Simulation,2018-07-31,0.0,4.0.3 and up
Punch em,GAME,4.1,2208,4.4,500000.0,Free,0.0,Everyone,Arcade,2018-05-24,0.0,4.1 and up
ZP–TH,GAME,4.4,1986068,52.0,50000000.0,Free,0.0,Teen,Casino,2018-07-25,21.54,4.1 and up
BP(–STH,GAME,4.3,71468,51.0,1000000.0,Free,0.0,Teen,Card,2018-06-12,0.0,4.1 and up
WSOP–WFTH,GAME,4.5,910051,76.0,10000000.0,Free,0.0,Teen,Card,2018-08-02,0.0,4.1 and up
Connect'Em Halloween,FAMILY,4.5,6673,4.4,500000.0,Free,0.0,Everyone,Puzzle,2016-09-23,0.0,2.0 and up
THPP,GAME,4.5,114479,26.0,5000000.0,Free,0.0,Teen,Card,2017-12-20,0.0,3.0 and up
RFOS-BEUG,GAME,4.3,1489,67.0,100000.0,Free,0.0,Teen,Action,2018-05-13,0.0,4.1 and up
HC-B&TH,GAME,4.1,8608,46.0,500000.0,Free,0.0,Teen,Casino,2018-05-17,0.0,4.1 and up
PPFTHPG,GAME,4.6,14989,78.0,500000.0,Free,0.0,Teen,Card,2018-07-06,0.0,4.0.3 and up
Yoong: Kick 'Em Up!,SPORTS,4.3,7107,33.0,100000.0,Free,0.0,Everyone,Sports,2015-12-16,0.0,4.0.3 and up
Texas Holdem Poker,GAME,4.0,127831,26.0,10000000.0,Free,0.0,Teen,Card,2017-12-20,0.0,3.0 and up
L-LGT,SPORTS,4.6,200,3.0,1000.0,Paid,2.49,Everyone,Sports,2018-08-02,0.0,5.0 and up
TFTF,GAME,4.6,291941,90.0,10000000.0,Free,0.0,Everyone 10+,Action,2018-07-27,0.0,4.0.3 and up
TH&OPP,GAME,4.3,187200,28.0,10000000.0,Free,0.0,Teen,Card,2018-07-31,0.0,4.1 and up
GOP2-OPG,GAME,4.3,246538,60.0,5000000.0,Free,0.0,Teen,Card,2018-03-06,0.0,2.3 and up
S-BHS,GAME,4.2,177542,40.0,10000000.0,Free,0.0,Everyone,Arcade,2016-05-02,0.0,2.3 and up
TD-EV,SPORTS,4.5,36255,25.0,1000000.0,Free,0.0,Everyone,Sports,2018-08-01,0.0,4.1 and up
Holy Knight EN,FAMILY,4.0,26202,41.0,1000000.0,Free,0.0,Teen,Role Playing,2018-05-05,0.0,2.3 and up
EIAMF,FAMILY,3.8,6577,13.0,1000000.0,Free,0.0,Everyone,Education,2017-07-23,1.28,4.1 and up
LBPIE,FAMILY,4.0,7243,42.0,1000000.0,Free,0.0,Everyone,Education,2016-12-06,5.13,2.3 and up
AKP+E,TOOLS,4.5,57076,35.0,100000.0,Paid,4.49,Everyone,Tools,2018-07-24,0.0,4.1 and up
Edmodo,FAMILY,4.1,200214,18.0,10000000.0,Free,0.0,Everyone,Education,2018-08-06,0.0,4.0.3 and up
Learn English Daily,FAMILY,4.5,7881,53.0,500000.0,Free,0.0,Everyone,Education,2018-05-06,7.0,4.0 and up
OTBFA,COMMUNICATION,4.2,44233,31.0,10000000.0,Free,0.0,Everyone,Communication,2018-07-02,0.0,4.0.3 and up
N-LNBNLN,NEWS_AND_MAGAZINES,4.4,291901,4.3,10000000.0,Free,0.0,Mature 17+,News & Magazines,2018-07-20,0.0,4.1 and up
REC,FAMILY,4.0,5118,11.0,1000000.0,Free,0.0,Everyone,Education,2018-03-02,0.0,2.3 and up
HTC Sense Input - EN,TOOLS,4.3,24175,8.5,5000000.0,Free,0.0,Everyone,Tools,2015-10-30,0.0,5.0 and up
BLL-SE&M,FAMILY,4.3,207294,21.0,10000000.0,Free,0.0,Everyone 10+,Education,2018-08-01,0.0,5.0 and up
GK-EGT&G,PRODUCTIVITY,4.4,162831,43.0,5000000.0,Free,0.0,Everyone,Productivity,2018-08-01,0.0,4.1 and up
EAB-L,FAMILY,4.0,10773,10.0,1000000.0,Free,0.0,Everyone,Education,2017-11-29,8.02,4.1 and up
LT3EW,FAMILY,4.7,61600,3.4,1000000.0,Free,0.0,Everyone,Education,2018-02-24,3.1,2.3 and up
Chess Free,GAME,4.5,1375988,15.0,50000000.0,Free,0.0,Everyone,Board,2018-06-07,2.72,4.1 and up
ODOE:F,BOOKS_AND_REFERENCE,4.1,364452,7.1,10000000.0,Free,0.0,Everyone,Books & Reference,2018-07-11,0.0,4.1 and up
ETHD,BOOKS_AND_REFERENCE,4.1,71328,11.0,5000000.0,Free,0.0,Everyone,Books & Reference,2017-06-11,0.0,4.0.3 and up
EO.TRADE - Coin sale,FINANCE,4.3,95,1.5,10000.0,Free,0.0,Everyone,Finance,2018-06-05,0.3,4.0.3 and up
EO Network,BUSINESS,3.5,13,21.0,1000.0,Free,0.0,Teen,Business,2017-09-20,0.0,4.4 and up
The EO Bar,HEALTH_AND_FITNESS,4.7,416,34.0,10000.0,Paid,6.99,Everyone,Health & Fitness,2018-07-02,0.0,4.1 and up
EO Global,BUSINESS,2.6,13,8.9,1000.0,Free,0.0,Everyone,Business,2016-10-20,3.2,4.1 and up
EO SouthAsia,BUSINESS,4.2,8,19.0,100.0,Free,0.0,Teen,Business,2018-04-25,0.0,4.1 and up
EO Bijbel Open,LIFESTYLE,4.3,102,41.0,10000.0,Free,0.0,Everyone,Lifestyle,2016-11-24,0.0,4.0.3 and up
Masha and the Bear,FAMILY,4.4,15105,36.0,1000000.0,Free,0.0,Everyone,Education,2018-06-11,0.0,4.3 and up
FGMATB,FAMILY,4.3,34514,60.0,5000000.0,Free,0.0,Everyone,Puzzle;Brain Games,2018-07-20,0.0,4.1 and up
MATBCG,FAMILY,4.1,288606,92.0,10000000.0,Free,0.0,Everyone,Adventure;Education,2018-05-08,0.0,4.0 and up
MABCD,FAMILY,4.3,151374,54.0,10000000.0,Free,0.0,Everyone,Role Playing;Brain Games,2018-06-05,0.0,4.1 and up
MATBE,FAMILY,4.5,2062,42.0,500000.0,Free,0.0,Everyone,Strategy;Education,2018-06-14,0.0,4.0 and up
MATBGFK,FAMILY,4.6,6231,31.0,1000000.0,Free,0.0,Everyone,Educational;Pretend Play,2018-07-13,2.6,4.0.3 and up
MATBJDM3GFK,FAMILY,4.6,50060,98.0,1000000.0,Free,0.0,Everyone,Puzzle;Brain Games,2018-08-07,0.0,4.1 and up
Where's My Water?,FAMILY,4.7,188740,69.0,1000000.0,Paid,1.99,Everyone,Puzzle;Brain Games,2018-07-05,0.0,4.2 and up
Frozen Free Fall,FAMILY,4.3,1574546,37.0,50000000.0,Free,0.0,Everyone,Puzzle;Action & Adventure,2018-07-27,0.0,4.2 and up
Urban Car Simulator,FAMILY,4.2,23292,20.0,1000000.0,Free,0.0,Everyone,Simulation,2017-09-19,1.4,2.3 and up
MATBHCGFG,FAMILY,4.5,43852,77.0,10000000.0,Free,0.0,Everyone,Role Playing;Pretend Play,2018-07-19,0.0,4.1 and up
MATBPG,FAMILY,4.3,13330,73.0,1000000.0,Free,0.0,Everyone,Puzzle;Brain Games,2018-05-24,2.0,4.1 and up
MATBEG,FAMILY,4.5,46369,33.0,10000000.0,Free,0.0,Everyone,Educational;Brain Games,2018-07-13,2.3,4.0.3 and up
Bluetooth Pair,TOOLS,3.5,1960,2.7,1000000.0,Free,0.0,Everyone,Tools,2018-08-04,2.5,4.1 and up
SCDS2,GAME,4.3,2178,57.0,500000.0,Free,0.0,Everyone,Racing,2018-03-28,1.1,4.1 and up
MATBGN,FAMILY,4.6,29155,83.0,1000000.0,Free,0.0,Everyone,Educational;Pretend Play,2018-07-26,0.0,4.1 and up
MATBCRACG,FAMILY,4.5,2200,73.0,1000000.0,Free,0.0,Everyone,Racing;Pretend Play,2018-07-23,0.0,4.1 and up
OTC-E1,FAMILY,4.4,1516,44.0,50000.0,Paid,2.99,Everyone,Role Playing,2017-11-27,0.0,4.2 and up
EP Spotter,FAMILY,3.4,9,28.0,500.0,Free,0.0,Everyone,Entertainment,2016-09-28,314007.0,4.3 and up
EP Mobile,MEDICAL,4.3,267,2.3,50000.0,Free,0.0,Everyone,Medical,2018-07-08,2.18,4.0 and up
EP RSS Reader,COMMUNICATION,3.8,4,892.0,100.0,Free,0.0,Everyone,Communication,2018-07-16,0.99,4.0.3 and up
OTC-E2,FAMILY,4.5,144,70.0,1000.0,Paid,2.99,Teen,Role Playing,2018-01-26,0.0,4.2 and up
EP Church Annapolis,LIFESTYLE,5.0,2,8.8,100.0,Free,0.0,Everyone,Lifestyle,2017-01-14,1.0,4.1 and up
EP Horlogerie,LIFESTYLE,4.9,18,24.0,1000.0,Free,0.0,Everyone,Lifestyle,2018-03-28,0.0,4.0.3 and up
EP Radio,FAMILY,5.0,3,154.0,50.0,Free,0.0,Everyone,Entertainment,2018-03-26,1.0,3.0 and up
TGWEE1,GAME,4.2,5449,20.0,500000.0,Free,0.0,Everyone 10+,Action,2016-09-13,0.0,4.1 and up
TVE-SS,GAME,4.3,5731,31.0,1000000.0,Free,0.0,Mature 17+,Adventure,2018-01-02,0.0,4.1 and up
SS&S,GAME,4.4,11023,16.0,100000.0,Paid,3.99,Teen,Adventure,2018-01-26,0.0,2.3 and up
EP Lab Digest,MEDICAL,2.3,11,12.0,500.0,Free,0.0,Everyone,Medical,2018-07-12,1000000.6,4.1 and up
EP Research Service,BOOKS_AND_REFERENCE,4.7,14,27.0,1000.0,Free,0.0,Everyone,Books & Reference,2018-03-05,1.9,4.1 and up
EKEE,TOOLS,4.4,13,1.5,100.0,Free,0.0,Everyone,Tools,2015-02-20,4.0,4.0 and up
TGWEE,FAMILY,4.3,11,20.0,500.0,Paid,1.99,Everyone 10+,Action;Action & Adventure,2016-05-03,0.0,4.1 and up
TVE-KCC,GAME,4.4,3017,39.0,500000.0,Free,0.0,Mature 17+,Adventure,2018-01-02,0.0,4.3 and up
DE1G(,GAME,4.0,454,27.0,10000.0,Free,0.0,Teen,Arcade,2014-12-02,1.0,2.3 and up
DTM-E(,GAME,3.6,5291,7.2,100000.0,Free,0.0,Teen,Adventure,2014-05-24,2.0,2.2 and up
WYSFC,FAMILY,4.1,39661,47.0,1000000.0,Free,0.0,Teen,Role Playing,2018-08-02,0.0,5.0 and up
EP Gem Hunter,GAME,4.6,79,31.0,1000.0,Free,0.0,Everyone 10+,Action,2016-01-17,0.0,2.3 and up
EP Chain Reaction,FAMILY,3.9,249,21.0,10000.0,Free,0.0,Everyone,Casual;Brain Games,2016-04-10,0.0,2.3 and up
Gate Of Death Ep: 1,GAME,4.4,7,34.0,100.0,Free,0.0,Everyone,Adventure,2016-10-07,1.1,2.3 and up
Sonic 4™ Episode I,GAME,3.7,8014,37.0,100000.0,Paid,2.99,Everyone,Arcade,2016-04-04,0.0,2.2 and up
NS-WF,VIDEO_PLAYERS,3.9,141515,5.7,10000000.0,Free,0.0,Teen,Video Players & Editors,2014-04-23,0.0,2.3 and up
ONH,FAMILY,4.3,254861,52.0,10000000.0,Free,0.0,Teen,Simulation,2018-08-01,0.0,4.4 and up
MSEEH:DG,FAMILY,4.1,227,69.0,10000.0,Free,0.0,Teen,Educational,2018-06-21,1.2,4.0 and up
ER Surgery Simulator,FAMILY,3.6,19601,56.0,1000000.0,Free,0.0,Everyone 10+,Casual,2018-06-06,0.0,4.1 and up
DSEEDHG,FAMILY,3.5,2580,53.0,100000.0,Free,0.0,Everyone,Simulation,2018-07-06,10.0,4.1 and up
ET:EEH,FAMILY,3.9,1938,62.0,1000000.0,Free,0.0,Teen,Educational,2018-05-25,1.6,4.1 and up
LBREEHG,FAMILY,3.9,519,76.0,100000.0,Free,0.0,Everyone,Simulation,2018-08-07,12.0,4.1 and up
HEEHSDG,FAMILY,3.8,1652,71.0,100000.0,Free,0.0,Everyone,Simulation,2018-07-11,10.0,4.1 and up
SD2-S,FAMILY,4.0,39647,72.0,10000000.0,Free,0.0,Everyone 10+,Casual,2017-09-30,1.7,4.0.3 and up
Noot-Noot-er!,FAMILY,4.5,74,2.8,5000.0,Free,0.0,Everyone,Entertainment,2017-11-22,2.0,4.0.3 and up
DX-EOW,FAMILY,3.6,12781,51.0,1000000.0,Free,0.0,Everyone,Casual;Pretend Play,2018-06-06,0.0,4.1 and up
FSHSEDG,FAMILY,3.9,314,28.0,100000.0,Free,0.0,Everyone,Casual,2018-01-15,1.1,5.1 and up
EHS-ESG,FAMILY,4.3,429,40.0,100000.0,Free,0.0,Everyone,Educational,2018-07-19,2.0,4.1 and up
PMEEDHG,FAMILY,4.0,325,27.0,50000.0,Free,0.0,Everyone,Educational,2018-06-12,1.2,4.1 and up
PSSSEDG,FAMILY,3.7,3482,37.0,500000.0,Free,0.0,Everyone,Casual,2018-08-07,1.6,4.4 and up
SSEEDG,FAMILY,3.9,55,46.0,10000.0,Free,0.0,Teen,Educational,2017-11-07,0.0,4.0 and up
SD3ES,FAMILY,4.2,2801,50.0,500000.0,Free,0.0,Everyone,Casual,2017-03-22,1.0,4.0.3 and up
MDEEFG,FAMILY,3.5,173,49.0,10000.0,Free,0.0,Everyone,Educational,2018-01-26,0.0,4.1 and up
EBDD&S,FAMILY,4.0,154,58.0,50000.0,Free,0.0,Teen,Educational,2018-06-13,1.8,4.0.3 and up
EEH-BKES,FAMILY,3.8,25,41.0,1000.0,Free,0.0,Teen,Educational,2017-07-21,1.1,2.3 and up
SD1MESS,FAMILY,4.1,290,73.0,10000.0,Free,0.0,Teen,Role Playing,2018-05-23,1.0,4.3 and up
MSHPVDEG,FAMILY,4.2,23,33.0,1000.0,Free,0.0,Teen,Casual,2018-04-03,1.0,4.1 and up
CSES,FAMILY,4.1,214,46.0,100000.0,Free,0.0,Teen,Casual,2016-12-22,1.0,4.0.3 and up
LESS-EDG,FAMILY,4.4,12,19.0,1000.0,Free,0.0,Teen,Casual,2018-04-20,1.0,2.3 and up
SCSDOES,FAMILY,3.7,52,32.0,10000.0,Free,0.0,Everyone 10+,Role Playing,2018-02-26,1.0,4.1 and up
SD2-MNBEI,FAMILY,4.7,54,92.0,1000.0,Free,0.0,Teen,Role Playing,2018-06-25,1.0,4.3 and up
VBSS:KEE,FAMILY,3.8,20,55.0,5000.0,Free,0.0,Teen,Educational,2018-02-23,1.1,4.0 and up
CEOHSS,FAMILY,4.0,2936,45.0,500000.0,Free,0.0,Everyone,Simulation,2017-10-26,1.5,4.0 and up
EISBTDH,FAMILY,4.2,3263,47.0,1000000.0,Free,0.0,Everyone 10+,Role Playing,2018-05-29,0.0,4.1 and up
KDEERKHG,FAMILY,3.8,515,85.0,100000.0,Free,0.0,Everyone,Simulation,2018-07-20,7.0,4.1 and up
HSD-EEG,FAMILY,3.9,2510,48.0,500000.0,Free,0.0,Everyone 10+,Educational,2018-07-19,2.1,4.1 and up
VMSD:EEH,FAMILY,4.0,1130,77.0,100000.0,Free,0.0,Teen,Educational,2018-05-15,1.4,4.0 and up
EDKER,FAMILY,3.1,4798,30.0,500000.0,Free,0.0,Teen,Casual,2018-06-13,1.9,4.0.3 and up
ER Assist,PRODUCTIVITY,5.0,3,28.0,10.0,Free,0.0,Everyone,Productivity,2016-12-06,0.0,4.1 and up
BI:EEDEI,FAMILY,3.5,246,35.0,50000.0,Free,0.0,Teen,Casual,2016-09-23,1.0,2.3 and up
Lead'er,FINANCE,4.1,54,5.8,5000.0,Free,0.0,Everyone,Finance,2018-03-20,1.5,4.0 and up
DGFG-HE,FAMILY,4.5,51,39.0,5000.0,Free,0.0,Everyone,Casual,2018-04-16,2.1,4.1 and up
OHSHECDS,FAMILY,4.7,7,25.0,1000.0,Free,0.0,Teen,Casual,2018-04-05,1.0,4.1 and up
HDGESS,FAMILY,4.1,120,32.0,10000.0,Free,0.0,Everyone,Casual,2018-03-13,2.0,4.1 and up
EDCE-SCDF,FAMILY,3.9,1909,84.0,100000.0,Free,0.0,Teen,Educational,2018-06-13,2.1,4.0.3 and up
EHS,FAMILY,4.0,286,60.0,100000.0,Free,0.0,Everyone,Simulation,2018-06-28,4.0,4.0.3 and up
DMC ER Now,MEDICAL,4.3,6,5.3,1000.0,Free,0.0,Everyone,Medical,2017-03-16,1.4,2.3 and up
NSESL,FAMILY,3.1,269,39.0,50000.0,Free,0.0,Teen,Educational,2017-06-03,1.0,4.0 and up
CGER,MEDICAL,4.2,19,20.0,1000.0,Free,0.0,Everyone 10+,Medical,2017-09-21,0.0,4.1 and up
TNA-WLTAFE,FAMILY,4.1,58104,17.0,5000000.0,Free,0.0,Teen,Entertainment,2018-07-05,0.0,4.1 and up
Fill 'er Up,TRAVEL_AND_LOCAL,3.2,58,18.0,5000.0,Free,0.0,Everyone,Travel & Local,2017-02-27,1.1,1.6 and up
ASEE,FAMILY,3.3,10449,29.0,1000000.0,Free,0.0,Teen,Educational,2016-12-02,1.7,2.3 and up
EFEP,PRODUCTIVITY,4.7,81614,6.6,500000.0,Paid,2.99,Everyone,Productivity,2018-07-11,0.0,4.0 and up
ETM(K),BUSINESS,4.3,171771,3.2,10000000.0,Free,0.0,Everyone,Business,2018-01-15,0.0,2.1 and up
EAP(S),VIDEO_PLAYERS,4.2,1236,33.0,100000.0,Free,0.0,Everyone,Video Players & Editors,2013-07-17,1.1,2.2 and up
EDA-SS,PRODUCTIVITY,4.7,5867,4.4,100000.0,Free,0.0,Everyone,Productivity,2017-10-31,0.0,4.0 and up
ES App Locker,TOOLS,4.3,32207,3.4,1000000.0,Free,0.0,Everyone,Tools,2017-08-16,0.0,2.1 and up
ES Chromecast plugin,LIBRARIES_AND_DEMO,4.2,23859,860.0,1000000.0,Free,0.0,Everyone,Libraries & Demo,2014-10-29,1.0,4.0 and up
EMTFP,PRODUCTIVITY,4.2,14428,1.2,1000000.0,Free,0.0,Everyone,Productivity,2015-12-03,0.0,2.2 and up
EHTFP,PRODUCTIVITY,4.2,4737,1.7,500000.0,Free,0.0,Everyone,Productivity,2015-11-26,0.0,2.0 and up
ES File Explorer,TOOLS,4.1,278,2.8,100000.0,Free,0.0,Everyone,Tools,2018-07-02,0.0,4.0 and up
EDTFF,TOOLS,4.2,7851,364.0,1000000.0,Free,0.0,Everyone,Tools,2017-08-22,0.0,4.0 and up
ES Classic Theme,TOOLS,4.3,20865,2.2,1000000.0,Free,0.0,Everyone,Tools,2015-10-30,0.0,2.1 and up
ET-CT,PERSONALIZATION,4.4,77609,1.9,1000000.0,Free,0.0,Everyone,Personalization,2015-04-24,1.14,1.6 and up
ES Holo Theme,TOOLS,4.3,11449,1.7,500000.0,Free,0.0,Everyone,Tools,2016-02-02,0.0,2.0 and up
EFE&MLX2,TOOLS,3.5,11,3.0,1000.0,Free,0.0,Everyone,Tools,2018-03-17,1.2,4.2 and up
ESCTFF,TOOLS,4.3,940,387.0,100000.0,Free,0.0,Everyone,Tools,2017-08-24,0.0,4.0 and up
Furrion ES Control,VIDEO_PLAYERS,1.8,26,2.7,5000.0,Free,0.0,Everyone,Video Players & Editors,2016-09-29,1.0,4.2 and up
OEE-TOU,TOOLS,4.2,513,2.0,50000.0,Free,0.0,Everyone,Tools,2018-05-06,0.0,4.0 and up
FE-EFE,TOOLS,4.2,24,5.0,1000.0,Free,0.0,Everyone,Tools,2017-12-27,0.0,4.2 and up
OpenGL ES CapsViewer,TOOLS,4.6,78,375.0,10000.0,Free,0.0,Everyone,Tools,2018-04-01,0.6,4.3 and up
ES-IPTV,VIDEO_PLAYERS,4.0,944,11.0,50000.0,Free,0.0,Everyone,Video Players & Editors,2017-10-15,0.0,4.1 and up
OpenGL-ES Info,TOOLS,4.3,249,626.0,10000.0,Free,0.0,Everyone,Tools,2013-08-08,1.4,1.6 and up
Dr. ES PV Calculator,TOOLS,5.0,19,11.0,500.0,Free,0.0,Everyone,Tools,2018-03-11,0.0,4.1 and up
EFE&FM2,TOOLS,3.8,24,2.9,5000.0,Free,0.0,Everyone,Tools,2018-03-17,1.1,4.2 and up
HTC Sense Input - ES,TOOLS,4.3,3509,6.5,1000000.0,Free,0.0,Everyone,Tools,2015-10-30,0.0,5.0 and up
2TEFE,TOOLS,3.0,4,2.0,1000.0,Free,0.0,Everyone,Tools,2016-03-16,1.0,2.2 and up
EBS(A,PRODUCTIVITY,5.0,1,4.2,100.0,Free,0.0,Everyone,Productivity,2018-05-17,1.0,4.1 and up
YOE3TD,FAMILY,4.6,380,6.7,10000.0,Free,0.0,Everyone,Entertainment,2014-03-11,1.0,4.3 and up
ACF9EP&9MP,FAMILY,4.7,7252,9.2,500000.0,Free,0.0,Everyone,Education,2018-08-02,0.0,4.0 and up
ES Solar,BUSINESS,5.0,3,4.7,100.0,Free,0.0,Everyone,Business,2018-05-17,1.2,4.1 and up
FMBXRFSS,TOOLS,4.8,337532,15.0,10000000.0,Free,0.0,Everyone,Tools,2018-07-11,1180703.0,4.4 and up
EFRL,PRODUCTIVITY,3.0,460,161.0,50000.0,Free,0.0,Everyone,Productivity,2016-01-05,0.0,4.0.3 and up
CCEEE,FAMILY,4.6,584070,24.0,5000000.0,Free,0.0,Everyone 10+,Strategy,2018-07-18,0.0,4.1 and up
¿Es Vegan?,FOOD_AND_DRINK,4.6,438,1.7,10000.0,Free,0.0,Everyone,Food & Drink,2017-08-01,0.0,3.0 and up
Moto File Manager,TOOLS,4.1,38679,5.9,10000000.0,Free,0.0,Everyone,Tools,2018-02-01,0.0,5.0 and up
SSCF5EP5M,FAMILY,4.6,1553,9.2,100000.0,Free,0.0,Everyone,Education,2018-08-02,0.0,4.0 and up
Esto Es Guerra TVN,FAMILY,4.5,1303,13.0,100000.0,Free,0.0,Everyone,Entertainment,2018-07-24,0.0,4.1 and up
EM:N&BI,FINANCE,4.2,24980,9.2,1000000.0,Free,0.0,Everyone,Finance,2018-07-16,0.0,4.1 and up
ETFET,NEWS_AND_MAGAZINES,4.7,273,6.3,10000.0,Free,0.0,Everyone,News & Magazines,2018-08-07,0.0,4.1 and up
ÉER,NEWS_AND_MAGAZINES,4.9,58,3.8,500.0,Paid,2.99,Everyone,News & Magazines,2018-05-26,0.0,5.0 and up
ET:MNGE,NEWS_AND_MAGAZINES,4.3,39,4.2,5000.0,Free,0.0,Everyone,News & Magazines,2018-04-18,0.0,4.1 and up
Hymnes et Louanges,BOOKS_AND_REFERENCE,4.4,1877,5.7,100000.0,Free,0.0,Everyone,Books & Reference,2017-03-21,0.0,4.1 and up
LASEJ,FAMILY,3.6,569,18.0,100000.0,Free,0.0,Everyone,Educational;Education,2014-06-13,1.2,2.2 and up
LEDD,FAMILY,4.6,302,9.9,100000.0,Free,0.0,Everyone,Education,2018-01-02,1.0,4.0 and up
BEHD,FAMILY,3.9,859,5.3,100000.0,Free,0.0,Teen,Entertainment,2017-02-18,0.0,4.1 and up
LDMEC,FAMILY,4.3,979,9.9,100000.0,Free,0.0,Everyone,Education,2018-07-30,2.0,4.0 and up
AEMAEF,SOCIAL,4.8,3782,63.0,50000.0,Free,0.0,Teen,Social,2018-07-13,0.0,4.0.3 and up
Google News,NEWS_AND_MAGAZINES,3.9,878065,13.0,1000000000.0,Free,0.0,Teen,News & Magazines,2018-08-01,0.0,4.4 and up
Beauty and the Beast,FAMILY,4.4,70883,31.0,1000000.0,Free,0.0,Everyone,Puzzle;Creativity,2018-08-07,0.0,4.2 and up
IT&D,PRODUCTIVITY,4.3,201718,35.0,10000000.0,Free,0.0,Everyone,Productivity,2018-07-11,0.0,4.1 and up
Oggy,GAME,4.5,49971,61.0,5000000.0,Free,0.0,Everyone,Arcade,2017-08-29,0.0,4.0.3 and up
ACAC,SOCIAL,4.8,1264084,62.0,10000000.0,Free,0.0,Teen,Social,2018-08-07,0.0,4.0.3 and up
NTC-W&FP,HEALTH_AND_FITNESS,4.6,251618,93.0,10000000.0,Free,0.0,Everyone,Health & Fitness,2018-07-18,0.0,5.0 and up
Pocket Mortys,FAMILY,4.5,174215,93.0,10000000.0,Free,0.0,Everyone,Simulation,2018-08-03,0.0,4.1 and up
HD-CP,COMMUNICATION,4.0,122512,79.0,10000000.0,Free,0.0,Everyone,Communication,2015-09-02,0.0,4.0.3 and up
IWBC,HEALTH_AND_FITNESS,4.2,112384,5.0,5000000.0,Free,0.0,Everyone,Health & Fitness,2018-02-23,0.0,4.1 and up
OM&N,TRAVEL_AND_LOCAL,4.7,193364,33.0,5000000.0,Free,0.0,Everyone,Travel & Local,2018-06-07,0.0,4.0.3 and up
VCWE,FAMILY,4.2,1260903,8.7,50000000.0,Free,0.0,Everyone,Entertainment,2018-08-02,0.0,4.1 and up
F&B,HEALTH_AND_FITNESS,4.6,95201,61.0,5000000.0,Free,0.0,Everyone,Health & Fitness,2018-07-09,0.0,4.1 and up
EU Mobile Money,FINANCE,3.9,460,6.1,100000.0,Free,0.0,Everyone,Finance,2018-07-16,1.6,4.0 and up
EUS,FAMILY,3.6,688,26.0,50000.0,Free,0.0,Everyone,Simulation,2016-09-20,1.2,4.0.3 and up
EU Charter,BOOKS_AND_REFERENCE,4.6,33,37.0,1000.0,Free,0.0,Everyone,Books & Reference,2017-01-16,0.0,4.0 and up
EFFLW,PERSONALIZATION,3.4,730,2.3,100000.0,Free,0.0,Everyone,Personalization,2013-11-18,1.95,2.1 and up
myLPG.eu,TRAVEL_AND_LOCAL,4.2,556,4.4,50000.0,Free,0.0,Everyone,Travel & Local,2018-07-25,1.95,4.0 and up
YouCamp EU,TRAVEL_AND_LOCAL,3.4,39,32.0,1000.0,Paid,2.56,Everyone,Travel & Local,2013-07-20,0.0,2.2 and up
EU Economy,PRODUCTIVITY,3.6,47,879.0,5000.0,Free,0.0,Everyone,Productivity,2017-12-19,9.0,4.2 and up
FOEU,PERSONALIZATION,4.2,36,5.3,1000.0,Free,0.0,Everyone,Personalization,2016-12-10,2.0,2.3.3 and up
EU Data Protection,BOOKS_AND_REFERENCE,3.5,29,17.0,1000.0,Free,0.0,Everyone,Books & Reference,2016-07-15,2.0,4.0.3 and up
FOEUL,PERSONALIZATION,4.3,88,4.2,1000.0,Free,0.0,Everyone,Personalization,2018-01-24,7.0,4.0.3 and up
CVC,COMMUNICATION,3.9,33,3.4,5000.0,Free,0.0,Everyone,Communication,2017-01-06,0.0,4.1 and up
EFLW,PERSONALIZATION,4.3,444,12.0,10000.0,Paid,0.99,Everyone,Personalization,2013-11-18,1.95,2.1 and up
EU FTL Calculator,BUSINESS,3.6,60,1.8,10000.0,Free,0.0,Everyone,Business,2018-06-01,0.0,4.1 and up
Passenger rights,TRAVEL_AND_LOCAL,3.9,442,2.5,50000.0,Free,0.0,Everyone,Travel & Local,2018-01-16,0.0,4.0.3 and up
EMMPC,FINANCE,4.3,70,3.9,10000.0,Free,0.0,Everyone,Finance,2018-05-14,1.3,4.0.3 and up
ECP,PRODUCTIVITY,3.7,87,2.0,10000.0,Free,0.0,Everyone,Productivity,2018-04-12,37.0,4.0.3 and up
My EU,FAMILY,3.8,4,13.0,100.0,Free,0.0,Everyone,Education,2017-05-15,0.0,4.1 and up
R-EU-READY,GAME,4.1,13,16.0,500.0,Free,0.0,Everyone,Trivia,2016-03-02,1.5,2.2 and up
taxi.eu,TRAVEL_AND_LOCAL,4.1,1865,22.0,100000.0,Free,0.0,Everyone,Travel & Local,2018-06-28,0.0,4.4 and up
CVRIA,BUSINESS,4.7,68,3.5,10000.0,Free,0.0,Everyone,Business,2017-05-11,0.0,4.4 and up
TAXLANDIA,FAMILY,1.9,141,65.0,1000.0,Free,0.0,Everyone,Educational,2018-03-06,0.0,4.3 and up
ESC,SOCIAL,3.6,9,21.0,1000.0,Free,0.0,Teen,Social,2018-07-05,0.0,4.4 and up
HYSOE,COMMUNICATION,3.8,19,21.0,500.0,Free,0.0,Everyone,Communication,2018-04-19,0.0,4.1 and up
Doorstep EU,NEWS_AND_MAGAZINES,4.5,67,12.0,1000.0,Free,0.0,Everyone,News & Magazines,2018-06-26,1.8,4.1 and up
E-YJIE,BUSINESS,2.7,358,2.0,50000.0,Free,0.0,Everyone,Business,2017-09-18,0.0,2.3.3 and up
IASE,FAMILY,4.5,13,13.0,1000.0,Free,0.0,Everyone,Education,2017-11-20,0.0,4.4 and up
EU Exit poll,LIFESTYLE,5.0,10,9.4,100.0,Free,0.0,Everyone,Lifestyle,2016-07-15,1.6,4.1 and up
Schengen/EU App,TOOLS,4.0,24,11.0,1000.0,Free,0.0,Everyone,Tools,2018-02-27,1.0,4.1 and up
Brexit EU,FAMILY,4.4,7,7.5,500.0,Free,0.0,Everyone,Casual,2016-03-10,1.0,2.3 and up
EU Life Explorer,NEWS_AND_MAGAZINES,4.0,2,12.0,50.0,Free,0.0,Everyone,News & Magazines,2017-05-08,1.1,4.1 and up
EU VAT Checker,BUSINESS,3.1,7,39.0,1000.0,Free,0.0,Everyone,Business,2011-10-12,1.0,1.6 and up
daskal.eu,FAMILY,5.0,5,15.0,50.0,Free,0.0,Everyone,Education,2017-10-06,0.0,4.4 and up
Inbox.eu,COMMUNICATION,3.7,98,9.7,10000.0,Free,0.0,Everyone,Communication,2018-07-11,0.0,4.3 and up
CEAQ,HEALTH_AND_FITNESS,3.9,21,2.2,1000.0,Free,0.0,Everyone,Health & Fitness,2015-10-30,0.0,4.0 and up
Going Abroad,FAMILY,3.0,606,42.0,50000.0,Free,0.0,Everyone 10+,Educational,2016-08-16,1.2,4.0 and up
Campervan.Guide Pro,TRAVEL_AND_LOCAL,4.2,238,67.0,10000.0,Paid,5.99,Everyone,Travel & Local,2018-06-22,0.0,4.1 and up
QEMFA,BUSINESS,3.0,2,17.0,100.0,Free,0.0,Everyone,Business,2017-05-11,0.0,4.1 and up
SSICI,FAMILY,4.2,32200,15.0,5000000.0,Free,0.0,Everyone,Casual;Pretend Play,2017-11-06,1.2,4.1 and up
RPE,MAPS_AND_NAVIGATION,4.2,3596,31.0,1000000.0,Free,0.0,Everyone,Maps & Navigation,2018-06-15,0.0,4.0 and up
eu sou franky,BUSINESS,3.7,195,4.0,10000.0,Free,0.0,Everyone,Business,2016-11-21,0.0,4.0 and up
E-OS,SHOPPING,4.5,928,8.6,100000.0,Free,0.0,Everyone,Shopping,2018-08-02,0.0,4.4 and up
C-FE&TCS,MAPS_AND_NAVIGATION,4.6,796,25.0,50000.0,Free,0.0,Everyone,Maps & Navigation,2018-05-18,0.0,4.0.3 and up
PlugShare,MAPS_AND_NAVIGATION,4.7,4501,26.0,100000.0,Free,0.0,Teen,Maps & Navigation,2018-07-25,0.0,4.0.3 and up
N-CS,MAPS_AND_NAVIGATION,4.3,891,6.4,50000.0,Free,0.0,Everyone,Maps & Navigation,2018-07-26,0.0,4.1 and up
NE&S,LIFESTYLE,2.3,853,88.0,50000.0,Free,0.0,Everyone,Lifestyle,2018-07-20,0.0,4.4 and up
EV Connect,MAPS_AND_NAVIGATION,2.8,25,5.8,1000.0,Free,0.0,Everyone,Maps & Navigation,2018-08-06,0.0,5.0 and up
HondaLink EV,TOOLS,2.8,44,41.0,10000.0,Free,0.0,Everyone,Tools,2018-06-20,3.8,2.3 and up
EV Stations Hawaii,MAPS_AND_NAVIGATION,3.6,7,2.5,1000.0,Free,0.0,Everyone,Maps & Navigation,2017-05-30,0.0,4.1 and up
ETOFT,AUTO_AND_VEHICLES,3.2,46,6.6,1000.0,Free,0.0,Everyone,Auto & Vehicles,2018-06-26,3.4,4.1 and up
J-SEC,MAPS_AND_NAVIGATION,3.5,106,24.0,5000.0,Free,0.0,Everyone,Maps & Navigation,2018-07-09,0.0,4.0 and up
ZECPU,MAPS_AND_NAVIGATION,3.8,181,9.8,10000.0,Free,0.0,Everyone,Maps & Navigation,2018-07-06,0.0,4.1 and up
EV Charging,MAPS_AND_NAVIGATION,3.5,8,32.0,1000.0,Free,0.0,Everyone,Maps & Navigation,2017-08-01,0.0,4.1 and up
Simple EV Calc,PRODUCTIVITY,4.2,105,72.0,1000.0,Free,0.0,Everyone,Productivity,2017-10-16,0.0,4.4 and up
ECCPECS,MAPS_AND_NAVIGATION,4.5,8,8.1,100.0,Free,0.0,Everyone,Maps & Navigation,2018-08-03,1.3,4.1 and up
ELMO EV Charging,MAPS_AND_NAVIGATION,3.4,14,6.2,1000.0,Free,0.0,Everyone,Maps & Navigation,2018-01-25,0.0,4.0.3 and up
B-ECS,AUTO_AND_VEHICLES,3.0,9,8.4,100.0,Free,0.0,Everyone,Auto & Vehicles,2018-03-23,0.0,5.0 and up
T-FEPC,TRAVEL_AND_LOCAL,4.4,75,19.0,1000.0,Free,0.0,Everyone,Travel & Local,2018-05-23,0.0,4.1 and up
Light Meter - EV,PHOTOGRAPHY,4.0,26,8.5,1000.0,Free,0.0,Everyone,Photography,2018-08-02,0.0,4.4 and up
EV Finder,TOOLS,4.3,29,23.0,1000.0,Free,0.0,Everyone,Tools,2017-02-07,2.7,2.3 and up
ERES,LIFESTYLE,4.1,88,20.0,5000.0,Free,0.0,Everyone,Lifestyle,2018-07-13,0.0,4.0.3 and up
Ev Dizayn,LIFESTYLE,3.6,30,5.2,5000.0,Free,0.0,Everyone,Lifestyle,2015-03-04,1.0,4.0 and up
PPEC,MAPS_AND_NAVIGATION,3.7,13,3.9,1000.0,Free,0.0,Everyone,Maps & Navigation,2014-12-22,1.1,2.3.3 and up
BCHB&E,FAMILY,4.2,20807,52.0,1000000.0,Free,0.0,Everyone 10+,Simulation,2017-08-02,1.3,4.1 and up
THEC,TOOLS,3.7,6,1.3,1000.0,Free,0.0,Everyone,Tools,2015-11-08,1.0,2.3 and up
B-ETR,TRAVEL_AND_LOCAL,4.3,2649,25.0,500000.0,Free,0.0,Everyone,Travel & Local,2018-08-03,0.0,4.4 and up
GVT,FAMILY,3.3,1218,1.0,100000.0,Free,0.0,Everyone,Education,2012-08-24,1.0,2.1 and up
RREV,FAMILY,4.4,2558,61.0,100000.0,Free,0.0,Everyone,Entertainment,2018-01-16,0.0,4.4 and up
HW-NE,HEALTH_AND_FITNESS,4.8,432160,15.0,10000000.0,Free,0.0,Everyone,Health & Fitness,2018-06-28,0.0,Varies with device
ECTDNCCTG,FAMILY,4.0,5886,54.0,1000000.0,Free,0.0,Everyone,Simulation,2018-05-28,1.2,4.0 and up
EV Calculator,TOOLS,4.9,85,19.0,1000.0,Free,0.0,Everyone,Tools,2018-07-05,1.2,4.1 and up
Home Decoration Game,FAMILY,4.0,17543,19.0,5000000.0,Free,0.0,Everyone,Casual,2018-01-25,0.0,4.0 and up
PokeType - Dex,FAMILY,4.6,36813,33.0,500000.0,Free,0.0,Everyone,Entertainment,2018-05-01,0.0,4.1 and up
SF:SHB,FAMILY,3.6,9389,64.0,1000000.0,Free,0.0,Teen,Simulation,2018-05-31,0.0,4.0 and up
RCID,HOUSE_AND_HOME,3.9,59660,72.0,1000000.0,Free,0.0,Everyone,House & Home,2017-03-14,3.4,2.3 and up
DHD&D2GHG,FAMILY,3.9,2338,45.0,100000.0,Free,0.0,Everyone,Simulation,2018-05-29,1.1,4.1 and up
ESSSES,TRAVEL_AND_LOCAL,4.2,2822,27.0,100000.0,Free,0.0,Everyone,Travel & Local,2018-07-27,0.0,4.1 and up
Design Home,FAMILY,4.4,539931,69.0,10000000.0,Free,0.0,Everyone,Simulation,2018-08-06,0.0,4.2 and up
P-WCN,FAMILY,4.3,2223,8.6,100000.0,Free,0.0,Teen,Entertainment,2018-03-28,0.0,4.1 and up
WSRIM,GAME,4.3,2233,36.0,1000000.0,Free,0.0,Everyone,Racing,2018-02-28,1.1,2.3 and up
EWFZ,TOOLS,3.4,5,1.9,100.0,Free,0.0,Everyone,Tools,2016-12-03,0.0,4.0.3 and up
The List,NEWS_AND_MAGAZINES,3.5,66,12.0,10000.0,Free,0.0,Everyone,News & Magazines,2017-06-01,6.11,4.1 and up
European War 6: 1804,FAMILY,4.2,1330,96.0,10000.0,Paid,0.99,Teen,Strategy,2018-07-18,0.0,4.4 and up
XCOM®: Enemy Within,FAMILY,4.2,13752,21.0,100000.0,Paid,9.99,Mature 17+,Strategy,2017-10-24,0.0,4.0 and up
EW5,FAMILY,3.8,9513,82.0,100000.0,Free,0.0,Everyone 10+,Strategy,2018-06-08,0.0,4.0.3 and up
RRSG,GAME,4.0,27557,69.0,5000000.0,Free,0.0,Teen,Action,2018-07-06,2.0,4.1 and up
RFE3V,FAMILY,4.5,6,22.0,500.0,Free,0.0,Everyone,Entertainment,2017-06-09,0.0,4.4 and up
PES,FAMILY,3.8,127229,34.0,10000000.0,Free,0.0,Everyone,Casual,2017-09-07,0.0,4.0 and up
Eddsworld Amino,SOCIAL,4.9,3071,63.0,10000.0,Free,0.0,Teen,Social,2018-07-13,0.0,4.0.3 and up
Storm Shield,WEATHER,3.5,2000,14.0,100000.0,Free,0.0,Everyone,Weather,2018-07-31,0.0,5.0 and up
EdiRange,TOOLS,3.0,736,1.8,100000.0,Free,0.0,Everyone,Tools,2017-07-05,1.11,4.0.3 and up
TEW,FAMILY,4.5,256219,95.0,10000000.0,Free,0.0,Everyone,Strategy,2018-07-31,0.0,4.2 and up
BLCPE,BEAUTY,4.7,900,30.0,5000.0,Free,0.0,Everyone,Beauty,2018-03-25,1.1,4.0.3 and up
NP-FG,FAMILY,3.3,24091,16.0,5000000.0,Free,0.0,Teen,Casual,2016-08-04,0.0,2.3 and up
WBFA,COMMUNICATION,4.1,55110,4.3,1000000.0,Free,0.0,Everyone,Communication,2018-06-20,2.2,4.0 and up
OGZ-DN,FAMILY,3.7,70105,67.0,10000000.0,Free,0.0,Everyone,Casual,2018-06-06,0.0,4.1 and up
Garden Fever - Free!,FAMILY,3.9,13253,12.0,1000000.0,Free,0.0,Everyone,Puzzle,2016-08-09,0.0,2.3 and up
GSPEP,PERSONALIZATION,3.5,84779,8.5,5000000.0,Free,0.0,Everyone,Personalization,2018-06-04,2.4,4.0 and up
BR-BBR,GAME,4.4,83891,48.0,10000000.0,Free,0.0,Everyone,Action,2018-07-19,3.1,4.0 and up
Subway Simulator 3D,FAMILY,4.0,25489,62.0,1000000.0,Free,0.0,Everyone,Simulation,2018-08-06,0.0,4.1 and up
XCOM: TBG,FAMILY,4.0,2294,95.0,100000.0,Free,0.0,Everyone,Entertainment,2017-01-09,0.0,2.3 and up
ETERNITY WARRIORS 2,GAME,4.6,568391,5.2,5000000.0,Free,0.0,Teen,Action,2014-07-01,0.0,2.1 and up
Deus Ex GO,FAMILY,4.5,9699,23.0,100000.0,Paid,0.99,Teen,Puzzle,2018-07-23,0.0,4.2 and up
ADWLauncher 1 EX,PERSONALIZATION,4.3,28728,2.8,500000.0,Paid,2.49,Everyone,Personalization,2013-07-27,0.0,1.6 and up
GLEUT,PERSONALIZATION,4.3,111634,13.0,5000000.0,Free,0.0,Everyone,Personalization,2014-05-26,2.08,2.0 and up
DIELW,PERSONALIZATION,4.1,2645,1.1,50000.0,Paid,0.99,Everyone,Personalization,2015-12-20,0.0,2.1 and up
GWETW,WEATHER,4.2,8723,4.6,500000.0,Free,0.0,Everyone,Weather,2014-08-27,1.0,2.2 and up
AEFH,TOOLS,2.7,168,170.0,5000.0,Paid,4.99,Everyone,Tools,2015-03-14,1.1,1.6 and up
MSGWE,WEATHER,4.2,2115,1.1,500000.0,Free,0.0,Everyone,Weather,2014-07-04,1.3,1.6 and up
Remote EX for NISSAN,COMMUNICATION,2.3,223,1.0,5000.0,Paid,1.49,Everyone,Communication,2014-07-26,1.3,3.0 and up
Get Over Your Ex,DATING,4.1,10,11.0,5000.0,Free,0.0,Everyone,Dating,2017-04-12,1.1,4.0.3 and up
AEFM,TOOLS,2.9,33,141.0,1000.0,Paid,4.99,Everyone,Tools,2015-08-21,1.1,1.6 and up
Advanced EX for KIA,TOOLS,3.3,257,160.0,5000.0,Paid,4.99,Everyone,Tools,2015-03-14,1.4,1.6 and up
AEFN,TOOLS,2.9,164,144.0,5000.0,Paid,4.99,Everyone,Tools,2015-03-14,1.3,1.6 and up
Advanced EX for FIAT,TOOLS,3.5,138,141.0,5000.0,Paid,4.99,Everyone,Tools,2015-03-05,1.6,1.6 and up
AEFR,TOOLS,2.8,130,143.0,5000.0,Paid,4.99,Everyone,Tools,2015-03-14,1.1,1.6 and up
Aurum Blade EX,FAMILY,4.3,28151,17.0,1000000.0,Free,0.0,Everyone 10+,Role Playing,2015-06-04,0.0,2.2 and up
SCI-Ex,HEALTH_AND_FITNESS,3.5,8,7.9,1000.0,Free,0.0,Everyone,Health & Fitness,2018-06-28,0.0,5.0 and up
Papyrus Ex,TOOLS,4.6,1092,190.0,100000.0,Free,0.0,Everyone,Tools,2012-06-27,0.0,2.1 and up
GGLET,PERSONALIZATION,4.2,18280,6.0,1000000.0,Free,0.0,Everyone,Personalization,2015-01-08,1.28,1.6 and up
MGWE,WEATHER,4.2,11510,3.5,1000000.0,Free,0.0,Everyone,Weather,2014-08-28,1.4,2.2 and up
MEGCB,FAMILY,3.7,3258,26.0,500000.0,Free,0.0,Everyone,Casual,2016-03-04,0.0,2.3 and up
An Elite Warrior Ex,GAME,4.7,15,93.0,100.0,Paid,0.99,Everyone,Adventure,2016-11-21,1.59,4.0.3 and up
GWE:V,FAMILY,3.9,1550,21.0,100000.0,Free,0.0,Teen,Role Playing,2017-10-28,0.0,3.0 and up
BakaReader EX,BOOKS_AND_REFERENCE,4.3,8894,2.3,100000.0,Free,0.0,Everyone,Books & Reference,2018-07-23,0.0,4.0 and up
XYE-BUT,HEALTH_AND_FITNESS,4.0,32,64.0,5000.0,Free,0.0,Everyone,Health & Fitness,2017-05-20,3.9,4.1 and up
Ex Quotes,LIFESTYLE,4.4,129,8.1,50000.0,Free,0.0,Everyone 10+,Lifestyle,2018-06-16,0.0,4.1 and up
GCEB&G,PERSONALIZATION,3.7,21,376.0,500.0,Paid,0.99,Everyone,Personalization,2013-09-24,1.0,1.6 and up
CGLET,PERSONALIZATION,4.3,60298,13.0,5000000.0,Free,0.0,Everyone,Personalization,2015-01-08,1.38,1.6 and up
Ex Service Taxis,BUSINESS,3.5,15,8.0,1000.0,Free,0.0,Everyone,Business,2015-10-21,0.0,2.3 and up
S:SOLE,FAMILY,4.3,171220,42.0,5000000.0,Free,0.0,Everyone 10+,Role Playing,2015-07-28,0.0,2.3.3 and up
HTGYEBF,LIFESTYLE,4.0,22,19.0,5000.0,Free,0.0,Everyone,Lifestyle,2018-02-07,15.0,4.0.3 and up
ExDialer PRO Key,COMMUNICATION,4.5,5474,17.0,100000.0,Paid,3.99,Everyone,Communication,2014-01-15,81.0,2.1 and up
Volume Control Ex,TOOLS,4.2,5,2.5,100.0,Paid,1.49,Everyone,Tools,2018-07-30,0.0,4.0 and up
Virtual Dice EX,GAME,4.3,40,3.6,5000.0,Free,0.0,Everyone,Board,2016-03-15,2.8,3.0 and up
BTGLE,PERSONALIZATION,4.1,285,3.9,50000.0,Free,0.0,Teen,Personalization,2017-10-03,5.0,2.3 and up
EY Events,BUSINESS,2.5,31,54.0,10000.0,Free,0.0,Everyone,Business,2018-04-04,2.6,4.1 and up
EY GlobalOne,BUSINESS,2.7,11,6.8,1000.0,Free,0.0,Everyone,Business,2017-11-27,0.0,2.2 and up
EY TaxChat,FINANCE,1.2,44,27.0,1000.0,Free,0.0,Everyone,Finance,2018-04-09,0.0,6.0 and up
EITI,BUSINESS,4.7,87,5.1,10000.0,Free,0.0,Everyone,Business,2017-07-15,0.0,4.1 and up
EY Forensics,FINANCE,4.9,7,3.4,1000.0,Free,0.0,Everyone,Finance,2016-06-17,0.0,4.0.3 and up
EICI,BUSINESS,4.7,37,10.0,5000.0,Free,0.0,Everyone,Business,2018-06-29,1.5,4.1 and up
EAFC,PRODUCTIVITY,4.4,15,3.1,500.0,Free,0.0,Everyone,Productivity,2018-07-21,12.0,2.1 and up
FCFE,TOOLS,4.7,32,2.7,1000.0,Free,0.0,Everyone,Tools,2018-06-15,1.11,2.1 and up
EDIPT,BUSINESS,4.0,2,1.7,100.0,Free,0.0,Everyone,Business,2018-05-24,5.0,4.0.3 and up
Pink Guy - Ey B0ss,FAMILY,4.7,13,1.2,500.0,Free,0.0,Everyone,Entertainment,2016-05-04,1.0,4.0.3 and up
EY Staff ENTERTAINER,LIFESTYLE,4.3,218,19.0,10000.0,Free,0.0,Everyone,Lifestyle,2017-01-16,0.0,2.3 and up
ESSរ,FAMILY,4.7,1327,44.0,10000.0,Free,0.0,Everyone,Education;Education,2017-05-18,0.0,4.0.3 and up
E-TSHGA,GAME,4.4,499483,99.0,10000000.0,Free,0.0,Teen,Adventure,2018-08-02,0.0,4.1 and up
EY Oil & Gas,BUSINESS,4.6,20,15.0,1000.0,Free,0.0,Everyone,Business,2017-10-12,0.0,4.0.3 and up
Third Eye,TOOLS,4.4,19877,4.5,1000000.0,Free,0.0,Everyone,Tools,2018-01-07,0.0,4.0 and up
Sudoku Master,GAME,4.4,58387,3.3,1000000.0,Free,0.0,Everyone,Word,2013-12-13,0.0,2.1 and up
Jungle Monkey Run,GAME,4.4,54082,21.0,10000000.0,Free,0.0,Everyone,Adventure,2018-07-11,0.0,4.0.3 and up
HTPG,TOOLS,4.6,222,10.0,10000.0,Free,0.0,Everyone,Tools,2016-07-29,0.0,2.3 and up
Everbridge,COMMUNICATION,3.1,497,36.0,100000.0,Free,0.0,Everyone,Communication,2018-07-17,0.0,4.4 and up
IAD-SMT,FAMILY,4.3,7443,33.0,100000.0,Free,0.0,Everyone,Casual,2016-09-29,0.0,3.0 and up
BACRF,COMMUNICATION,3.7,7,4.3,500.0,Free,0.0,Everyone,Communication,2017-10-02,2.1,4.1 and up
F-CE,PHOTOGRAPHY,4.6,126338,9.6,1000000.0,Free,0.0,Everyone,Photography,2017-03-15,0.0,4.0 and up
Etihad Airways,TRAVEL_AND_LOCAL,4.1,3674,61.0,500000.0,Free,0.0,Everyone,Travel & Local,2018-07-09,0.0,5.0 and up
Beach Volleyball 3D,SPORTS,4.2,43191,14.0,5000000.0,Free,0.0,Everyone,Sports,2018-01-10,0.0,2.1 and up
Organizer,PRODUCTIVITY,4.4,936,5.4,50000.0,Paid,2.99,Everyone,Productivity,2018-06-17,2.96,4.0 and up
EVDFF,SOCIAL,4.1,34079,1.3,1000000.0,Free,0.0,Teen,Social,2017-03-14,2.001,4.0.3 and up
EC-BO,TOOLS,4.4,6801,2.8,500000.0,Free,0.0,Everyone,Tools,2018-01-08,0.0,4.0.3 and up
EZ PZ RPG,FAMILY,3.8,70903,47.0,1000000.0,Free,0.0,Everyone 10+,Role Playing,2016-10-27,0.0,2.3 and up
EZ Inspections,PRODUCTIVITY,2.8,160,7.6,10000.0,Free,0.0,Everyone,Productivity,2018-07-27,0.0,4.2 and up
EZ-ELD Update,AUTO_AND_VEHICLES,3.1,14,4.6,1000.0,Free,0.0,Everyone,Auto & Vehicles,2018-02-09,16.0,4.3 and up
EZ Display,PRODUCTIVITY,2.9,280,10.0,50000.0,Free,0.0,Everyone,Productivity,2014-11-14,0.0,4.0 and up
EWVC|C,VIDEO_PLAYERS,4.1,1276,4.6,100000.0,Free,0.0,Everyone,Video Players & Editors,2017-12-14,1.0,4.4 and up
ez Share Android app,PHOTOGRAPHY,3.3,1461,13.0,100000.0,Free,0.0,Everyone,Photography,2017-08-31,0.0,2.3 and up
EFME,PRODUCTIVITY,3.5,626,1.2,100000.0,Free,0.0,Everyone,Productivity,2015-06-23,1.1,3.2 and up
EZ Launcher,PERSONALIZATION,4.2,18926,2.9,1000000.0,Free,0.0,Everyone,Personalization,2013-09-28,0.0,2.2 and up
EZ-SEE,VIDEO_PLAYERS,2.8,71,10.0,10000.0,Free,0.0,Everyone,Video Players & Editors,2018-07-18,3.08,5.0 and up
EDA(,AUTO_AND_VEHICLES,2.1,83,4.8,5000.0,Free,0.0,Everyone,Auto & Vehicles,2018-07-29,0.0,4.3 and up
Ez Mirror Match,GAME,4.4,3344,36.0,500000.0,Free,0.0,Everyone,Arcade,2018-01-03,2.1,4.0 and up
EZ Notes Lite,PRODUCTIVITY,4.4,69,3.5,1000.0,Free,0.0,Everyone,Productivity,2016-07-08,2.79,4.0 and up
Dream EZ,HEALTH_AND_FITNESS,4.1,107,50.0,10000.0,Free,0.0,Everyone,Health & Fitness,2016-03-24,0.0,3.0 and up
Ez Texting,BUSINESS,3.3,49,51.0,10000.0,Free,0.0,Everyone,Business,2012-01-18,0.59,2.1 and up
EZ TV Player,VIDEO_PLAYERS,3.5,51,11.0,10000.0,Free,0.0,Everyone,Video Players & Editors,2018-06-26,0.0,5.0 and up
EGS,TOOLS,4.7,3696,29.0,50000.0,Free,0.0,Everyone,Tools,2017-08-10,4.5,4.3 and up
Ez iCam,PHOTOGRAPHY,3.1,7300,46.0,1000000.0,Free,0.0,Teen,Photography,2018-01-12,0.0,5.0 and up
EATC,TOOLS,4.3,33,46.0,1000.0,Free,0.0,Everyone,Tools,2016-12-06,1.0,4.3 and up
EZ App Installer,TOOLS,4.1,533,1.4,100000.0,Free,0.0,Everyone,Tools,2017-07-22,0.0,4.0 and up
EC&WW,WEATHER,4.2,6849,1.2,1000000.0,Free,0.0,Everyone,Weather,2014-03-05,0.0,2.1 and up
EZ Pass,TOOLS,2.5,15,228.0,5000.0,Free,0.0,Everyone,Tools,2016-09-10,1.3,2.3 and up
EZ View,BUSINESS,3.0,287,9.8,50000.0,Free,0.0,Everyone,Business,2015-10-26,0.0,4.0 and up
EZ TAG Express,TRAVEL_AND_LOCAL,3.2,86,39.0,10000.0,Free,0.0,Everyone,Travel & Local,2018-05-17,0.0,4.4 and up
EZ Wifi Notification,COMMUNICATION,4.3,260,193.0,10000.0,Free,0.0,Everyone,Communication,2014-08-11,1.8,2.2 and up
EZ-VPNGate,TOOLS,4.3,36,12.0,5000.0,Free,0.0,Everyone,Tools,2017-08-21,0.0,4.0.3 and up
EZ Switch Widget,PRODUCTIVITY,4.2,2412,192.0,100000.0,Free,0.0,Everyone,Productivity,2012-09-27,0.0,2.2 and up
EZ-Builder Mobile,FAMILY,4.3,51,57.0,5000.0,Free,0.0,Everyone,Education,2018-04-02,0.0,3.0 and up
EZ LED,TOOLS,2.2,19,2.1,1000.0,Free,0.0,Everyone,Tools,2017-09-05,1.1,4.3 and up
FB-EB,FINANCE,3.9,49,3.9,10000.0,Free,0.0,Everyone,Finance,2017-02-24,0.0,4.1 and up
My EZ-Link Mobile,LIFESTYLE,2.8,3187,11.0,100000.0,Free,0.0,Everyone,Lifestyle,2017-01-27,0.0,4.0 and up
EFC,FINANCE,4.4,32,2.3,1000.0,Free,0.0,Everyone,Finance,2018-01-13,2.3,4.4 and up
EZ Quran,BOOKS_AND_REFERENCE,4.6,595,8.5,50000.0,Free,0.0,Everyone,Books & Reference,2016-06-28,6.0,4.1 and up
EZ Screenshot,TOOLS,4.4,55,1.4,5000.0,Free,0.0,Everyone,Tools,2017-09-12,0.0,5.0 and up
EUE,TOOLS,3.9,33,473.0,5000.0,Free,0.0,Everyone,Tools,2016-05-05,9.0,6.0 and up
E-FPC,TOOLS,2.9,7,2.4,1000.0,Free,0.0,Everyone,Tools,2017-10-26,2.0,4.1 and up
EGSRWA1,VIDEO_PLAYERS,4.1,40,3.9,1000.0,Free,0.0,Everyone,Video Players & Editors,2017-07-13,0.0,5.0 and up
FA Player Essentials,SPORTS,5.0,7,68.0,100.0,Free,0.0,Everyone,Sports,2018-07-23,0.0,4.0.3 and up
HTC Sense Input - FA,TOOLS,4.6,1420,1.6,100000.0,Free,0.0,Everyone,Tools,2015-11-09,0.0,5.0 and up
MTAVCFM,SOCIAL,4.4,49580,4.0,10000000.0,Free,0.0,Everyone,Social,2018-06-04,1.24,4.1 and up
All Social Networks,SOCIAL,4.2,22650,1.5,1000000.0,Free,0.0,Everyone,Social,2018-05-21,0.0,4.0 and up
FFTFE,BUSINESS,4.4,4518,26.0,1000000.0,Free,0.0,Everyone,Business,2018-03-01,1.5,4.1 and up
FP1&2PPSF–O,BOOKS_AND_REFERENCE,3.9,46,3.0,5000.0,Free,0.0,Everyone,Books & Reference,2018-04-30,1.1,4.0 and up
CS:GXFC发,GAME,3.6,33,71.0,5000.0,Free,0.0,Teen,Casino,2017-06-06,1.2,4.0.3 and up
ICCF,FAMILY,3.4,17,246.0,1000.0,Free,0.0,Everyone,Entertainment,2014-11-21,1.0,4.0 and up
Farsi Keyboard,TOOLS,4.3,9716,1.3,1000000.0,Free,0.0,Everyone,Tools,2018-04-10,4.7,4.0 and up
PL-OA,SPORTS,4.3,63782,24.0,5000000.0,Free,0.0,Everyone,Sports,2018-08-07,0.0,4.1 and up
GHS-RCS,GAME,4.4,201537,68.0,5000000.0,Free,0.0,Teen,Casino,2018-08-01,0.0,4.0.3 and up
FGCFSM,GAME,4.3,11051,44.0,1000000.0,Free,0.0,Teen,Casino,2018-06-25,0.0,4.0.3 and up
Messenger Messenger,SOCIAL,4.3,38826,7.0,10000000.0,Free,0.0,Everyone,Social,2018-08-07,1.6,4.1 and up
Farm Heroes Saga,FAMILY,4.4,7615646,71.0,100000000.0,Free,0.0,Everyone,Casual,2018-08-07,0.0,2.3 and up
ESPN Fantasy Sports,SPORTS,4.0,176487,10.0,5000000.0,Free,0.0,Everyone,Sports,2017-11-21,0.0,4.4 and up
HOVS–FSCG,GAME,4.5,264282,48.0,10000000.0,Free,0.0,Teen,Casino,2018-07-12,0.0,4.0.3 and up
Fallout Shelter,FAMILY,4.6,2721923,25.0,10000000.0,Free,0.0,Teen,Simulation,2018-06-11,0.0,4.1 and up
A2A,TOOLS,4.3,15070,6.3,1000000.0,Free,0.0,Everyone,Tools,2018-07-30,0.0,4.0.3 and up
Facejjang,PHOTOGRAPHY,4.1,100179,96.0,10000000.0,Free,0.0,Everyone,Photography,2018-05-17,2.52,4.0.3 and up
BP-WL,FAMILY,4.4,318867,10.0,10000000.0,Free,0.0,Everyone,Puzzle,2018-07-06,26.0,4.0.3 and up
Soccer 2018,SPORTS,3.5,172373,47.0,10000000.0,Free,0.0,Everyone,Sports,2018-07-12,1.3,4.3 and up
FLOC&S,TOOLS,4.1,25438,3.2,1000000.0,Free,0.0,Everyone,Tools,2018-04-24,0.0,4.0.3 and up
SFFL,SOCIAL,4.3,9562,5.8,500000.0,Free,0.0,Teen,Social,2018-05-31,0.0,Varies with device
FFF,SOCIAL,4.5,42621,23.0,1000000.0,Free,0.0,Teen,Social,2018-08-07,0.0,4.4 and up
Mini for fb lite,TOOLS,4.0,710,1.1,100000.0,Free,0.0,Everyone,Tools,2018-05-24,1.0,2.3 and up
FFFL,SOCIAL,4.3,24456,4.6,1000000.0,Free,0.0,Teen,Social,2018-05-29,4.7,4.1 and up
WVMFP,FAMILY,3.4,121,6.3,10000.0,Free,0.0,Everyone,Entertainment,2017-12-26,2.0,4.0.3 and up
LFFM,COMMUNICATION,4.3,76498,4.3,1000000.0,Free,0.0,Teen,Communication,2018-06-20,0.0,Varies with device
PT-WVMFP,SOCIAL,4.7,37090,4.8,500000.0,Free,0.0,Teen,Social,2018-08-01,5.4,4.1 and up
WVMFPP,FAMILY,4.5,6396,4.2,100000.0,Free,0.0,Everyone,Entertainment,2017-08-17,24.4,4.1 and up
VDFFSFV2,TOOLS,4.3,434,3.6,50000.0,Free,0.0,Everyone,Tools,2018-08-08,0.0,4.0.3 and up
PCFF,SOCIAL,4.1,5285,4.0,500000.0,Free,0.0,Everyone,Social,2018-07-01,0.0,4.1 and up
Messenger,SOCIAL,4.1,68025,3.9,10000000.0,Free,0.0,Everyone,Social,2018-04-16,1.0,4.1 and up
SFIFW,SOCIAL,4.4,214,8.7,10000.0,Free,0.0,Teen,Social,2016-10-23,0.0,2.3 and up
WVMFP-SV,SOCIAL,4.6,273244,9.9,5000000.0,Free,0.0,Everyone,Social,2018-06-24,0.0,4.0.3 and up
Cover Camera for FB,PHOTOGRAPHY,3.8,742,1.8,100000.0,Free,0.0,Everyone,Photography,2014-03-09,0.0,2.2 and up
MNFF(,SOCIAL,3.9,3047,1.5,100000.0,Free,0.0,Teen,Social,2015-04-29,0.0,2.3 and up
MFFM,PRODUCTIVITY,4.2,182,7.0,50000.0,Free,0.0,Everyone,Productivity,2018-04-28,0.0,4.2 and up
FB Live,BUSINESS,3.7,27,18.0,5000.0,Free,0.0,Everyone,Business,2018-05-17,0.0,5.0 and up
P-F&M,SOCIAL,4.3,9606,3.4,100000.0,Free,0.0,Teen,Social,2018-07-18,0.0,5.0 and up
FSFF,SOCIAL,4.2,1236,3.3,100000.0,Free,0.0,Teen,Social,2018-08-02,1.8,4.3 and up
CYVOF?,SOCIAL,3.6,40,1.5,5000.0,Free,0.0,Everyone,Social,2017-02-17,4.4,4.2 and up
VDFFFVS,VIDEO_PLAYERS,4.3,20,5.1,5000.0,Free,0.0,Everyone,Video Players & Editors,2018-04-27,0.0,4.0.3 and up
SFF,SOCIAL,4.3,11066,10.0,1000000.0,Free,0.0,Everyone,Social,2018-03-13,1.4,4.4 and up
VDFF,TOOLS,4.3,444,1.6,100000.0,Free,0.0,Everyone,Tools,2017-07-14,1.0,3.0 and up
VDFF:VDWL,VIDEO_PLAYERS,4.5,1060,3.2,100000.0,Free,0.0,Everyone,Video Players & Editors,2017-12-20,2.1,4.0 and up
VDFF,TOOLS,4.3,53,3.0,5000.0,Free,0.0,Everyone,Tools,2018-08-01,0.0,4.0.3 and up
FB Photographie,PHOTOGRAPHY,4.7,37,10.0,1000.0,Free,0.0,Everyone,Photography,2016-05-22,2.0,4.0 and up
LMFFL,SOCIAL,3.8,108,2.8,10000.0,Free,0.0,Teen,Social,2018-05-28,3.1,4.2 and up
DFPA,TOOLS,4.0,3840,2.5,100000.0,Free,0.0,Everyone,Tools,2017-06-02,2.4,4.4 and up
MFFL,SOCIAL,4.1,260,1.3,10000.0,Free,0.0,Teen,Social,2018-06-21,1.2,3.0 and up
FICFF,SOCIAL,3.9,19,15.0,5000.0,Free,0.0,Teen,Social,2018-02-13,2.0,4.1 and up
IFF★D,PRODUCTIVITY,4.3,1905,3.1,100000.0,Free,0.0,Everyone,Productivity,2015-10-17,7.95,2.3 and up
UGL-WFT,SOCIAL,3.4,44,2.8,10000.0,Free,0.0,Mature 17+,Social,2018-07-03,4.0,4.0.3 and up
HVFF:XD,VIDEO_PLAYERS,4.2,61,6.1,10000.0,Free,0.0,Everyone,Video Players & Editors,2018-07-30,0.0,4.0.3 and up
BN-AFBFF,SPORTS,4.5,207,4.5,10000.0,Free,0.0,Everyone,Sports,2017-11-13,0.0,4.0 and up
FBFMRFM,SPORTS,4.4,15221,30.0,1000000.0,Free,0.0,Everyone,Sports,2017-10-02,0.0,4.0.3 and up
Classic FC 64 IN 1,FAMILY,4.2,1749,6.2,100000.0,Free,0.0,Everyone,Casual,2017-12-29,0.0,2.3 and up
FBOK,SPORTS,4.7,5229,20.0,500000.0,Free,0.0,Everyone,Sports,2018-05-17,0.0,4.1 and up
BL2&NFBFF,SPORTS,4.6,342,38.0,10000.0,Free,0.0,Everyone,Sports,2018-08-06,0.0,4.2 and up
BN-S,SPORTS,4.4,382,20.0,10000.0,Free,0.0,Everyone,Sports,2018-03-06,3.953,4.1 and up
Barcelona Calendar,SPORTS,4.4,670,3.1,10000.0,Free,0.0,Everyone,Sports,2017-11-17,2.2,4.0.3 and up
BN-FBWF&T,SPORTS,4.8,160,6.4,10000.0,Free,0.0,Everyone,Sports,2018-08-04,4.0,4.1 and up
FC Bayern Munich,SPORTS,4.6,37140,71.0,1000000.0,Free,0.0,Everyone,Sports,2018-08-01,0.0,4.1 and up
FC BARCELONA EVENTS,SPORTS,4.3,6,11.0,100.0,Free,0.0,Everyone,Sports,2018-04-22,0.0,4.1 and up
Cambridge English FC,FAMILY,4.4,761,11.0,50000.0,Free,0.0,Everyone,Education,2016-10-06,0.0,4.0 and up
BL-GS&NFBF,SPORTS,4.4,38,2.6,10000.0,Free,0.0,Everyone,Sports,2017-08-17,1.0,4.0 and up
Seattle Sounders FC,SPORTS,3.3,974,33.0,10000.0,Free,0.0,Everyone,Sports,2018-08-01,0.0,4.1 and up
FC-FB,SOCIAL,4.5,795,21.0,50000.0,Free,0.0,Teen,Social,2018-06-07,0.0,4.1 and up
1. FC Köln App,SPORTS,4.6,2019,41.0,100000.0,Free,0.0,Everyone,Sports,2018-07-20,0.0,4.4 and up
FC-FM,BUSINESS,4.3,758590,12.0,100000000.0,Free,0.0,Everyone,Business,2018-08-02,0.0,4.1 and up
FC Porto,SPORTS,4.9,15883,21.0,100000.0,Free,0.0,Everyone,Sports,2018-06-19,0.0,4.0.3 and up
Fulham FC,SPORTS,4.3,401,2.8,10000.0,Free,0.0,Everyone,Sports,2017-08-09,5.0,2.3 and up
CFOK,PRODUCTIVITY,4.5,91397,14.0,1000000.0,Free,0.0,Everyone,Productivity,2018-07-03,0.0,5.0 and up
Burnley FC,SPORTS,4.9,195,29.0,5000.0,Free,0.0,Everyone,Sports,2018-08-01,0.0,4.4 and up
Atlanta United FC,SPORTS,3.7,215,76.0,10000.0,Free,0.0,Everyone,Sports,2018-06-28,0.0,4.4 and up
BWH,PERSONALIZATION,4.5,93,5.7,10000.0,Free,0.0,Everyone,Personalization,2018-02-28,1.1,4.1 and up
SFOA,SPORTS,4.6,57,17.0,5000.0,Free,0.0,Everyone,Sports,2018-06-26,0.0,4.1 and up
Birmingham City FC,SPORTS,4.5,191,28.0,10000.0,Free,0.0,Everyone,Sports,2018-08-01,0.0,4.4 and up
FB-FPB,COMMUNICATION,4.1,26,4.6,1000.0,Free,0.0,Everyone,Communication,2017-11-24,1.0,5.0 and up
NFB,NEWS_AND_MAGAZINES,5.0,4,3.1,100.0,Free,0.0,Everyone,News & Magazines,2018-06-15,1.3,4.4 and up
Toronto FC,SPORTS,3.4,144,79.0,10000.0,Free,0.0,Teen,Sports,2018-05-11,0.0,4.3 and up
MFO,SPORTS,4.5,152,36.0,10000.0,Free,0.0,Everyone,Sports,2018-05-29,0.0,4.4 and up
The 5th Stand,SPORTS,4.8,1697,17.0,100000.0,Free,0.0,Everyone,Sports,2018-07-31,0.0,4.4 and up
Galaxian(FC),GAME,4.5,2,7.8,100.0,Paid,1.99,Everyone,Arcade,2015-11-13,1.0,2.3 and up
FRBSA,SPORTS,4.5,1526,89.0,50000.0,Free,0.0,Everyone,Sports,2018-08-07,0.0,5.0 and up
FZOAA,SPORTS,4.5,5675,49.0,100000.0,Free,0.0,Everyone,Sports,2018-04-18,0.0,4.1 and up
FAFPF,SPORTS,4.5,53,12.0,1000.0,Free,0.0,Teen,Sports,2016-08-06,60816.0,4.2 and up
LBN2,NEWS_AND_MAGAZINES,4.5,104,3.0,10000.0,Free,0.0,Everyone,News & Magazines,2018-01-06,1.3,4.0 and up
Mobile FC,SPORTS,4.1,5015,57.0,100000.0,Free,0.0,Everyone,Sports,2018-05-25,125.0,4.0.3 and up
FB&KSF&P,SHOPPING,4.1,41074,16.0,5000000.0,Free,0.0,Everyone,Shopping,2018-06-27,68.0,4.1 and up
FAFRF,SPORTS,3.6,9,13.0,500.0,Free,0.0,Teen,Sports,2016-08-06,60816.0,4.2 and up
Deportivo Toluca FC,SPORTS,4.7,2317,5.9,50000.0,Free,0.0,Everyone,Sports,2018-07-26,0.0,5.0 and up
Underdog FC,SPORTS,4.6,216,40.0,10000.0,Free,0.0,Everyone,Sports,2018-08-02,23.17,4.1 and up
Las Vegas Lights FC,SPORTS,4.9,10,14.0,500.0,Free,0.0,Everyone,Sports,2018-03-09,0.0,4.0.3 and up
FSCW,TOOLS,4.1,981,73.0,100000.0,Free,0.0,Everyone,Tools,2011-03-16,0.0,1.6 and up
BFIC,FINANCE,4.5,166,3.5,10000.0,Free,0.0,Everyone,Finance,2018-01-07,2.5,4.0.3 and up
FVVP-(,FAMILY,3.9,751,17.0,100000.0,Free,0.0,Everyone,Entertainment,2016-11-30,0.0,4.4 and up
FD Mobile,FAMILY,3.9,53,7.9,5000.0,Free,0.0,Everyone,Entertainment,2017-09-20,0.0,4.0.3 and up
Formula DRIFT,SPORTS,4.6,169,19.0,10000.0,Free,0.0,Everyone,Sports,2018-07-27,0.0,4.0.3 and up
FV-V3WB,FAMILY,3.8,729,30.0,100000.0,Free,0.0,Everyone,Entertainment,2018-03-09,0.0,4.4 and up
FCFM,FINANCE,4.7,175,12.0,1000.0,Free,0.0,Everyone,Finance,2018-06-12,0.0,5.0 and up
Female Daily,BEAUTY,3.9,4354,42.0,100000.0,Free,0.0,Teen,Beauty,2018-08-06,0.0,4.0.3 and up
FV-VAL,LIBRARIES_AND_DEMO,4.1,1463,7.4,100000.0,Free,0.0,Everyone,Libraries & Demo,2016-11-30,0.0,4.4 and up
FVP-F3Y,FAMILY,3.9,100,9.1,10000.0,Free,0.0,Everyone,Entertainment,2016-11-30,0.0,4.4 and up
FVS-GAA,FAMILY,4.0,105,7.5,10000.0,Free,0.0,Everyone,Simulation,2016-11-30,0.0,4.4 and up
PAFM,FINANCE,4.3,20,4.8,500.0,Free,0.0,Everyone,Finance,2018-06-09,14.0,4.4 and up
FV-VRC,FAMILY,4.0,1007,7.4,100000.0,Free,0.0,Everyone,Entertainment,2016-11-30,0.0,4.4 and up
Sports Lite,SPORTS,4.4,16,4.9,1000.0,Free,0.0,Everyone,Sports,2018-07-31,1.0,4.0.3 and up
FVT-FYV,FAMILY,4.1,4585,9.1,1000000.0,Free,0.0,Everyone,Entertainment,2016-11-30,0.0,4.4 and up
Story Time FD,FAMILY,5.0,2,4.2,10.0,Free,0.0,Everyone 10+,Simulation,2016-03-25,1.1,1.6 and up
FC|TD|FD,FINANCE,4.8,12,2.7,1000.0,Free,0.0,Everyone,Finance,2018-06-13,2.1,5.0 and up
FCI,FINANCE,4.6,13819,3.9,1000000.0,Free,0.0,Everyone,Finance,2018-07-04,3.3,4.0 and up
FC(SR&LE,FINANCE,5.0,104,2.3,1000.0,Free,0.0,Everyone,Finance,2018-08-07,0.0,4.1 and up
FVCF3V,FAMILY,4.2,76,35.0,10000.0,Free,0.0,Everyone,Entertainment,2017-12-19,0.0,4.4 and up
EFR-BC,FINANCE,4.7,42,3.5,5000.0,Free,0.0,Everyone,Finance,2017-04-02,2.3,4.1 and up
FVP-FY3,FAMILY,4.0,2378,9.1,500000.0,Free,0.0,Everyone,Entertainment,2016-11-30,0.0,4.4 and up
RD/FD Calculator,FINANCE,4.4,92,1.5,10000.0,Free,0.0,Everyone,Finance,2017-01-31,0.0,4.0.3 and up
FVMV-MPARI3,FAMILY,4.9,15,26.0,1000.0,Free,0.0,Everyone,Entertainment,2017-12-19,0.0,4.4 and up
FV-VPG,FAMILY,3.5,179,7.4,10000.0,Free,0.0,Everyone,Entertainment,2016-11-30,0.0,4.4 and up
FDC(,FINANCE,4.1,7,2.1,1000.0,Free,0.0,Everyone,Finance,2018-02-06,1.0,4.0.3 and up
FIC,FINANCE,4.2,17,4.7,5000.0,Free,0.0,Everyone,Finance,2015-01-18,2.7,3.0 and up
DCF&R,FINANCE,4.4,18,3.4,10000.0,Free,0.0,Everyone,Finance,2017-01-21,1.1,3.0 and up
Banking Calculator,FINANCE,4.5,3704,4.6,100000.0,Free,0.0,Everyone,Finance,2018-03-20,34.0,2.3 and up
FD e-paper,NEWS_AND_MAGAZINES,3.1,183,7.1,10000.0,Free,0.0,Everyone,News & Magazines,2018-07-04,0.0,4.1 and up
EC,FINANCE,4.5,58,2.7,10000.0,Free,0.0,Everyone,Finance,2015-12-09,0.0,3.0 and up
EC|FC|RC,FINANCE,4.6,106,4.4,10000.0,Free,0.0,Everyone,Finance,2018-03-19,5.3,4.0.3 and up
LineStar for FanDuel,SPORTS,4.3,1539,14.0,50000.0,Free,0.0,Teen,Sports,2018-06-06,0.0,4.0.3 and up
HVDFF,VIDEO_PLAYERS,4.4,20755,17.0,1000000.0,Free,0.0,Everyone,Video Players & Editors,2018-03-16,0.0,4.1 and up
SFFMB,FINANCE,4.3,12,9.0,1000.0,Free,0.0,Everyone,Finance,2018-01-22,0.0,4.0 and up
FE Connect,TOOLS,4.8,24,4.5,5000.0,Free,0.0,Everyone,Tools,2017-09-14,0.0,4.0.3 and up
FCEEP,FAMILY,2.8,9,21.0,1000.0,Free,0.0,Everyone,Education,2018-07-27,0.0,5.0 and up
FE CREDIT - TET VUI,FINANCE,4.1,125,15.0,50000.0,Free,0.0,Everyone,Finance,2018-03-06,0.0,4.1 and up
FMEP,FAMILY,1.0,2,21.0,1000.0,Free,0.0,Everyone,Education,2018-07-27,0.0,5.0 and up
FE Mobile,BUSINESS,3.0,2,8.0,10.0,Free,0.0,Everyone,Business,2018-07-10,0.0,4.1 and up
CDFM,LIFESTYLE,5.0,19,11.0,500.0,Free,0.0,Everyone,Lifestyle,2018-03-01,1.1,4.1 and up
Garena Free Fire,GAME,4.5,5534114,53.0,100000000.0,Free,0.0,Teen,Action,2018-08-03,0.0,4.0.3 and up
Safe Santa Fe,FAMILY,5.0,2,12.0,1000.0,Free,0.0,Everyone,Education,2016-07-04,1.0,4.0 and up
SFNME,NEWS_AND_MAGAZINES,4.1,25,17.0,1000.0,Free,0.0,Everyone,News & Magazines,2018-06-21,0.0,4.1 and up
NFTALFSG,PERSONALIZATION,4.4,7,9.8,1000.0,Free,0.0,Everyone,Personalization,2017-08-28,1.0,4.0 and up
FE CPS,FINANCE,3.0,62,17.0,10000.0,Free,0.0,Everyone,Finance,2017-06-26,0.0,4.0 and up
SFIM,FAMILY,3.8,4,30.0,500.0,Free,0.0,Everyone,Entertainment,2018-07-23,5.11,5.0 and up
RHSF,AUTO_AND_VEHICLES,3.9,22,97.0,1000.0,Free,0.0,Everyone,Auto & Vehicles,2018-01-31,1.0,4.0 and up
Santa Fe Thrive,HEALTH_AND_FITNESS,5.0,2,8.3,50.0,Free,0.0,Everyone,Health & Fitness,2018-07-09,0.0,4.1 and up
TFSGNF,PERSONALIZATION,4.5,52,7.9,10000.0,Free,0.0,Everyone,Personalization,2017-07-04,1.0,2.3.3 and up
Ríos de Fe,LIFESTYLE,5.0,141,15.0,1000.0,Free,0.0,Everyone,Lifestyle,2018-03-24,1.8,4.1 and up
FG Mobile,FAMILY,3.3,130,13.0,5000.0,Free,0.0,Everyone,Education,2017-12-21,0.0,4.0 and up
BYFWMF,HEALTH_AND_FITNESS,4.5,38487,60.0,1000000.0,Free,0.0,Teen,Health & Fitness,2018-07-03,0.0,4.1 and up
FG On-The-Go,TOOLS,4.9,55,25.0,1000.0,Free,0.0,Everyone,Tools,2018-06-29,0.0,4.1 and up
BIWGCW,GAME,4.3,8649,39.0,1000000.0,Free,0.0,Teen,Action,2018-07-26,0.0,4.2 and up
Angry Birds Space HD,GAME,4.5,43645,46.0,5000000.0,Free,0.0,Everyone,Arcade,2018-05-25,0.0,4.1 and up
SPEVFAG,FAMILY,4.1,44027,52.0,5000000.0,Free,0.0,Mature 17+,Strategy,2018-02-21,0.0,2.3 and up
FG VOC,BUSINESS,4.8,6,7.7,1000.0,Free,0.0,Everyone,Business,2018-08-07,0.0,4.1 and up
Police Car Driver,GAME,3.8,83671,30.0,10000000.0,Free,0.0,Everyone 10+,Racing,2018-05-04,9.0,4.1 and up
MSSBCA2,GAME,4.1,164,17.0,10000.0,Free,0.0,Everyone,Action,2017-08-23,1.0,2.3 and up
Moto Fighter 3D,GAME,3.9,85410,39.0,10000000.0,Free,0.0,Everyone 10+,Racing,2017-09-20,20170920.0,4.1 and up
BMX Boy,GAME,4.2,839206,12.0,50000000.0,Free,0.0,Everyone,Racing,2017-09-20,0.0,4.1 and up
CBARNMR,GAME,4.2,20364,45.0,5000000.0,Free,0.0,Everyone,Racing,2018-07-12,0.0,4.1 and up
POLARIS 2MFG,FAMILY,4.8,1228,29.0,10000.0,Free,0.0,Everyone,Education,2018-03-28,1.7,4.1 and up
Gun Disassembly 2,FAMILY,4.1,26347,48.0,1000000.0,Free,0.0,Everyone 10+,Entertainment,2017-09-15,0.0,2.2 and up
Fields of Battle,GAME,4.1,71476,50.0,1000000.0,Free,0.0,Everyone 10+,Action,2018-04-21,2.14,4.0 and up
AS3,FAMILY,3.9,29415,66.0,1000000.0,Free,0.0,Mature 17+,Simulation,2016-12-11,0.0,2.3 and up
Leghe Fantagazzetta,SPORTS,4.1,79464,27.0,1000000.0,Free,0.0,Everyone,Sports,2018-08-06,0.0,4.4 and up
PCDS,FAMILY,4.1,72522,51.0,10000000.0,Free,0.0,Everyone,Simulation,2018-04-10,1.54,2.3.3 and up
Toy Attack,GAME,4.2,3878,69.0,500000.0,Free,0.0,Everyone,Action,2018-04-04,1.9,4.0.3 and up
FGT,SPORTS,3.7,2980,21.0,100000.0,Free,0.0,Everyone,Sports,2015-09-01,0.0,2.3 and up
Ghost In Photo,PHOTOGRAPHY,3.9,28429,14.0,5000000.0,Free,0.0,Teen,Photography,2018-03-16,2.0,2.3 and up
DPPP,FAMILY,3.9,60097,19.0,1000000.0,Free,0.0,Everyone,Entertainment;Pretend Play,2018-02-10,5.1,4.2 and up
PVLS,FAMILY,3.6,3502,61.0,500000.0,Free,0.0,Teen,Simulation,2016-09-11,1.3,2.3 and up
Scary Video Maker,FAMILY,3.7,9296,28.0,500000.0,Free,0.0,Teen,Entertainment,2018-07-24,1.14,4.1 and up
SPA,GAME,3.6,12257,49.0,1000000.0,Free,0.0,Everyone,Racing,2016-09-09,1.4,2.3 and up
PBS KIDS Games,FAMILY,4.3,12919,94.0,1000000.0,Free,0.0,Everyone,Educational;Education,2018-06-06,0.0,4.4 and up
Zombie Sniper 3D III,GAME,3.9,8122,23.0,500000.0,Free,0.0,Mature 17+,Action,2017-02-28,1.8,2.3 and up
FGAFMG,FAMILY,4.5,221691,94.0,5000000.0,Free,0.0,Teen,Puzzle,2018-08-06,0.0,4.0.3 and up
FH WiFiCam,PHOTOGRAPHY,2.6,201,2.5,10000.0,Free,0.0,Everyone,Photography,2017-05-02,2.1,4.1 and up
HTVFT,PERSONALIZATION,4.4,40,13.0,5000.0,Free,0.0,Teen,Personalization,2016-06-21,1.0,2.3.3 and up
FHH,MEDICAL,1.0,2,33.0,100.0,Free,0.0,Everyone,Medical,2018-07-02,0.0,4.1 and up
WVF1T,PERSONALIZATION,4.2,13,15.0,1000.0,Free,0.0,Teen,Personalization,2016-06-18,1.0,2.3.3 and up
PVF1T,FAMILY,4.8,10,8.2,1000.0,Free,0.0,Teen,Puzzle,2016-12-02,1.0,4.0 and up
JVF1T,FAMILY,5.0,5,8.1,1000.0,Free,0.0,Teen,Puzzle,2016-12-01,1.0,4.0 and up
SHK,GAME,4.3,320334,27.0,50000000.0,Free,0.0,Teen,Action,2018-08-08,0.0,4.1 and up
FCL/FC,MEDICAL,4.5,30,4.1,1000.0,Free,0.0,Everyone,Medical,2017-06-21,0.0,4.0.3 and up
FH App,BUSINESS,4.9,27,6.0,100.0,Free,0.0,Everyone,Business,2018-07-26,0.0,4.0 and up
FH School,FAMILY,5.0,4,5.8,100.0,Free,0.0,Everyone,Education,2018-04-11,0.0,4.0.3 and up
FMD2,GAME,4.2,28151,49.0,1000000.0,Free,0.0,Everyone 10+,Racing,2016-12-25,1.2,2.3.3 and up
WVFT,PERSONALIZATION,4.2,4,14.0,100.0,Free,0.0,Teen,Personalization,2016-07-31,1.0,2.3.3 and up
Angry Shark 2016,FAMILY,4.0,73185,46.0,5000000.0,Free,0.0,Teen,Simulation,2017-11-01,1.6,4.0 and up
FHBM,FINANCE,2.1,232,29.0,10000.0,Free,0.0,Everyone,Finance,2018-05-09,0.0,5.0 and up
STPB,SPORTS,4.2,18584,49.0,5000000.0,Free,0.0,Everyone,Sports,2018-06-27,0.0,4.1 and up
My Truck,TOOLS,2.5,247,8.2,10000.0,Free,0.0,Everyone,Tools,2017-03-15,0.0,4.2 and up
TTBS,FAMILY,4.4,687136,54.0,50000000.0,Free,0.0,Everyone,Casual,2018-05-25,0.0,4.1 and up
Forgotten Hill: Fall,GAME,4.4,1063,18.0,50000.0,Free,0.0,Teen,Adventure,2017-10-30,1.7,3.0 and up
FHM,GAME,4.6,2027,56.0,100000.0,Free,0.0,Teen,Adventure,2018-03-19,1.5,4.1 and up
Talking Husky Dog,FAMILY,4.4,26545,40.0,1000000.0,Free,0.0,Everyone,Casual,2018-07-20,2.08,4.1 and up
Bubble Bird Rescue,FAMILY,4.2,70753,14.0,5000000.0,Free,0.0,Everyone,Puzzle,2018-08-07,0.0,4.0.3 and up
FHS,GAME,4.5,2431,24.0,100000.0,Free,0.0,Teen,Adventure,2017-11-03,1.4,3.0 and up
RAFSPG,FAMILY,3.3,21735,37.0,1000000.0,Free,0.0,Everyone,Simulation,2018-07-11,0.0,4.0 and up
FHP,GAME,4.5,2917,22.0,100000.0,Free,0.0,Teen,Adventure,2017-10-30,2.6,2.3 and up
Airplane Fly Hawaii,FAMILY,4.1,83427,16.0,1000000.0,Free,0.0,Everyone,Simulation,2015-01-30,2.6,4.1 and up
FiSwitch,TOOLS,4.8,615,2.0,10000.0,Paid,1.99,Everyone,Tools,2018-07-24,5.2,5.0 and up
Signal Info,TOOLS,4.6,424,3.5,10000.0,Free,0.0,Everyone,Tools,2017-12-19,0.11,6.0 and up
SS-MSS&DU,TOOLS,4.4,875,8.5,100000.0,Free,0.0,Everyone,Tools,2017-12-31,0.0,5.1 and up
Wi-Fi Auto-connect,COMMUNICATION,3.8,15036,253.0,1000000.0,Free,0.0,Everyone,Communication,2015-08-01,0.0,1.6 and up
SWHP,COMMUNICATION,3.7,197,957.0,10000.0,Paid,2.99,Everyone,Communication,2016-02-10,1.0,2.2 and up
PWHP,COMMUNICATION,3.7,481,420.0,10000.0,Paid,0.99,Everyone,Communication,2015-12-16,0.0,2.3 and up
Avast Wi-Fi Finder,PRODUCTIVITY,4.3,37277,13.0,1000000.0,Free,0.0,Everyone,Productivity,2018-02-26,0.0,4.0.3 and up
PFIFC,PRODUCTIVITY,4.5,112,2.4,1000.0,Paid,7.99,Everyone,Productivity,2017-03-16,3.0,4.0.3 and up
LHPM,TOOLS,3.5,154,3.4,10000.0,Free,0.0,Everyone,Tools,2016-09-06,0.0,6.0 and up
W-FFWC&FWM,COMMUNICATION,4.0,13469,5.1,1000000.0,Free,0.0,Everyone,Communication,2018-06-05,0.0,4.0 and up
Safe Wi-Fi,PRODUCTIVITY,2.9,32,9.7,1000.0,Free,0.0,Everyone,Productivity,2018-08-03,0.0,4.4 and up
[root] Pry-Fi,TOOLS,3.9,6736,72.0,500000.0,Free,0.0,Everyone,Tools,2014-02-02,1.2,4.2 and up
WMP-AOWN,TOOLS,4.6,85,2.4,1000.0,Paid,2.99,Everyone,Tools,2018-07-05,1.9,4.0 and up
Candy simply-Fi,LIFESTYLE,2.1,2390,35.0,100000.0,Free,0.0,Everyone,Lifestyle,2018-07-17,0.0,4.4 and up
SCI-FI UI,FAMILY,4.7,15,3.9,100.0,Paid,1.99,Everyone,Entertainment,2018-04-16,0.0,1.6 and up
WRUK,TOOLS,4.5,142,26.0,5000.0,Paid,1.0,Everyone,Tools,2011-06-26,0.0,2.1 and up
WSS,TOOLS,4.1,479,29.0,50000.0,Free,0.0,Everyone,Tools,2013-12-13,1.4,1.6 and up
Wi-Fi Master,TOOLS,4.5,3673,5.8,500000.0,Free,0.0,Everyone,Tools,2018-07-24,0.0,4.1 and up
Micro Fi,FAMILY,3.7,39,2.8,5000.0,Free,0.0,Everyone,Education,2014-02-12,2.4,2.3.3 and up
fi,FAMILY,2.9,691,5.8,100000.0,Free,0.0,Everyone,Strategy,2016-06-08,0.0,4.0 and up
PWHF,COMMUNICATION,4.0,1711,2.1,100000.0,Free,0.0,Everyone,Communication,2018-01-11,0.0,2.3 and up
Wi-Fi Networks,PRODUCTIVITY,4.2,115,1.4,10000.0,Free,0.0,Everyone,Productivity,2015-10-05,1.4,4.1 and up
FI CFL,FINANCE,3.7,112,3.9,10000.0,Free,0.0,Everyone,Finance,2018-07-05,0.0,5.0 and up
Tassa.fi Finland,LIFESTYLE,3.6,346,7.5,50000.0,Free,0.0,Everyone,Lifestyle,2018-05-22,5.5,4.0 and up
T|WE,COMMUNICATION,3.9,2372,58.0,500000.0,Free,0.0,Everyone,Communication,2018-08-02,0.0,4.2 and up
Jazz Wi-Fi,COMMUNICATION,3.4,49,4.0,10000.0,Free,0.0,Everyone,Communication,2017-02-10,0.1,2.3 and up
Xposed Wi-Fi-Pwd,PERSONALIZATION,3.5,1042,404.0,100000.0,Free,0.0,Everyone,Personalization,2014-08-05,0.0,4.0.3 and up
OWFW,TOOLS,4.2,134203,4.1,10000000.0,Free,0.0,Everyone,Tools,2018-08-07,0.0,4.4 and up
Sat-Fi Voice,COMMUNICATION,3.4,37,14.0,1000.0,Free,0.0,Everyone,Communication,2014-11-21,0.0,2.2 and up
Wi-Fi Visualizer,TOOLS,3.9,132,2.6,50000.0,Free,0.0,Everyone,Tools,2017-05-17,0.0,2.3 and up
LIW,LIFESTYLE,3.0,552,7.6,50000.0,Free,0.0,Everyone,Lifestyle,2017-03-22,0.0,2.3.3 and up
SSAR,PERSONALIZATION,3.6,128,11.0,10000.0,Free,0.0,Everyone,Personalization,2017-09-27,4.0,4.0 and up
Sci Fi Sounds,FAMILY,3.2,4,8.0,1000.0,Free,0.0,Everyone,Entertainment,2017-11-02,1.0,4.0 and up
Free Wi-fi HotspoT,COMMUNICATION,4.1,382,2.3,50000.0,Free,0.0,Everyone,Communication,2018-07-20,2.5,4.0 and up
F4COD,FAMILY,4.1,3543,49.0,500000.0,Free,0.0,Everyone,Simulation,2017-01-04,1.1,2.3 and up
F4CSD,FAMILY,4.2,1619,43.0,500000.0,Free,0.0,Everyone,Simulation,2018-06-04,1.3,4.0 and up
WTFC,PERSONALIZATION,4.2,78,10.0,10000.0,Free,0.0,Everyone,Personalization,2016-06-20,1.0,2.3.3 and up
"FFJ,CG",GAME,4.7,32,24.0,1000.0,Free,0.0,Teen,Arcade,2018-07-11,0.24,4.3 and up
FDML,AUTO_AND_VEHICLES,4.6,107,27.0,10000.0,Free,0.0,Everyone,Auto & Vehicles,2017-11-06,0.0,4.1 and up
DNPS2,FAMILY,4.5,15,46.0,1000.0,Free,0.0,Everyone,Simulation,2017-05-31,1.0,2.3 and up
Offroad Cruiser,FAMILY,4.3,42432,36.0,1000000.0,Free,0.0,Everyone,Simulation,2016-07-13,1.3,2.3.3 and up
HTTC7,PERSONALIZATION,4.5,86,17.0,10000.0,Free,0.0,Teen,Personalization,2016-10-02,1.0,2.3.3 and up
TC&TM,TRAVEL_AND_LOCAL,4.5,10,8.0,500.0,Free,0.0,Everyone,Travel & Local,2018-03-14,0.0,4.4 and up
4XOS3TSD2,FAMILY,4.4,32,37.0,1000.0,Free,0.0,Everyone,Simulation,2017-12-06,1.0,2.3 and up
CS-KC,FAMILY,4.3,30668,33.0,5000000.0,Free,0.0,Everyone,Casual;Pretend Play,2018-07-16,0.0,4.0.3 and up
OS4:R,FAMILY,4.2,109,25.0,10000.0,Free,0.0,Everyone,Simulation,2017-04-15,1.4,2.3 and up
HTTC2,PERSONALIZATION,3.7,3,15.0,100.0,Free,0.0,Teen,Personalization,2016-10-01,1.0,2.3.3 and up
O4CD,FAMILY,4.3,26224,43.0,1000000.0,Free,0.0,Everyone,Simulation,2017-04-29,0.0,2.3 and up
MBJ3,FAMILY,4.0,105954,43.0,10000000.0,Free,0.0,Teen,Simulation,2018-06-05,0.0,4.1 and up
OD:4DG,GAME,3.5,2071,36.0,100000.0,Free,0.0,Everyone,Racing,2018-06-29,0.0,4.1 and up
HS-SS,FAMILY,4.2,38473,23.0,10000000.0,Free,0.0,Everyone,Casual;Pretend Play,2018-04-11,0.0,4.1 and up
Rope Hero: Vice Town,GAME,4.4,452589,99.0,10000000.0,Free,0.0,Mature 17+,Action,2018-07-01,2.2,4.0 and up
D4LSJ,GAME,4.2,2183,46.0,500000.0,Free,0.0,Everyone,Racing,2018-07-10,1.12,2.3 and up
Motocross Mayhem,GAME,3.8,35171,45.0,1000000.0,Free,0.0,Everyone,Racing,2014-02-11,1.2,2.3 and up
Funny Jokes,FAMILY,3.9,2505,2.9,100000.0,Free,0.0,Mature 17+,Entertainment,2018-06-18,1.2,4.1 and up
FSFP3,FAMILY,4.0,660613,21.0,50000000.0,Free,0.0,Everyone,Simulation,2017-03-01,1.32,2.3 and up
MFS,FAMILY,3.8,22570,35.0,1000000.0,Free,0.0,Everyone,Simulation,2017-01-09,1.2,2.3.3 and up
DDK3–DTRHG,GAME,3.6,182,41.0,50000.0,Free,0.0,Teen,Adventure,2018-03-01,2.1,4.1 and up
Fast Notes FJ,PRODUCTIVITY,4.2,12,2.2,500.0,Free,0.0,Everyone,Productivity,2014-08-12,0.0,2.2 and up
BG3HH,GAME,3.8,16282,35.0,1000000.0,Free,0.0,Teen,Action,2017-10-09,0.0,2.3 and up
DSTCS,FAMILY,3.7,187,54.0,10000.0,Free,0.0,Everyone,Simulation,2017-11-12,1.0,4.0 and up
NGSW3,GAME,4.0,103199,44.0,10000000.0,Free,0.0,Teen,Action,2018-08-02,0.0,4.2 and up
Drift Legends,GAME,4.2,33788,27.0,1000000.0,Free,0.0,Everyone,Racing,2018-03-29,0.0,4.1 and up
FK,MEDICAL,4.4,1517,8.5,100000.0,Free,0.0,Everyone,Medical,2018-07-13,0.0,2.3 and up
FKWOMAF,FAMILY,4.4,129542,63.0,1000000.0,Free,0.0,Everyone,Strategy;Creativity,2018-07-23,0.0,4.0.3 and up
FK Željezničar,SPORTS,4.9,1420,20.0,10000.0,Free,0.0,Everyone,Sports,2018-07-12,0.0,4.2 and up
FK CLASSIC FOR YOU,BUSINESS,5.0,1,3.5,10.0,Free,0.0,Everyone,Business,2018-02-20,0.0,4.0 and up
KMFFK✨,TOOLS,4.8,12700,10.0,100000.0,Paid,3.49,Everyone,Tools,2018-08-03,0.0,5.0 and up
RFCP,FINANCE,4.0,67,2.4,10000.0,Paid,2.99,Everyone,Finance,2017-07-03,4.0,3.2 and up
Toy Truck Rally 3D,GAME,4.0,301895,25.0,50000000.0,Free,0.0,Everyone,Racing,2018-05-23,0.0,4.1 and up
FK Crvena zvezda,SPORTS,4.9,1211,15.0,10000.0,Free,0.0,Everyone,Sports,2018-01-22,0.0,4.4 and up
PRO MX MOTOCROSS 2,GAME,3.8,25275,21.0,5000000.0,Free,0.0,Everyone,Racing,2017-08-11,1.1,2.3 and up
FK Željezničar Izzy,FAMILY,4.9,119,17.0,1000.0,Free,0.0,Everyone,Entertainment,2016-11-18,1.0,4.4 and up
FK Atlantas,SPORTS,1.5,2,26.0,5.0,Free,0.0,Everyone,Sports,2018-02-21,1.0,4.1 and up
FK Dedinje BGD,SPORTS,5.0,36,2.6,100.0,Free,0.0,Everyone,Sports,2017-02-11,1.1,4.0 and up
FCZI,TOOLS,4.8,1456,15.0,50000.0,Free,0.0,Everyone,Tools,2016-11-14,1.2,4.4 and up
Crazy Freekick,SPORTS,3.9,47688,17.0,5000000.0,Free,0.0,Everyone,Sports,2016-05-18,0.0,2.3 and up
FL State Parks Guide,TRAVEL_AND_LOCAL,3.7,871,45.0,100000.0,Free,0.0,Everyone,Travel & Local,2017-10-27,0.0,4.4 and up
FSFR,SPORTS,4.6,60,24.0,1000.0,Paid,1.99,Everyone,Sports,2014-03-07,1.03,2.2 and up
PTFFD,FAMILY,4.7,246,11.0,10000.0,Free,0.0,Everyone,Education,2017-10-12,0.0,4.1 and up
FL Lottery Results,FAMILY,4.6,1481,3.1,50000.0,Free,0.0,Teen,Entertainment,2018-03-31,3.7,4.1 and up
FDPT-,FAMILY,4.3,87,30.0,10000.0,Free,0.0,Everyone,Education,2018-02-15,0.0,4.4 and up
LRF,FAMILY,4.2,582,3.2,100000.0,Free,0.0,Teen,Entertainment,2018-01-22,4.0,4.0 and up
SGFFL,FAMILY,4.6,25,5.6,5000.0,Free,0.0,Everyone,Entertainment,2018-07-04,1.11,4.0.3 and up
"Charlotte County, FL",PRODUCTIVITY,4.7,10,7.1,1000.0,Free,0.0,Everyone,Productivity,2017-02-23,0.0,4.0.3 and up
RFFL,NEWS_AND_MAGAZINES,4.6,146,7.1,10000.0,Free,0.0,Everyone,News & Magazines,2017-02-28,3.0,4.1 and up
CLT-F,FAMILY,2.0,27,31.0,5000.0,Free,0.0,Teen,Entertainment,2017-10-17,2.1,4.0.3 and up
Fish|Hunt FL,LIFESTYLE,3.6,853,34.0,100000.0,Free,0.0,Everyone,Lifestyle,2018-03-22,0.0,4.1 and up
Florida 511,TOOLS,3.2,148,9.2,50000.0,Free,0.0,Everyone,Tools,2017-08-14,0.0,4.0.3 and up
Florida Storms,WEATHER,3.8,116,36.0,10000.0,Free,0.0,Everyone,Weather,2017-12-26,0.0,4.4 and up
FRM2L,SPORTS,4.0,1338,15.0,100000.0,Free,0.0,Everyone,Sports,2018-03-17,1.18,3.0 and up
FT&W,WEATHER,3.8,30,2.0,1000.0,Paid,6.99,Everyone,Weather,2015-05-06,0.0,2.3 and up
FL Tax-Verify,BUSINESS,3.8,17,6.1,5000.0,Free,0.0,Everyone,Business,2016-11-09,0.0,4.0 and up
FRM2P,SPORTS,4.4,656,22.0,5000.0,Paid,0.99,Everyone,Sports,2016-03-12,0.858,3.0 and up
LDFR,FAMILY,4.4,70,4.4,5000.0,Free,0.0,Teen,Entertainment,2017-04-16,2.5,4.1 and up
Florida Travel Guide,TRAVEL_AND_LOCAL,3.8,11,86.0,1000.0,Free,0.0,Everyone,Travel & Local,2018-07-11,0.0,4.1 and up
TFTG,TRAVEL_AND_LOCAL,4.3,100,13.0,5000.0,Free,0.0,Everyone,Travel & Local,2017-04-01,0.0,4.1 and up
F-PB,BOOKS_AND_REFERENCE,4.6,7,12.0,1000.0,Free,0.0,Everyone,Books & Reference,2018-03-19,0.0,4.4 and up
LTC-FR&L,TOOLS,1.0,3,41.0,500.0,Free,0.0,Everyone,Tools,2017-12-12,1.0,4.2 and up
FS(C,BOOKS_AND_REFERENCE,3.2,5,8.2,1000.0,Free,0.0,Everyone,Books & Reference,2017-10-21,1.5,4.4 and up
DCF,LIFESTYLE,4.7,40,8.0,1000.0,Free,0.0,Teen,Lifestyle,2018-06-25,0.0,4.1 and up
FRM2P,SPORTS,4.3,340,15.0,5000.0,Paid,1.99,Everyone,Sports,2018-03-17,1.18,3.0 and up
FDLT,FAMILY,4.5,65,470.0,5000.0,Free,0.0,Everyone,Education,2016-01-30,2.0,2.1 and up
FFDT2,FAMILY,4.1,665,5.3,50000.0,Free,0.0,Everyone,Education,2018-05-24,8.1,4.0.3 and up
Canvas FL,FAMILY,4.9,36,9.4,1000.0,Free,0.0,Teen,Education,2018-06-25,0.0,4.1 and up
FLR,NEWS_AND_MAGAZINES,4.1,763,2.2,100000.0,Free,0.0,Everyone,News & Magazines,2015-12-18,2.0,2.3.3 and up
FCSH,PRODUCTIVITY,4.2,6,43.0,500.0,Free,0.0,Everyone,Productivity,2018-07-27,0.0,4.4 and up
RI-F,HEALTH_AND_FITNESS,3.5,143,226.0,10000.0,Free,0.0,Everyone,Health & Fitness,2013-06-12,1.1,2.2 and up
Florida Keys,TRAVEL_AND_LOCAL,4.2,92,20.0,10000.0,Free,0.0,Everyone,Travel & Local,2017-04-06,4.1,4.0.3 and up
SFAM,LIFESTYLE,5.0,10,21.0,1000.0,Free,0.0,Everyone,Lifestyle,2018-05-24,2.18,4.1 and up
FTG-T,TRAVEL_AND_LOCAL,3.8,80,37.0,10000.0,Free,0.0,Everyone,Travel & Local,2018-07-30,3.21,4.0 and up
FSG,SPORTS,4.7,1566,26.0,50000.0,Free,0.0,Everyone,Sports,2018-07-13,0.0,4.1 and up
NBF,NEWS_AND_MAGAZINES,4.5,76,7.8,5000.0,Free,0.0,Everyone,News & Magazines,2018-07-03,5.0,4.4 and up
TCDF,LIFESTYLE,5.0,33,28.0,500.0,Free,0.0,Everyone,Lifestyle,2018-05-07,0.0,2.3.3 and up
FL Drone 2,PHOTOGRAPHY,3.3,41,7.8,5000.0,Free,0.0,Everyone,Photography,2017-08-17,0.0,2.2 and up
BBJF,LIFESTYLE,5.0,14,2.6,100.0,Free,0.0,Everyone,Lifestyle,2017-10-13,2.4,4.0.3 and up
UOF,FAMILY,4.0,168,7.6,10000.0,Free,0.0,Everyone,Education,2017-10-02,2.0,4.1 and up
OSBF,NEWS_AND_MAGAZINES,4.5,75,8.1,5000.0,Free,0.0,Everyone,News & Magazines,2018-07-25,5.1,4.4 and up
ACSF,LIFESTYLE,3.2,5,9.5,100.0,Free,0.0,Everyone,Lifestyle,2015-05-13,1.0,4.0 and up
LR-MMPLU,NEWS_AND_MAGAZINES,4.5,14221,1.8,1000000.0,Free,0.0,Teen,News & Magazines,2015-12-11,0.0,2.3.3 and up
Jax Sheriff (FL),LIFESTYLE,4.2,53,16.0,5000.0,Free,0.0,Everyone,Lifestyle,2018-06-25,0.0,4.1 and up
HOFVAFG,FAMILY,3.7,126,45.0,10000.0,Free,0.0,Everyone,Casual,2018-06-18,1.4,4.0.3 and up
WNC8-TF,NEWS_AND_MAGAZINES,3.8,133,14.0,10000.0,Free,0.0,Everyone,News & Magazines,2018-07-18,0.0,5.0 and up
FBWH,TRAVEL_AND_LOCAL,5.0,3,12.0,100.0,Free,0.0,Everyone,Travel & Local,2015-12-30,0.0,4.1 and up
My MLS App,LIFESTYLE,4.1,1213,13.0,100000.0,Free,0.0,Everyone,Lifestyle,2018-06-04,0.0,4.0.3 and up
EFM,BUSINESS,2.9,97,9.9,10000.0,Free,0.0,Everyone,Business,2018-06-13,0.0,4.0.3 and up
PCUOF,FINANCE,4.7,178,12.0,1000.0,Free,0.0,Everyone,Finance,2018-06-12,0.0,5.0 and up
Florida Wildflowers,FAMILY,5.0,5,69.0,1000.0,Free,0.0,Everyone,Education,2017-07-10,1.5,4.1 and up
Florida Blue,HEALTH_AND_FITNESS,3.2,499,34.0,100000.0,Free,0.0,Everyone,Health & Fitness,2018-07-10,0.0,7.0 and up
Florida Tech Mobile,FAMILY,3.8,87,5.4,5000.0,Free,0.0,Everyone,Education,2016-09-13,5.2,4.1 and up
FORM,TRAVEL_AND_LOCAL,3.8,144,8.7,10000.0,Free,0.0,Everyone,Travel & Local,2014-10-02,5.0,2.3.3 and up
Florida Map offline,TRAVEL_AND_LOCAL,4.6,8,18.0,1000.0,Free,0.0,Everyone,Travel & Local,2018-06-22,1.73,4.3 and up
TL-LF,NEWS_AND_MAGAZINES,4.6,89,5.7,5000.0,Free,0.0,Everyone,News & Magazines,2018-02-17,5.0,4.4 and up
FRONTLINE COMMANDO,GAME,4.4,1351833,12.0,10000000.0,Free,0.0,Teen,Action,2013-10-28,0.0,2.1 and up
GFPD,LIFESTYLE,4.8,4,15.0,500.0,Free,0.0,Everyone,Lifestyle,2017-11-22,1.1,4.1 and up
GBT,MAPS_AND_NAVIGATION,4.2,63,1.6,10000.0,Free,0.0,Everyone,Maps & Navigation,2015-08-25,0.0,4.0 and up
Florida Today,NEWS_AND_MAGAZINES,3.3,202,38.0,10000.0,Free,0.0,Everyone 10+,News & Magazines,2018-06-20,0.0,5.0 and up
FHDL,FAMILY,3.9,14,11.0,1000.0,Free,0.0,Everyone,Education,2015-01-13,1.3,4.0 and up
WSVN - 7 News Miami,NEWS_AND_MAGAZINES,4.5,3320,14.0,100000.0,Free,0.0,Everyone,News & Magazines,2018-08-03,0.0,5.0 and up
FFBOF,FINANCE,4.3,133,30.0,10000.0,Free,0.0,Everyone,Finance,2018-05-23,0.0,5.0 and up
South Florida MLS,LIFESTYLE,4.4,133,13.0,10000.0,Free,0.0,Everyone,Lifestyle,2018-06-02,0.0,4.0.3 and up
PAF&OPBPF,NEWS_AND_MAGAZINES,4.6,66407,19.0,1000000.0,Free,0.0,Teen,News & Magazines,2018-07-25,0.0,4.0 and up
FN Cam,PHOTOGRAPHY,3.4,181,10.0,10000.0,Free,0.0,Everyone,Photography,2016-01-13,0.0,4.0.3 and up
HIWFSAR,FAMILY,4.6,44,45.0,10000.0,Free,0.0,Everyone,Casual,2018-01-09,0.0,4.0.3 and up
FYSA,SOCIAL,4.2,2093,7.0,100000.0,Free,0.0,Teen,Social,2018-03-08,3.36,4.2 and up
Ninja FN Button,FAMILY,4.8,12,12.0,1000.0,Free,0.0,Teen,Entertainment,2018-07-04,1.1,4.0 and up
Wallpapers FN SCAR H,PERSONALIZATION,5.0,4,9.2,100.0,Free,0.0,Teen,Personalization,2018-04-12,1.0,4.1 and up
FN,BUSINESS,5.0,14,3.3,50.0,Free,0.0,Everyone,Business,2018-02-01,1.0,4.0 and up
F N Bail Bonds,LIFESTYLE,3.8,4,14.0,500.0,Free,0.0,Everyone,Lifestyle,2017-01-06,1.4,4.0.3 and up
S·F1MB,FINANCE,2.9,139,3.3,10000.0,Free,0.0,Everyone,Finance,2017-06-19,0.0,4.0 and up
PFPE,PHOTOGRAPHY,4.6,8,9.0,1000.0,Free,0.0,Everyone,Photography,2016-12-04,1.0,2.3 and up
Bullet - FN Theme,PERSONALIZATION,3.8,143,240.0,5000.0,Free,0.0,Everyone,Personalization,2013-07-31,1.0,2.2 and up
Gun Builder ELITE,GAME,4.1,88941,34.0,1000000.0,Free,0.0,Teen,Action,2016-07-26,0.0,4.0 and up
M3GCS,GAME,4.5,16815,59.0,1000000.0,Free,0.0,Teen,Action,2018-08-04,1.0404,4.0.3 and up
CCPT,PERSONALIZATION,4.2,6,89.0,50.0,Paid,0.99,Everyone,Personalization,2013-08-09,1.0,2.2 and up
Pint - FN Theme,PERSONALIZATION,2.5,6,234.0,100.0,Free,0.0,Everyone,Personalization,2013-08-10,1.0,2.2 and up
HAL-9000 - FN Theme,PERSONALIZATION,3.5,159,257.0,10000.0,Free,0.0,Everyone,Personalization,2013-08-16,1.0,2.2 and up
Fresh News,NEWS_AND_MAGAZINES,4.4,2207,9.8,100000.0,Free,0.0,Everyone,News & Magazines,2018-07-26,41.0,4.1 and up
Fruit Ninja Classic,GAME,4.3,85468,36.0,1000000.0,Paid,0.99,Everyone,Arcade,2018-06-08,0.0,4.0.3 and up
Hunting Safari 3D,SPORTS,4.2,36183,20.0,5000000.0,Free,0.0,Teen,Sports,2018-01-20,1.4,2.1 and up
Gun Club Armory,GAME,4.2,55014,28.0,1000000.0,Free,0.0,Teen,Action,2017-12-04,0.0,4.1 and up
Ethical Hacking,FAMILY,4.1,128,3.2,10000.0,Free,0.0,Everyone,Education,2018-07-09,1.3,4.0.3 and up
Armed Cam Gun Pack,GAME,4.2,1012,50.0,10000.0,Free,0.0,Teen,Action,2015-01-18,0.0,3.0 and up
Zombie Defense,FAMILY,4.3,275048,41.0,10000000.0,Free,0.0,Teen,Strategy,2018-06-22,12.2,2.3 and up
Fo File Manager,TOOLS,4.5,1916,364.0,100000.0,Free,0.0,Everyone,Tools,2015-12-31,0.0,2.1 and up
A–CYI,SOCIAL,4.4,19,3.1,1000.0,Free,0.0,Everyone,Social,2018-05-29,0.0,4.1 and up
FO Bixby,PERSONALIZATION,5.0,5,861.0,100.0,Paid,0.99,Everyone,Personalization,2018-04-25,0.2,7.0 and up
Pin-fo,FAMILY,4.6,19,1.6,500.0,Free,0.0,Everyone,Entertainment,2016-08-15,32016.0,2.2 and up
Mu.F.O.,GAME,5.0,2,16.0,1.0,Paid,0.99,Everyone,Arcade,2017-03-03,1.0,2.3 and up
Fo Fo Fish,GAME,3.4,5,21.0,50.0,Free,0.0,Everyone,Arcade,2015-08-25,1.0,2.3 and up
NBGWFLKN,BUSINESS,4.6,7,2.0,500.0,Free,0.0,Everyone,Business,2017-08-24,0.0,2.3.3 and up
Stylish Fonts,PERSONALIZATION,3.8,153176,4.3,10000000.0,Free,0.0,Everyone,Personalization,2018-08-07,1.17,4.0.3 and up
4x4 Jeep Racer,GAME,4.1,7279,54.0,1000000.0,Free,0.0,Everyone,Racing,2018-03-09,1.5,4.0 and up
FR&C,SOCIAL,4.4,68358,7.2,5000000.0,Free,0.0,Mature 17+,Social,2016-05-07,3.22,4.1 and up
FarmersOnly Dating,DATING,3.0,1145,1.4,100000.0,Free,0.0,Mature 17+,Dating,2016-02-25,2.2,4.0 and up
FSM&VE,PHOTOGRAPHY,4.2,162564,11.0,10000000.0,Free,0.0,Everyone,Photography,2018-08-05,5.2,4.0 and up
FTBSFFS,GAME,4.2,9183,49.0,1000000.0,Free,0.0,Mature 17+,Action,2018-06-22,1.1,4.4 and up
BankNordik,FINANCE,3.9,28,15.0,5000.0,Free,0.0,Everyone,Finance,2018-08-08,0.0,5.0 and up
S-NVA,LIFESTYLE,4.2,31,25.0,1000.0,Free,0.0,Everyone,Lifestyle,2018-08-02,0.0,4.4 and up
FFTPB,COMMUNICATION,4.4,36981,4.0,1000000.0,Free,0.0,Everyone,Communication,2018-07-06,5.2,5.0 and up
Mad Dash Fo' Cash,GAME,5.0,14,16.0,100.0,Free,0.0,Everyone,Arcade,2017-06-19,2.5,4.1 and up
LTFLK2,PERSONALIZATION,4.0,649,11.0,100000.0,Free,0.0,Everyone,Personalization,2017-03-30,1.0,2.3.3 and up
Mobile Kick,SPORTS,4.3,111809,40.0,10000000.0,Free,0.0,Everyone,Sports,2018-02-07,0.0,4.1 and up
ETSD,BOOKS_AND_REFERENCE,4.6,60,3.7,10000.0,Free,0.0,Everyone,Books & Reference,2016-07-10,1.4,3.0 and up
Thumbnail Maker,PHOTOGRAPHY,4.4,26252,24.0,1000000.0,Free,0.0,Everyone,Photography,2018-05-26,1.7,4.2 and up
FWA–WC,TOOLS,4.1,222,16.0,50000.0,Free,0.0,Everyone,Tools,2018-07-26,0.0,4.4 and up
MFMP(EF,TOOLS,4.2,271908,8.1,10000000.0,Free,0.0,Everyone,Tools,2018-08-02,0.0,4.0 and up
MPC(,LIBRARIES_AND_DEMO,4.3,332083,6.3,10000000.0,Free,0.0,Everyone,Libraries & Demo,2018-04-23,0.0,4.0 and up
FP Notebook,MEDICAL,4.5,410,60.0,50000.0,Free,0.0,Everyone,Medical,2018-03-24,0.0,4.4 and up
FFGC,FAMILY,3.9,121321,46.0,5000000.0,Free,0.0,Everyone,Entertainment,2016-10-22,8.7,4.0.3 and up
Draw with FP sDraw,TOOLS,4.3,3268,467.0,100000.0,Free,0.0,Everyone,Tools,2017-12-16,6.6,2.0 and up
FCSC,PERSONALIZATION,3.5,178,1.4,10000.0,Free,0.0,Everyone,Personalization,2015-12-26,1.0,1.6 and up
FP Legacy,MAPS_AND_NAVIGATION,4.0,3,44.0,1000.0,Free,0.0,Everyone,Maps & Navigation,2018-07-02,0.0,4.0 and up
Race Manager FP,GAME,3.8,196,11.0,5000.0,Free,0.0,Everyone,Racing,2014-11-03,2.1,2.2 and up
FMP,COMMUNICATION,3.6,9894,39.0,500000.0,Free,0.0,Everyone,Communication,2018-07-26,0.0,4.1 and up
PhotoFunia,PHOTOGRAPHY,4.3,316378,4.4,10000000.0,Free,0.0,Everyone,Photography,2017-06-03,0.0,2.3 and up
FQA,TOOLS,4.2,8484,1.7,1000000.0,Free,0.0,Everyone,Tools,2018-07-22,0.0,6.0 and up
GFOC,LIFESTYLE,5.0,32,7.9,1000.0,Free,0.0,Everyone,Lifestyle,2017-12-31,0.0,4.4 and up
FP BW LCD View,FAMILY,3.4,16,1.2,500.0,Free,0.0,Everyone,Entertainment,2016-03-31,1.0,4.0.3 and up
FP Charging Daydream,PERSONALIZATION,3.5,96,3.8,5000.0,Free,0.0,Everyone,Personalization,2015-11-23,2.0,4.2 and up
FP Runner,GAME,3.7,38,29.0,1000.0,Free,0.0,Everyone,Arcade,2016-06-29,1.12,3.1 and up
FSG,TOOLS,4.2,2531,3.3,100000.0,Free,0.0,Everyone,Tools,2017-07-30,0.0,6.0 and up
FP FCU,FINANCE,3.6,48,26.0,5000.0,Free,0.0,Everyone,Finance,2018-04-05,0.0,4.0.3 and up
SC&S,SHOPPING,4.5,33599,12.0,1000000.0,Free,0.0,Everyone,Shopping,2018-07-30,3.9,4.4 and up
SCM FPS Status,BUSINESS,4.2,123,3.3,10000.0,Free,0.0,Everyone,Business,2018-04-28,3.5,2.3 and up
Hondata Mobile,MAPS_AND_NAVIGATION,4.3,334,676.0,10000.0,Free,0.0,Everyone,Maps & Navigation,2016-08-23,1.3,2.3.3 and up
FFFFD,TOOLS,4.4,58,2.5,5000.0,Free,0.0,Everyone,Tools,2018-07-24,0.0,4.1 and up
FSC,TOOLS,2.7,422,72.0,50000.0,Free,0.0,Everyone,Tools,2018-02-23,0.0,4.4 and up
FLSP,TOOLS,4.1,10786,4.3,1000000.0,Free,0.0,Everyone,Tools,2017-12-09,5.0,4.0 and up
Fast Tract Diet,HEALTH_AND_FITNESS,4.4,35,2.4,1000.0,Paid,7.99,Everyone,Health & Fitness,2018-08-08,0.0,4.2 and up
FP Разбитый дисплей,FAMILY,4.5,922,552.0,50000.0,Free,0.0,Everyone,Entertainment,2014-09-20,1.1,1.6 and up
FD,TOOLS,2.9,452,7.0,100000.0,Free,0.0,Everyone,Tools,2017-07-17,0.0,4.0.3 and up
NFP 2018,EVENTS,4.8,8,16.0,500.0,Free,0.0,Everyone,Events,2018-01-09,0.0,4.2 and up
MCTFS,GAME,4.0,795,41.0,100000.0,Free,0.0,Teen,Action,2017-08-29,1.2,2.3 and up
FQ METER,PRODUCTIVITY,3.9,17,2.4,1000.0,Free,0.0,Everyone,Productivity,2017-04-23,1.1,4.0 and up
Monster Ride Pro,GAME,5.0,1,24.0,10.0,Free,0.0,Everyone,Racing,2018-03-05,2.0,2.3 and up
BGV,GAME,3.9,404,2.2,100000.0,Free,0.0,Everyone,Arcade,2017-08-30,1.2,4.0 and up
Union League,FAMILY,4.0,939,38.0,10000.0,Free,0.0,Everyone,Role Playing,2018-06-08,0.0,4.1 and up
FQS,FAMILY,3.6,135,75.0,10000.0,Free,0.0,Everyone 10+,Role Playing,2018-06-01,1.022,4.4 and up
MC3FMB3,FAMILY,4.1,17,50.0,1000.0,Free,0.0,Everyone,Strategy,2018-03-16,15.0,4.1 and up
Modern Strike Online,GAME,4.3,834117,44.0,10000000.0,Free,0.0,Teen,Action,2018-07-30,0.0,4.1 and up
T2CS,GAME,3.8,252,11.0,10000.0,Paid,16.99,Teen,Action,2015-02-27,2.22,5.0 and up
MCTA–SG,GAME,4.2,340,72.0,50000.0,Free,0.0,Mature 17+,Action,2017-10-27,1.0,4.1 and up
Big Hunter,GAME,4.3,245455,84.0,10000000.0,Free,0.0,Everyone 10+,Action,2018-05-31,0.0,4.0 and up
"sugar, sugar",FAMILY,4.2,1405,9.5,10000.0,Paid,1.2,Everyone,Puzzle,2018-06-05,2.7,2.3 and up
ChopAssistant,TOOLS,4.2,455,2.8,50000.0,Free,0.0,Everyone,Tools,2017-02-28,1.6,6.0 and up
MCGS3,GAME,4.1,297,48.0,50000.0,Free,0.0,Teen,Action,2018-03-28,1.2,4.1 and up
MCGS3V,GAME,4.0,368,48.0,50000.0,Free,0.0,Everyone 10+,Action,2018-03-28,1.7,4.1 and up
H-BV,COMMUNICATION,4.1,1035,20.0,50000.0,Free,0.0,Everyone,Communication,2018-08-07,0.0,4.1 and up
Winter Wonderland,GAME,4.0,1287,38.0,50000.0,Free,0.0,Everyone,Word,2013-12-18,1.0,2.2 and up
SCLQ,GAME,4.2,21661,16.0,1000000.0,Free,0.0,Everyone,Trivia,2018-05-24,0.0,4.0 and up
Sid Story,GAME,4.4,28510,78.0,500000.0,Free,0.0,Teen,Card,2018-08-01,0.0,4.0.3 and up
RV-PV,TOOLS,4.2,7339,4.0,100000.0,Free,0.0,Everyone,Tools,2018-05-10,1.74,4.1 and up
IV-GP&UFWV,TOOLS,4.7,61445,7.8,1000000.0,Free,0.0,Everyone,Tools,2018-07-26,0.0,4.1 and up
FRP,LIFESTYLE,4.6,32433,46.0,1000000.0,Free,0.0,Everyone,Lifestyle,2018-06-26,0.0,5.0 and up
Fr Daoud Lamei,SOCIAL,4.7,2036,6.8,100000.0,Free,0.0,Everyone,Social,2018-05-20,1.72,4.0.3 and up
FR Roster,TOOLS,4.1,174,12.0,5000.0,Free,0.0,Everyone,Tools,2018-07-30,6.04,4.4 and up
Fr Ignacio Outreach,FAMILY,4.9,52,19.0,1000.0,Free,0.0,Everyone,Education,2018-01-19,1.0,4.4 and up
FR: My Famous Lover,FAMILY,4.0,185,28.0,10000.0,Free,0.0,Teen,Entertainment,2015-08-06,0.0,3.0 and up
FR-NMF,GAME,4.3,56496,81.0,1000000.0,Free,0.0,Teen,Action,2018-08-07,0.0,4.0 and up
Poker Pro.Fr,GAME,4.2,5442,17.0,100000.0,Free,0.0,Teen,Card,2018-05-22,0.0,2.3 and up
Scoreboard FR,LIFESTYLE,4.3,3,15.0,100.0,Free,0.0,Everyone,Lifestyle,2018-08-07,2.1,4.2 and up
CCRWASF,FAMILY,4.7,376223,24.0,1000000.0,Free,0.0,Everyone,Strategy,2018-07-18,0.0,4.1 and up
Fr Lupupa Sermons,BUSINESS,4.8,19,21.0,100.0,Free,0.0,Everyone,Business,2018-06-12,1.0,4.4 and up
Fr Agnel Pune,FAMILY,4.1,80,13.0,1000.0,Free,0.0,Everyone,Education,2018-06-13,0.0,4.0.3 and up
FR: My Secret Pets! ,FAMILY,4.0,785,31.0,50000.0,Free,0.0,Teen,Entertainment,2015-06-03,0.0,3.0 and up
GD(,BOOKS_AND_REFERENCE,4.2,5775,4.9,500000.0,Free,0.0,Everyone,Books & Reference,2018-07-19,0.0,4.2 and up
HTC Sense Input - FR,TOOLS,4.0,885,8.0,100000.0,Free,0.0,Everyone,Tools,2015-10-30,0.0,5.0 and up
Fanfic-FR,BOOKS_AND_REFERENCE,3.3,52,3.6,5000.0,Free,0.0,Teen,Books & Reference,2017-08-05,0.0,4.1 and up
Fr. Daoud Lamei,FAMILY,5.0,22,8.6,1000.0,Free,0.0,Teen,Education,2018-06-27,0.0,4.1 and up
Fr Agnel Ambarnath,FAMILY,4.2,117,13.0,5000.0,Free,0.0,Everyone,Education,2018-06-13,0.0,4.0.3 and up
M-AV,COMICS,3.4,291,13.0,10000.0,Free,0.0,Everyone,Comics,2017-05-15,0.0,4.0 and up
BFDF,BOOKS_AND_REFERENCE,4.6,603,7.4,10000.0,Free,0.0,Everyone,Books & Reference,2016-06-19,2.96,4.1 and up
News Minecraft.fr,NEWS_AND_MAGAZINES,3.8,881,2.3,100000.0,Free,0.0,Everyone,News & Magazines,2014-01-20,1.5,1.6 and up
FR Tides,WEATHER,3.8,1195,582.0,100000.0,Free,0.0,Everyone,Weather,2014-02-16,6.0,2.1 and up
Chemin (fr),BOOKS_AND_REFERENCE,4.8,44,619.0,1000.0,Free,0.0,Everyone,Books & Reference,2014-03-23,0.8,2.2 and up
FR Calculator,FAMILY,4.0,7,2.6,500.0,Free,0.0,Everyone,Education,2017-06-18,0.0,4.1 and up
Sya9a Maroc - FR,FAMILY,4.5,38,53.0,5000.0,Free,0.0,Everyone,Education,2017-07-25,1.48,4.1 and up
FMSAT,FAMILY,5.0,4,3.6,100.0,Free,0.0,Everyone,Education,2018-07-06,1.0,4.1 and up

